identity_key,korean_name,other_names_or_codes,record_type,final_tier,ga_window,faction_or_org,function_summary,tier_evidence,source_docs,alias_merge_hints,aliases
rian-calder,리안 칼데르,P-001,PERSON,PROTAGONIST,GA1-10,교도학원→공동함대→전환조정,회귀 주인공; 생도→에이스→한정 원정지휘→GA9 18h 중앙키→GA10 60일 전환 명령작곡가→상비키 없는 시민,master-series-chronology §4; ga10-e1076-1100 §2; ga9-e976-1000 §2,name-lock; chronology; checkpoint-matrix; 전 GA 캐스트 문서군,전 배치의 P-001/Rian/Rian Calder 동일 확정; errata-005 개명 이력(카르도→칼데르),P-001; Rian; Rian Calder; 리안 카르도(구명); Transitional Composer(한시)
haren-doan,하렌 도안,H-001,PERSON,CORE_ALLY,GA1-10,보호공동체→상호항로연합,병참·항로 천재 생도; 항로연합 설계자; GA7 D4 서명·유죄판결·제재(14개월형·12년 지휘금지·15년 배상); GA10 선출 조정위원; 원 시간선 피의 제독 축,checkpoint-matrix H-001 표; errata-004; ga7-e741-765 §1,name-lock; checkpoint-matrix; h001-bible; ga7 문서군; ga10 문서군,H-001=Haren=하렌 도안 확정(checkpoint·rian-index 코어 명단); GA7 이후 도덕적 적대축 겸직 — 최고 반복성 기준 CORE_ALLY 유지,H-001; Haren; 항로조정관; 피의 제독(부과 라벨); Route Emergency Executor 10-3-2(한시); D4 holder(전)
nera-vick,네라 비크,H-002,PERSON,CORE_ALLY,GA1-10,개방정비·기술공유망,07 개조 책임·개방규격 설계자; 인증 대 즉흥개조 갈등축; GA10 기술·안전 보드; 공식 실종기록은 저작권 폐쇄 이벤트,checkpoint-matrix H-002 표; e45 §7; ledger §34,name-lock; checkpoint-matrix; h002-bible; e45-incident; officeholders-ledger,H-002=Nera=네라 비크 확정; ENG-001은 베라 토른에게 귀속(비크 아님),H-002; Nera; Nera Vick; 네라 빅(표기변형); 열두 함대의 설계자
serin-or,세린 오르,S-001,PERSON,CORE_ALLY,GA1-10,기록·출처·감사,기록감사자·Authority F 번역 수탁자; 강요 정보원 전력의 공모-속죄 아크; GA10 기록·출처 도메인 조정자,chronology §5 S-001; student-s001-bible; ledger §34,name-lock; chronology; student-s001-bible; e45-incident; officeholders-ledger,S-001=Serin=세린 오르 확정; GA5 관계락의 Serin 병합,S-001; Serin; 기록감사자; 권한 F 다원출처 번역자
mia-lentz,미아 렌츠,M-001,PERSON,CORE_ALLY,GA1-10,의료·최소서비스,의무·구조 생도; 의료중지권 보유; GA10 의료 최소선 도메인 조정자,chronology §5 M-001; student-m001-bible; ledger §34,name-lock; chronology; student-m001-bible; officeholders-ledger,M-001=Mia=미아 렌츠 확정; GA3/GA5 관계락의 Mia 병합; 소렌 미아→소렌 비아 개명으로 충돌 해소,M-001; Mia; Mia Lentz; 변경 응급의료관
ern-varka,에른 바르카,E-001,PERSON,CORE_ANTAGONIST_RIVAL,GA1-10,독립·해방망(Liberation Network),독립 해방 작전가·적 에이스; 리안에 결코 종속되지 않는 동맹·경쟁 축; White Dock 미발포 진실 보유; GA10 프런티어·이동측 전환 행위자,chronology §5 E-001(never P-001 subordinate); e001-bible §1·§6,name-lock; chronology; checkpoint-matrix; e001-bible; white-dock-focals; officeholders-ledger,E-001=Ern Varka 최종 잠금(checkpoint); 백선/White Line은 호출부호(e001-bible 잠정) — 동일인 병합; rian-index 코어 명단 포함이나 독립 라이벌 축 유지,E-001; Ern; 백선; White Line(호출부호); enemy ace; 독립항로 운항자
isa-bell,이사 벨,AU-H; CLM-04,PERSON,CORE_ANTAGONIST_RIVAL,GA4-10,아우렐 연속성 관리국,아우렐 인간 집행관(GA4 전면); 문명연속성수탁자 청구축; GA8 경계 있는 시드 승인; GA9 강경 남용 반대; GA10 첫 이양 실패 후 사임,aurel-timeline §4-5; ledger §5; succession-table §2,aurel-timeline; a001; ga4-frontstage-claimants; ga4-final; officeholders-ledger; succession-table,a001의 미명명 인간 국장=이사 벨(aurel-timeline GA4 잠금); CLM-04 확정 인물(succession-table Isa/Aurel Custodian); GA5-7 Aurel/Isa Bell 병기 병합; UNCERTAIN — CLM-04 귀속은 정본이 'A-001 또는 이전 재직자'로 열어둠(imperial-succession-law §CLM-04). 확정 아님,Isa Bell; AU-H; CLM-04; 문명연속성수탁자; 아우렐 인간 국장
aven-rho,아벤 로,A-001(GA8-10 현직); Continuity Director,PERSON,CORE_ANTAGONIST_RIVAL,GA8-10,연속성청→보존회랑연합,인간 연속성 국장; E876 Seed Bridge 활성화 주도·분리권한 위반; GA9 엔클레이브 아키텍트; GA10 검토받는 일반 기여자로 종결,ga8-e869-875 카드(A-001 named Aven Rho); ga8-e876-900; ga9·ga10 문서군,ga8 문서군; ga9 문서군; ga10 문서군; ga7-route-war-leaders,A-001=Aven Rho 명시(ga8 카드); 아벤 로/에이븐 로 한글 표기 혼재; Aven Rell(GA1)과 별개; Isa Bell과의 직위 승계 관계는 미해결,Aven Rho; A-001; Continuity Director; 아벤 로; 에이븐 로(표기변형)
elian-arzen,엘리안 아르젠,C-HEIR-001; CLM-01,PERSON,CORE_ANTAGONIST_RIVAL,GA4-10,황조 계승계/크라운,등록 왕조 상속자; 제위 청구 4축의 왕관 정통성 축; Compact v1 하 Crown Reference Office 초대 재임자; 에필로그까지 헌법적 청구자,name-lock §6; ga4-final §1; ledger §2,name-lock; ga4-frontstage-claimants; ga4-final; ga5 문서군; officeholders-ledger; succession-table,CLM-01 확정 인물(자격 일치); Elian Argen은 표기 변형; GA5 관계락 Elian/Crown 병합,Elian Arzen; Elian Argen(표기); C-HEIR-001; CLM-01; Registered Heir; 등록계승자; Crown Reference occupant
mara-velen,마라 벨렌,C-REG-001; CLM-02,PERSON,CORE_ANTAGONIST_RIVAL,GA4-10,민정 행정부,지명 섭정·수석 민정관; 청구 4축의 행정 역량 축; GA6 이후 협약 조정자로 축소; 에필로그 헌법 자문,name-lock §6; ga4-final §2; ledger §3,name-lock; ga4-frontstage-claimants; ga4-final; officeholders-ledger; succession-table,CLM-02 확정 인물(succession-table Mara/Regency),Mara Velen; C-REG-001; CLM-02; Designated Regent; 지명섭정
dor-kein,도르 케인,C-PRO-001; CLM-03,PERSON,CORE_ANTAGONIST_RIVAL,GA4-6,군부/비상 보호총감,비상 군사 보호자 청구축; 합법 비상권한으로 군권 통합 시도 후 협약 수용; GA6 사임; P-001의 미래 거울상,name-lock §6; ga4-final §3; ledger §4,name-lock; ga4-frontstage-claimants; ga4-final; ga5 문서군; officeholders-ledger; succession-table,CLM-03 확정 인물(Protector 일치); Dor Kain은 표기 변형; GA5 관계락 Dor 병합,Dor Kein; Dor Kain(표기); C-PRO-001; CLM-03; Emergency Protector; 비상호국관; Dor
kael-ors,,Commander Kael Ors,PERSON,IMPORTANT_EXTRA,GA9(E976-1000),연속성 엔클레이브 군사령부,엔클레이브 군사령관; 융합 지휘 주장·최후통첩·자격증명 잠금; E991 인증 함대지휘 상실; GA9 클라이맥스 군사 적대자,ga9-e976-1000 §4,ga9-e976-1000,PR-L03 실현체 후보이나 ledger는 야렌 코르를 PR-L03로 명명 — 코드 매핑 미해결; Kelin Ors와 별개; 표기 미확정(정본 한글명 없음)(센서스 임시음역: 카엘 오르스); F-검증 정정: 근거 단일 절(ga9-e976-1000 §4)·1개 문서 등장 — 반복성 기준 미달로 강등,Kael Ors
asel-varon,아셀 바론,OFC-001,PERSON,CORE_ANTAGONIST_RIVAL,GA5-6,독립 외곽전선(Eighth Screen),주 거부자(Main Rejecter) 축; E549 자율 승리로 62만명 보호; 헌장 미가입·별도 전역 사령관; 회유·전향 처리 금지 잠금,ga5-title §1; ga5-outerfront §1,ga5 문서군,FC-005 코드 부여 금지(ga5-title §9); D1 독립 야전함대 설계의 실현체,Asel Varon; OFC-001
rasa-ked,,RC9-001,PERSON,CORE_ANTAGONIST_RIVAL,GA5-6,회수열 9/적대 계약·금융망,구 계약보안 출신 회수열 지휘관; E533 생존 철수; 법률·금융 네트워크 존속; GA6 이후 정산 갈등의 존속 적대 축,ga5-outerfront §3; ga5 §9,ga5 문서군,사망·전향·완파 아님 명시 — 재등장 설계; 표기 미확정(정본 한글명 없음)(센서스 임시음역: 라사 케드),Rasa Ked; RC9-001
kar-vazen,카르 바젠,RF-L03,PERSON,RECURRING_SUPPORT,GA7,초토 거부 연합,경성 거부 사령; 하렌의 교리·직함 차용 초토화; 구금 또는 실각; GA7 국지 적대축,ledger §18; ga7-route-war-leaders RF-L03,officeholders-ledger; ga7-route-war-leaders; succession-table §6,sweep의 Kar(스코치드 셀)=Kar Vazen 병합; ledger 승격 후보 명시; F-검증 정정: 3개 문서 등장 — 적대 라벨이 아니라 반복성 기준으로 재배정,Kar Vazen; RF-L03; Kar; Scorched Route Commander
yaren-kor,야렌 코르,PR-L03(ledger),PERSON,CORE_ANTAGONIST_RIVAL,GA4-10,군부→캐스케이드 보안,보호총감 참모장→GA9 캐스케이드 보안 사령관(강제 동기화·선제 압류); GA10 관할권 만료,ledger §4·§30; succession-table §3·§8,officeholders-ledger; succession-table,ledger가 PR-L03 현직으로 명명 — GA9 최종 실현체 Kael Ors와의 관계 미해결; 아마 코르→아마 하크와 별개,Yaren Kor; PR-L03
della-os,델라 오스,Della Os,PERSON,IMPORTANT_EXTRA,GA9-10,보존체제 강경 분파,캐스케이드 보안 부사령→GA10 전환 실패를 명분 삼는 강경 분파 지도자; 합법적 중앙 지위 상실,ledger §30; succession-table §12,officeholders-ledger; succession-table,Della Wen(GA3)과 별개; F-검증 정정: 2개 문서 등장 — 반복성 기준 미달로 강등,Della Os
maren-dove,마렌 도브,CAP-001,PERSON,RECURRING_SUPPORT,GA2-10,파루스(NR72-118),첫 함선 선장; 안전·퇴선 최종 책임; 위험명령 거부로 정직됐던 전직 선장; GA6 이후 훈련장/구조소 마스터 전환 선택권,name-lock §3 CAP-001 잠금; ga2-crew-bible §3,name-lock; terminology-bible; ga2-first-ship-crew-bible; checkpoint-matrix,name-lock이 CAP-001=마렌 도브 잠금(GA2 bible의 UNLOCKED를 상회); GA5 관계락 Maren 병합(추정); Rami Ode와 별개,Maren Dove; CAP-001; 마렌 함장; Maren; First Ship master
vera-thorn,베라 토른,ENG-001,PERSON,RECURRING_SUPPORT,GA2-10,파루스 기관부,수석 기관장; 인증·원자로 기술정지 최종 권한; GA8+ 영구 팔·신경 부상으로 야전 은퇴(복원 금지); GA10 기술·안전 보드,name-lock §3 ENG-001 잠금; ga8-10 영구손실 명단 전 문서,name-lock; terminology-bible; ga2-crew-bible; ga7-10 문서군; officeholders-ledger,ENG-001=베라 토른 잠금; 베라 콜(SG-D04)과 별개; 한글 표기 토른/손 혼재,Vera Thorn; ENG-001; 베라 기관장; 베라 손(표기변형)
luka-sel,루카 셀,NAV-001,PERSON,RECURRING_SUPPORT,GA2-10,파루스 항해부,항법사·노드 조종사; Lumen/Kael 항로 자격; 안전 역치 이하 천이 거부권,name-lock §3 NAV-001 잠금; ga2-e108-114 카드,name-lock; terminology-bible; ga2-crew-bible,NAV-001=루카 셀 잠금,Luka Sel; NAV-001
theo-marn,테오 마른,Q-001,PERSON,RECURRING_SUPPORT,GA2-10,파루스 사무부,보급·화물·임금·권리 청구 담당; 적하·부채·승객 할당의 법적 실체화,name-lock §3 Q-001 잠금,name-lock; terminology-bible; ga2-crew-bible; h001-roster,Q-001=테오 마른 잠금; 마른 성계와 발음충돌 관리,Theo Marn; Q-001
ella-savin,엘라 사빈,MED-001; OF-601,PERSON,RECURRING_SUPPORT,GA2-6(E680 사망; GA7-10 참조),파루스/프런티어 의료,면허 의료관; 미아의 상급자; 이송불가 환자와 잔류 후 E680 사망 잠금; 사후 기록이 동의로 작동 불가,name-lock §3 MED-001; roster §8 locked death E680,name-lock; ga2 문서군; ordinary-roster; ga7-10 영구손실 명단,MED-001=엘라 사빈 잠금; Savin/Sabin 표기 혼재; 사망 고정,Ella Savin; Ella Sabin(표기); MED-001; OF-601; 사빈 선생
dana-doan,다나 도안,PC-001,PERSON,RECURRING_SUPPORT,GA1-2,하렌 보호공동체,하렌의 법적 후견인·배급 조정자; H-001 학교계약 서명의 원죄 축; 공동체 독립 목소리,name-lock §4 PC-001 잠금; h001-focals §2-6,name-lock; h001-community-roster; h001-focals; checkpoint-matrix; errata-002,PC-001=다나 도안 잠금(h001 문서의 UNLOCKED 상회); 하렌과 성 공유는 등록 후견 신호,Dana Doan; PC-001; Guardian/Ration Coordinator
rivo-kas,리보 카스,PC-002,PERSON,RECURRING_SUPPORT,GA1-2·GA7 참조,하렌 보호공동체,동세대 친구·항로 급진화 축; GA2 호송 분쟁 초점; GA7 H-001 교리 반대 가능 재사용 명시,name-lock §4 PC-002; h001-roster §12,name-lock; h001-community-roster; h001-focals; checkpoint-matrix,PC-002=리보 카스 잠금; 리안/리보/리아 동시 전면 금지 규칙,Rivo Kas; PC-002; Rivo
orvan-sei,오르반 세이,PC-003,PERSON,RECURRING_SUPPORT,GA1-2·후기 회수,하렌 보호공동체/블랙워드 환자,신원폐쇄 기술자·멘토; 만성 치료 중; 공식 사망 처리된 생존자; 망각권 기초 사례로 후기 회수,name-lock §4 PC-003; h001-focals §11-14; ga1-e46-72 환자 초점,name-lock; h001 문서군; ga1 상태문서,PC-003=오르반 세이 잠금; 공동체 오르반·검은 병동 환자 오르반 세이 동일인 병합(신원폐쇄·만성치료 일치; sweep 경고 기록),Orvan Sei; PC-003; Orvan
ardo-rev,아르도 레브,FC-001; OR-STATE,PERSON,RECURRING_SUPPORT,GA5-6(E683 사망; GA7-10 참조),공동함대 통합사령(Legion Vanguard),통합·중앙 전투지휘 최강 옹호 제독; 멘토-라이벌; E683 보루의 맹세 함상 사망 잠금; 사후 승계 분할 기준점,name-lock §7 FC-001; ledger §6 dies E683,name-lock; ga5 문서군; ga6 문서군; officeholders-ledger; succession-table,FC-001=아르도 레브 잠금; OR-STATE-001 통합 권고 반영; 사망 고정 — 귀환 금지,Ardo Rev; FC-001; OR-STATE; OR-STATE-001
sira-keon,시라 케온,FC-002,PERSON,RECURRING_SUPPORT,GA5-10,지방/향토방위 함대,지방소환·철수권 옹호 제독; GA7 항로연합 군사 보증인; 자율 참가·영구 종속 아님,name-lock §7 FC-002; ledger §7,name-lock; ga5 문서군; ga7 문서군; officeholders-ledger,FC-002=시라 케온 잠금; Sena Rok·Sira Talren과 별개(유사음 관리),Sira Keon; FC-002
oren-roman,오렌 로만,FC-003,PERSON,RECURRING_SUPPORT,GA5-8,크라운 가드,민간 정통성 호위 사령; 왕관 상징의 사병화 저지; E501-525 호위 유지 선택의 비용 소유; 부상·피로로 야전 은퇴,name-lock §7·§10; ledger §8,name-lock; ga5 문서군; officeholders-ledger,구명 카엘 로만(Kael Roman) 개명 확정 — C2 검사 대상; 타브 오렌과 오렌 음절 충돌 관리,Oren Roman; FC-003; 카엘 로만(구명); Kael Roman(구명)
tav-oren,타브 오렌,FC-004,PERSON,RECURRING_SUPPORT,GA5-8,헬리오스/데메 조선소·정비망,조선소·정비 편대 사령; 수리우선권의 함대지휘화 위험 축; 이후 비지휘 표준·산업 좌석 수용,name-lock §7 FC-004; ledger §9,name-lock; ga5 문서군; officeholders-ledger,FC-004=타브 오렌 잠금,Tav Oren; FC-004
messa-rin,메사 린,FC-005,PERSON,RECURRING_SUPPORT,GA5-10,승조원·급여·가족 대표(헌장),승무원 급여·가족·항복·헌장 대표; 전술 함대지휘 없음; GA10 승조원·급여 도메인 조정자; CR-001 기능 흡수,errata-001 FC-005 최종명; ledger §10; ga5-vesper §1,errata-001; ga5 문서군; ga7 문서군; officeholders-ledger,구명 리아 메스(Ria Mess) 개명 — FC-005 코드 재배정(구 외곽전선 사령관 설계는 폐기); CR-001 직위 기능 흡수,Messa Rin; FC-005; 리아 메스(구명); Ria Mess(구명); CR-001(기능)
adel-sern,아델 세른,R-IMP-001,PERSON,RECURRING_SUPPORT,GA1-4·GA10 재사용,제국 정보부 Cultivation Bloc,제국 배양·연속성 관찰자(의료기록 커버); 이사회 제국석; 조력-가해 양면; 후일 승계 관련성 유지,charter-board §2; opening-institutional-reps R-IMP-001,charter-board; opening-institutional-reps; imperial-succession,구코드 R-IMP-001의 최종명=아델 세른(charter-board) — 개막 문서의 UNLOCKED 해소,Adel Sern; R-IMP-001; Imperial Observer; 황실 관찰자
luen-parr,루엔 파르,R-NEU-001,PERSON,RECURRING_SUPPORT,GA1-2·GA6·GA8-10,자유항로 중립회,중립 구조/청구 책임자·구조선 선장 겸 의료감사관; GA1 헌장 임시 신탁; GA6 제2오르페우스 회랑 결정 관여,charter-board §2; opening-institutional-reps R-NEU-001,charter-board; opening-institutional-reps; ga2-crew-bible,R-NEU-001 최종명=루엔 파르(charter-board); GA2 임시 의료/청구 겸직 옵션 병합,Luen Parr; R-NEU-001; Neutral Medical-Legal Representative
beric-kall,베릭 칼,R-HEL-001,PERSON,RECURRING_SUPPORT,GA1-10,헬릭스,헬릭스 계약 엔지니어·기술 평가자; 이사회 산업석; GA9 반Seed 동맹 반전; GA10 단독 계약권 상실; 패배한 악당 아님 명시,charter-board §2; opening-institutional-reps; ledger §32,charter-board; opening-institutional-reps; officeholders-ledger; succession-table,R-HEL-001 최종명=베릭 칼; Berik Kal(ledger)=Beric Kall 표기 혼재 병합; sweep의 berik 병합,Beric Kall; Berik Kal(표기); R-HEL-001; Helix Evaluator
kara-ven,카라 벤,PR-SF01; I-001(통합),PERSON,RECURRING_SUPPORT,GA1,교도학원 현장교관,현장 교관·안전관; E45 수동·현지 해제 승인; 포위전 별도 방어전선 지휘; 분리 합법화 각서 서명 거부,pref-reps PR-SF01; first-100-act-map-v2(I-001 통합 명시),pref-reps; charter-board; e45-incident; first-100-act-map-v2; i001-bible,first-100-act-map-v2가 개막 교관/I-001 기능을 카라 벤으로 통합 — i001-bible·P-001 문서의 무명 교관 병합,Kara Ven; PR-SF01; I-001; field instructor(교관)
meira-sol,메이라 솔,PR-L02,PERSON,RECURRING_SUPPORT,GA4-10,아우렐 감사/개혁 네트워크,출처·이의·감사 부관; Blood Admiral 서명 패턴 수사 리드; GA9 복수 안전장치 개혁가; GA10 임시 신원·이의 전환위 의장,ledger §5·§29; ga7 문서군; succession-table §3·§8,officeholders-ledger; ga7 문서군; succession-table; ga9-preservation-regime,PR-L02 현직=메이라 솔; S-001과의 통합 옵션은 미채택(별개 유지),Meira Sol; PR-L02
noa-tel,노아 텔,Noa Tel,PERSON,RECURRING_SUPPORT,GA4-10,민정,제1민정비서; Mara 유고 시 민정 서비스 관리; GA10 지역 민정 이사회 의장(섭정 비승계),ledger §3·§35; succession-table §3·§12,officeholders-ledger; succession-table,,Noa Tel; First Civil Secretary
iven-roa,이벤 로아,Iven Roa,PERSON,RECURRING_SUPPORT,GA5-10,공동함대 참모,참모장; 아르도 사후 생존 편성·참모 기법만 승계; GA10 통합사령 유산 대표,ledger §6·§38; succession-table §5,officeholders-ledger; succession-table,Iven Kor·Iven Sol·Iven Tal과 별개(이름 Iven 중복 계열),Iven Roa
sela-ruk,셀라 루크,Sela Ruk,PERSON,RECURRING_SUPPORT,GA5-9,크라운 가드→시민보호청,작전·소개 장교; 위조 귀환명령 탐지·거부; 18척 분할 지휘·전원 계수; GA8-9 시민보호청 사령,ga5 §1; ledger §8,ga5 문서군; officeholders-ledger,셀라 코브(GA3)와 별개,Sela Ruk
karin-ves,카린 베스,OR-INST-001,PERSON,RECURRING_SUPPORT,GA6-10,공공서비스 연속성,병원·공공서비스 연속성 설계자; 기능 분산 결정; 분산공공서비스협약 지도; GA10 공공서비스 조정자,ledger §11; ga6 §3,ga6 문서군; officeholders-ledger; succession-table,OR-INST-001 현직=카린 베스; Bes Aron과 유사음 관리,Karin Ves; OR-INST-001
pio-ras,피오 라스,Pio Ras,PERSON,RECURRING_SUPPORT,GA6-10,소형선/비정규 공동체,소형선·미등록·실종자 청구 대표; 2만8천명 현위치 증거; GA10 프런티어·이동측 대표,ledger §12·§37; ga7 e691-715 §5,ga7 문서군; officeholders-ledger,,Pio Ras
ora-niv,오라 니브,OR-NEU-001,PERSON,RECURRING_SUPPORT,GA6-7,중립 구조 네트워크,중립 구조·의료 조정자; 수용력 공개·정치적 징발 거부; 사후 중립 심사 대상,ga6 §4; ledger §13; succession-table §5,ga6 문서군; ga7 문서군; officeholders-ledger,OR-NEU-001 현직=오라 니브; Ora Fenn·Lea Nor와 유사음 관리,Ora Niv; OR-NEU-001
dael-mor,다엘 모르,RF-L01; PR-L04,PERSON,RECURRING_SUPPORT,GA7-10,상호항로연합,연합 소집자; 하렌 임명하되 개인 장악 차단; GA9 옵트아웃/하이브리드 지역 집행자; GA10 지역 정치인 잔류,ledger §16·§31; succession-table §6·§8,officeholders-ledger; succession-table; ga7-route-war-leaders,RF-L01 현직=다엘 모르; sweep의 Dael(사무국 축) 병합,Dael Mor; RF-L01; PR-L04; Dael
eva-sion,에바 시온,Eva Sion,PERSON,RECURRING_SUPPORT,GA7-10,상호항로연합,소형노드·돌봄망 대표; 비상회기 의장; GA10 이동 최소서비스·외부 피해자 지위 권한,ledger §16·§31; succession-table §6·§12,officeholders-ledger; succession-table,,Eva Sion
noren-sa,노렌 사,RF-L02,PERSON,RECURRING_SUPPORT,GA7-9,연속성 회랑 행정,회랑 서비스 행정 국장; 영구 키 관리 추구; 아우렐 확장 지지 후 민간 배분 보안 장악 반대,ledger §17,officeholders-ledger; ga7-route-war-leaders,RF-L02 현직=노렌 사,Noren Sa; RF-L02
ama-hark,아마 하크,Ama Hark,PERSON,RECURRING_SUPPORT,GA7-10,회랑→아우렐 감사,대기열·저신뢰 심사 국장; 유예지역 편향 폭로; 메이라 솔 개혁망 합류,errata-002; ledger §17·§29,errata-002; officeholders-ledger,구명 아마 코르(Ama Kor) — errata-002 최종명 아마 하크; 야렌 코르와 코르 표기 충돌 해소,Ama Hark; 아마 코르(구명); Ama Kor(구명); RF-L02 deputy
lin-osa,린 오사,RF-L05; OF-701; GA7-D4-VIC-001,PERSON,RECURRING_SUPPORT,GA7(E762 사망; GA8-10 참조),피해지역 의회/외곽 서비스 노동,의료·항로 조정자·하류 의존 대표; D4 서명 전 누락 증거 제출; E762 사망 잠금; 4개 원장 보존·순교자화 금지; GA8-10 전 문서 참조,ledger §20; errata-004; ga7 e741-765 §2,ga7 문서군; ga8-10 문서군; officeholders-ledger; errata-004; succession-table,Rin Osa는 표기 변형(succession-table) — 동일인; 사망 고정; Soa Rin·Messa Rin과 린 표기 충돌 관리,Lin Osa; Rin Osa(표기); RF-L05; OF-701; GA7-D4-VIC-001
tia-bel,티아 벨,Tia Bel,PERSON,RECURRING_SUPPORT,GA8-10,메리디안 기록원,공공접근 큐레이터; 다기관 금고 이사회 의장(소유자 아님); GA10 기록·출처 전환 참여,ledger §21·§39; succession-table §7,officeholders-ledger; succession-table,sweep의 Tia 병합; 이사 벨·벨 오나와 벨 표기 충돌 관리,Tia Bel; Tia
yona-ver,요나 베르,Yona Ver,PERSON,RECURRING_SUPPORT,GA8-10,아르디스 항로 미러,지역 미러 대표; 번역 아키텍처 수출·보편 템플릿화 거부; GA10 기록 전환 참여,ledger §23·§39; succession-table §7,officeholders-ledger; succession-table,sweep의 Yona 병합; 다오 베르와 베르 표기 충돌 관리; 근사 동명 주의: Mona Ver(ga4-post-pilot)와 별개 인물,Yona Ver; Yona
daya-nor,다야 노르,Daya Nor,PERSON,RECURRING_SUPPORT,GA8-10,오르센 환자·증인 메시,환자 자치 의장; 집계 번역 허용·거부 개인자료 보호; GA9 임기 만료 후 옹호자; GA10 환자 대표,ledger §22·§36; succession-table §7,officeholders-ledger; succession-table,sweep의 Daya 병합,Daya Nor; Daya
dara-ben,다라 벤,PR-L01; OF-901,PERSON,RECURRING_SUPPORT,GA9-10,수혜 공동체,아우렐 복원 공동체 선출 행정관; 동기화 옹호·일부 배제 지지; GA10 최소서비스 보장 후 단계적 이양 수용,ledger §28; roster §20,officeholders-ledger; ordinary-roster; succession-table,PR-L01 현직=다라 벤(ledger·roster 동일인 병합); sweep의 Dara 병합; 하라 벤과 벤 표기 충돌; 근사 동명 주의: Hara Ben(동일 문서 roster 내)과 별개 인물,Dara Ben; PR-L01; OF-901; Dara
sera-vin,세라 빈,Sera Vin,PERSON,RECURRING_SUPPORT,GA9-10,제조·프런티어 의료 협약,제조·의료 서비스 임원; GA10 사용자·노동자 감독 하 단일 제공자 협약 리드,ledger §32; succession-table §12,officeholders-ledger; succession-table,세라 케트·세린 계열과 발음 관리,Sera Vin
nemi-ora,네미 오라,OF-804,PERSON,RECURRING_SUPPORT,GA8-10,소릴 가구/접근성 공학,접근성 엔지니어; 소릴-7의 인간 파트너·옹호자(후견인 아님); GA10 AI·인격 주거·자원권 협상가,ledger §33; roster §18,officeholders-ledger; ordinary-roster,ledger·roster 동일인 병합; 세비 오라·오라 니브와 오라 표기 충돌,Nemi Ora; OF-804
mara-venn,,Mara Venn,PERSON,RECURRING_SUPPORT,GA9-10,연합 수혜자 서비스 운영,의료·필터·콜드체인 조정자; 4→24노드 연결; 60일 전환 지지; GA10 첫 무리안 작곡가 셀·안정 서비스 운영자; 520 지휘연계 사망 조사 지지,ga9 3개 문서 전 구간; ga10-e1001-1025 §8; e1026-1050 §13,ga9 문서군; ga10 문서군,PR-L01 통합 후보였으나 다라 벤이 현직 — 별개 유지; Yara/Jora Venn과 성 충돌 관리; 표기 미확정(정본 한글명 없음)(센서스 임시음역: 마라 벤(GA9)·마라 벤(GA10 표기 미확정)),Mara Venn
jessa-korr,,Jessa Korr,PERSON,RECURRING_SUPPORT,GA9-10,이동 정착지/선택역량 옹호,이동 정착지 위임; 휴대성·증인증명 캠페인; GA10 선택역량·병렬권 옹호(무상 옵트아웃 비판),ga9 3개 문서; ga10-e1026-1050 §14,ga9 문서군; ga10 문서군,표기 미확정(정본 한글명 없음)(센서스 임시음역: 제사 코르),Jessa Korr; 제사 코르/Jessa Korr(표기 미확정)
veraik-moss,,Veraik Moss,PERSON,RECURRING_SUPPORT,GA9-10,지역 물리 당국/기술 셀,지역 구조 엔지니어; E922·E987 물리 증거 기반 정지; GA10 첫 독립 작곡가 팀 혼성 셀 리드; 현재 물리 증거 우선 원칙의 체현,ga9 3개 문서; ga10-e1001-1025 §8,ga9 문서군; ga10 문서군,Vera Thorn과 부분 음소 중복 관리; 표기 미확정(정본 한글명 없음)(센서스 임시음역: 베라이크 모스),Veraik Moss
hel-tovan,,Hel Tovan,PERSON,RECURRING_SUPPORT,GA9-10,연합 보험,연합 보험자; 미검토 프로파일 영구 집단가격 금지 수용; GA10 국민투표기 가격동결·선택역량기금 기여,ga9 §10·§11; ga10-e1026-1050 §15,ga9 문서군; ga10 문서군,PR-L05와 기능 인접이나 별개 추정; 표기 미확정(정본 한글명 없음)(센서스 임시음역: 헬 토반),Hel Tovan
eda-solen,에다 솔렌,Student Representative B,PERSON,IMPORTANT_EXTRA,GA1,학생(상급 코호트),19세 상급 생도; 외부 배치 수용 학생 대표석,charter-board §3,charter-board,,Eda Solen
amel-rook,아멜 루크,PR-PT01,PERSON,IMPORTANT_EXTRA,GA1,블랙워드 환자 대표,환자 대표 — 치료 연속성·동의/이송 감독석,pref-reps PR-PT01; charter-board §3,pref-reps; charter-board; ga1 카드,두 문서 동일인 병합 완료,Amel Rook; PR-PT01
bram-ido,브람 이도,PR-WK01,PERSON,IMPORTANT_EXTRA,GA1,학원 노동자(도크/정비),선임 도크 노동자 대표; 노동/정비석; 위험 지름길 거부권,pref-reps PR-WK01; charter-board §3,pref-reps; charter-board; first-100-act-map-v2,두 문서 동일인 병합 완료,Bram Ido; PR-WK01
darin-veo,다린 베오,PR-ST01,PERSON,IMPORTANT_EXTRA,GA1(미래 재등장 설계),제국 보안학원 선택 학생,19세 비행/보안 생도; 미래 지역방위 에이스; 제국행 선택 후 자율 행동으로 회랑 보존; 봉쇄 거부,pref-reps PR-ST01; charter-board §6; first-100 map Ring B,pref-reps; charter-board; first-100-act-map-v2,sweep의 Darin(Ring B 제국측)=다린 베오 병합; 재등장 시 RECURRING 승격 후보,Darin Veo; PR-ST01; Darin
sera-kett,세라 케트,PR-ST02,PERSON,IMPORTANT_EXTRA,GA1,헬릭스 계약학교 선택 학생,18세 후원 기술 생도; 인증 전력/의료 서브시스템 보호,pref-reps PR-ST02; charter-board §6,pref-reps; charter-board,charter-board의 Sera=세라 케트 병합,Sera Kett; PR-ST02; Sera
yori-kess,요리 케스,PR-ST03; IC-004,PERSON,IMPORTANT_EXTRA,GA1,C-9 물류/명부,16세 명부 담당; 학생대표 A석; E45 모방 셀 물류·출입 담당; 실명부 재구성 협조,pref-reps PR-ST03; e45 IC-004,pref-reps; charter-board; e45-incident,3개 문서 동일인 병합,Yori Kess; PR-ST03; IC-004; Student Representative A
aven-rell,아벤 렐,PR-ST04; IC-001,PERSON,IMPORTANT_EXTRA,GA1,C-9 리더,C-9 임시셀 리더; E45 비살상 압박 점거 설계·개시 책임 수용; 부상; 체포/책임 수용,pref-reps PR-ST04; e45 IC-001,pref-reps; e45-incident; ga1 상태문서,PR-ST04와 IC-001 동일인 병합(C-9 리더·E45 책임 일치); Aven Rho와 별개,Aven Rell; PR-ST04; IC-001
kiro-bent,키로 벤트,IC-002,PERSON,IMPORTANT_EXTRA,GA1,C-9 모방 셀,복제 서비스 어댑터 제작; 손·신경 화상; 기술 거버넌스 아크의 실물 근거,e45 IC-002,e45-incident; pref-reps(언급),pref-reps의 부상자 Kiro=키로 벤트 병합,Kiro Bent; IC-002; Kiro
leta-sorn,레타 손,IC-003,PERSON,IMPORTANT_EXTRA,GA1,C-9/블랙워드 연계,숨은 블랙워드 치료 프로필 보유; 위중 환자로 블랙워드 발견 단서; 자기결정권 보유,e45 IC-003,e45-incident; ga1 상태문서,sweep의 Leta=레타 손 병합(추정); 블랙워드 아크 열쇠 — 승격 후보,Leta Sorn; IC-003; Leta
varen-korr,바렌 코르,Varen Korr,PERSON,IMPORTANT_EXTRA,GA1,학원 운영부,운영국장 대행; 286명 비밀 제국이송 공동서명; E100 후 조사 대상,charter-board §6,charter-board,후일 운명 OPEN,Varen Korr
rosen-tekk,로센 테크,Rosen Tekk,PERSON,IMPORTANT_EXTRA,GA1,학원 보안대,보안 지휘관 대행; 링B 봉쇄 명령; 넬리 오름 사망 사슬 기여,charter-board §6,charter-board,후일 운명 OPEN,Rosen Tekk
arden-rek,아르덴 레크,Arden Rek,PERSON,IMPORTANT_EXTRA,GA1,제국 이송군,제국 이송부대 지휘관; 합법 이송 집행; 다린이 거부한 봉쇄 명령 주체; 악당 아님,charter-board §6,charter-board,,Arden Rek
del-var,델 바르,Del Var,PERSON,IMPORTANT_EXTRA,GA1,헬릭스 재무/보안,지역 회수 책임자; 원격 잠금·압류 발동; 루스크 이덴 인과 기여,charter-board §6,charter-board,베릭 칼과 대립,Del Var
selma-rowe,셀마 로우,Selma Rowe,PERSON,IMPORTANT_EXTRA,GA1,중립 구조선,구조/청구 선박 선장; 무장해제·항로 집행권; 무기 화물 거부,charter-board §6,charter-board,루엔 파르와 권한 분리,Selma Rowe
oran-kell,오란 켈,Oran Kell,PERSON,IMPORTANT_EXTRA,GA1(후속 선전 활동),스코치드/급진 세포,급진 부정 조정자; 베라 콜 부정팀 상급자; 생존해 후일 선전 행위자 지속,charter-board §6,charter-board,재등장 예고 — 승격 후보,Oran Kell
teren-voss,테렌 보스(GA1),Teren Voss,PERSON,IMPORTANT_EXTRA,GA1,학원 교정/법무,학원 법무 대행 행정관; 이사회 학원석·현지 비준 서명,charter-board §3·§5,charter-board,GA4 크라운 가계 테렌 보스(Teren Vos)와 동일 한글 표기 — 별개 인물 추정·정본 확인 필요(unresolved),Teren Voss
iven-sol,이벤 솔,SG-D01,PERSON,IMPORTANT_EXTRA,GA1(E84-96 사망),학원 보안(이송 지지),36세 독D 보안 장교; 충돌/감압 사고 사망(포위전 5대 사망 1),casualties SG-D01,academy-siege-casualties; first-100-act-map-v2,sweep의 역할 미확인 행을 casualties 근거로 확정; 사망 고정,Iven Sol; SG-D01
nelli-orm,넬리 오름,SG-D02,PERSON,IMPORTANT_EXTRA,GA1(사망),무소속 학생,17세 링B 생도; 명부/문/군중 충돌 압사(5대 사망 2); 정치적 전유 불가,casualties SG-D02,academy-siege-casualties; charter-board; first-100-act-map-v2,사망 고정,Nelli Orm; SG-D02
rusk-iden,루스크 이덴,SG-D03,PERSON,IMPORTANT_EXTRA,GA1(사망),학원 노동자(링C 전력),47세 전력 기술자·안전대표; 잠금/사보타주 연쇄 사망(5대 사망 3); 유족 청구 후속 플롯,casualties SG-D03,academy-siege-casualties; charter-board; first-100-act-map-v2,사망 고정,Rusk Iden; SG-D03
vera-khol,베라 콜,SG-D04,PERSON,IMPORTANT_EXTRA,GA1(사망),스코치드/급진,30세 부정 공작원; 독D 작전 중 사망(5대 사망 4); 순교자 서사로 소비됨,casualties SG-D04,academy-siege-casualties; charter-board,베라 토른과 별개(이름 충돌 관리); 사망 고정,Vera Khol; SG-D04
toma-ess,토마 에스,SG-D05,PERSON,IMPORTANT_EXTRA,GA1(사망),블랙워드/공공 클리닉,34세 의료 기술자; 지연 이송 위기 사망(5대 사망 5); 분권 전환 비용 증거,casualties SG-D05,academy-siege-casualties; prewriting-dry-audit,Toma Cal(GA3)과 별개; 사망 고정,Toma Ess; SG-D05
lera-mott,레라 모트,WD-P01,PERSON,IMPORTANT_EXTRA,GA1(GA2 접촉 가능),White Dock 압력통제,압력통제 관리관·비상경로 조정자; 원격 군사명령 거부; E25-31 증인,white-dock-focals WD-P01,white-dock-focals; white-dock 상태문서,Kera Mott(GA3)와 1음절 차 — 별개,Lera Mott; WD-P01
oden-marr,오덴 마르,WD-P02,PERSON,IMPORTANT_EXTRA,GA1,White Dock 화물,작업반장; 위조 통관 저지 시도; 척추·하지 신경 영구 손상; 보상 청구 아크,white-dock-focals WD-P02,white-dock-focals; white-dock 상태문서,,Oden Marr; WD-P02
kiva-dren,키바 드렌,WD-D01,PERSON,IMPORTANT_EXTRA,GA1(E21-24 사망),White Dock 전기 리거,복합 실패 사슬로 사망; 마지막 수동 격리 기록; 유족·동료 이의 아크,white-dock-focals WD-D01,white-dock-focals; white-dock 상태문서,사망 고정,Kiva Dren; WD-D01
miro-tann,미로 탄,WD-D02,PERSON,IMPORTANT_EXTRA,GA1(사망),White Dock 미등록 노동,미등록으로 수색 누락되어 사망; 등록/실제 인원 주제 증거,white-dock-focals WD-D02,white-dock-focals; white-dock 상태문서,사망 고정,Miro Tann; WD-D02
darek-venn,다렉 벤,WD-D03,PERSON,IMPORTANT_EXTRA,GA1(사망),독립군 급진파,파괴부정 명령 수행 중 사망; 사후 급진 선전에 이용,white-dock-focals WD-D03,white-dock-focals; white-dock 상태문서,사망 고정; Venn 성 계열 충돌 관리,Darek Venn; WD-D03
sian-tor,시안 토르,IND-P01,PERSON,IMPORTANT_EXTRA,GA1(GA2 갈등 예고),독립군 회수 기술자→중립 보호,기록·의료 추출 공작원; 버려져 중상; 중립 보호 하 증인; 팀 미합류,white-dock-focals IND-P01,white-dock-focals; ga1 상태문서,GA2 재사용 확정 시 승격 후보,Sian Tor; IND-P01
juno-hess,유노 헤스,Juno Hess,PERSON,IMPORTANT_EXTRA,GA1,학원 독립 셀,독립 지원 셀 리더; 예비 조사 소환,ga1-e21-26 카드,ga1 카드 문서군,F-검증 정정: 센서스가 '주노 헤스'로 오기했으나 정본 표기는 '유노 헤스'(academy-and-07-opening-operational-state-v1). 정본 표기로 복원,Juno Hess
soma-ren,소마 렌(표기 미확정),Soma Ren,PERSON,IMPORTANT_EXTRA,GA1,학원(신분 폐쇄),행정상 사망·물리적 생존 인물; 신분 시스템 결함 증인,first-100-act-map-v2,first-100-act-map-v2; ga1 카드,NOT_IN_05,Soma Ren
jena-ark,제나 아크,OF-801,PERSON,IMPORTANT_EXTRA,GA2(E150 사망; GA8 유산),민간 수리 카라반,선임 압력·냉각 기술자; E150 영구 사망; 사후 규격·별관에 이름 존속(제나 규격),roster §15; ga2 카드,ordinary-roster; ga2 카드 문서군,사망 고정; 사후 명명 Jena Annex,Jena Ark; OF-801; 제나 규격(사후)
ovel-nar,오벨 나르,Ovel Nar,PERSON,IMPORTANT_EXTRA,GA2,네리스 사용자 안전,현장 정비사·사용자 안전 대표; 개방규격 사고 국면 물리 분기,ga2-e186-193 카드,ga2 카드·상태문서,NOT_IN_05,Ovel Nar
pc-004,(미명명),PC-004,PERSON,IMPORTANT_EXTRA,GA2(E161-185),도란 K-7 공동체,인증 루트 옹호자; 본인+부양 2인 Helix 도제 계약 수용 가능,h001-roster §3,h001-community-roster,정본명 미부여 코드 인물,PC-004
pc-005,(미명명),PC-005,PERSON,IMPORTANT_EXTRA,GA2,도란 K-7 공동체,분리를 원하는 돌봄 제공자; 서사적 처벌 금지 규칙,h001-roster §3,h001-community-roster,정본명 미부여,PC-005
pc-006,(미명명),PC-006,PERSON,IMPORTANT_EXTRA,GA2,도란 K-7 공동체,경쟁 후견의 11-15세 아동; 능력·동의 기반 결정,h001-roster §3,h001-community-roster,정본명 미부여,PC-006
pc-007,(미명명),PC-007,PERSON,IMPORTANT_EXTRA,GA2,도란 K-7 공동체,중앙 안정 지지 고령 노동자; 제국/Helix 안정 루트 선택,h001-roster §3,h001-community-roster,정본명 미부여,PC-007
toma-cal,토마 칼,GA3-LOC-001,PERSON,IMPORTANT_EXTRA,GA3(E322 사망),앵커 크라운 운영,수석 교대 조정관; E239 오판으로 루마 펠 중상; E322 영구 사망 잠금; 물리 상태를 레마 도르에 이양,ga3-ardis §2; ga3-final §3,ga3 문서군; date-override,Toma Ess와 별개; GA3 관통 최중요 국지 인물이나 단일 GA — IMPORTANT_EXTRA 유지,Toma Cal; GA3-LOC-001; 토마 조정관
kera-mott,케라 모트,GA3-LOC-002,PERSON,IMPORTANT_EXTRA,GA3,파운드리 라인3 노동자 대표,선출 교대 대표; 1260명 임금·안전 대변; 필수한정 점거 주도,ga3-ardis §3,ga3 문서군,Lera Mott와 별개,Kera Mott; GA3-LOC-002
savo-nir,사보 니르,GA3-LOC-003,PERSON,IMPORTANT_EXTRA,GA3,트랜짓 벨트 상호부조,유틸리티·화재 대응 조정자; 비정규 거주자 서비스 접근권 투쟁,ga3-ardis §4,ga3 문서군,,Savo Nir; GA3-LOC-003
della-wen,델라 웬,GA3-LOC-004,PERSON,IMPORTANT_EXTRA,GA3,시빅 임시서비스 등록소,등록관·배치 조정관; 시민권 부여 권한 없음,ga3-ardis §5,ga3 문서군,Della Os와 별개,Della Wen; GA3-LOC-004
iven-kor,이븐 코르,GA3-LOC-005,PERSON,IMPORTANT_EXTRA,GA3,헬릭스 인증 복구,복구 관리자·급여패키지 협상가; 통합 관리 선례를 노리는 통제 이해,ga3-ardis §6,ga3 문서군,Iven Roa·Iven Sol과 별개,Iven Kor; GA3-LOC-005
luma-pell,루마 펠,GA3-LOC-006,PERSON,IMPORTANT_EXTRA,GA3-4,유틸리티 프레임 작업반,프레임 리드; E239 골반·신경 손상; 7-12개월 복귀 제한; 기적 회복 금지,ga3-ardis §7,ga3 문서군; ga4-pilot(언급),Nira Pell과 무관 명시,Luma Pell; GA3-LOC-006
tir-vano,티르 바노,GA3-LOC-007,PERSON,IMPORTANT_EXTRA,GA3,라인3 노동자,크레인 오퍼레이터·간병인; 중앙화 패키지 선택 노동자의 대표 사례,ga3-ardis §8,ga3 문서군,,Tir Vano; GA3-LOC-007
sella-kove,셀라 코브,GA3-DEF-001,PERSON,IMPORTANT_EXTRA,GA3,아르디스 국지 방위,임시 조정관·즉응 프리깃 함장; 리안 총지휘 거부; E330 이후 방위 분야만 유지,ga3-defense §1; ga3-final §6,ga3 문서군,AR-DEF-001 현직 추정(UNCERTAIN); Sela Ruk과 별개,Sella Kove; GA3-DEF-001
doman-rek,도만 레크,GA3-DEF-002,PERSON,IMPORTANT_EXTRA,GA3,제국 제4 커터분견대,분견대 지휘관; 지연된 제국 계통 인정; 무적대행위 조건 이탈; 배신자 예정 금지,ga3-defense §2,ga3 문서군,,Doman Rek; GA3-DEF-002
seva-lok,세바 로크,GA3-HLX-001,PERSON,IMPORTANT_EXTRA,GA3,헬릭스 콜드체인 데포,운영 리드; 환자 연속성 조항으로 본사 명령 지연; 21일 협약 잔류,ga3-defense §3,ga3 문서군,이븐 코르와 같은 기관·다른 위임,Seva Lok; GA3-HLX-001
miren-das,미렌 다스,GA3-CIV-001,PERSON,IMPORTANT_EXTRA,GA3,가든-시빅 콜드체인,디스패치 조정자; E282 캐스케이드 생존; 영구 저산소성 신경 손상 잠금,ga3-defense §4,ga3 문서군,,Miren Das; GA3-CIV-001
eda-roen,에다 로엔,GA3-CUS-001,PERSON,IMPORTANT_EXTRA,GA3,커스토디언 칼리지,비상계통 기록관; Spine C 인터페이스·거부 증거 관리인,ga3-denial §1,ga3 문서군,,Eda Roen; GA3-CUS-001
varen-soot,바렌 수트,GA3-FED-001,PERSON,IMPORTANT_EXTRA,GA3,표면 시설/연방파,거부-정비 반장; 연방주의 자치 지지; E330 경계된 기술 감시역 유지,ga3-denial §2; ga3-final §8,ga3 문서군,,Varen Soot; GA3-FED-001
iris-kaun,이리스 카운,GA3-IMP-001,PERSON,IMPORTANT_EXTRA,GA3,제국 임무단,코모도어·비상지휘 특사; 실효 구조 능력으로 의존 창출; E319 전권 인수 명령 기록하되 선포 거부,ga3-denial §3; ga3-final §5,ga3 문서군,경쟁 권위 축이나 GA3 한정 — IMPORTANT_EXTRA,Iris Kaun; GA3-IMP-001
ari-ven,아리 벤,GA3-TRN-001,PERSON,IMPORTANT_EXTRA,GA3,트랜짓 해비탯 T-19,운영 감독관·선출 안전 연락책; T-19 상실 선언; 생존자 6222명 증거 조정,ga3-denial §4; ga3-final §4,ga3 문서군,Ven/Venn 계열 충돌 관리,Ari Ven; GA3-TRN-001
rema-dor,레마 도르,GA3-ANC-002,PERSON,IMPORTANT_EXTRA,GA3,앵커 크라운 운영,부교대 조정관; E322 토마 사후 물리 역할만 인수(개인 승계 거부); 회전 패널 구성,ga3-final §2,ga3 문서군,후계자 지름길 서사 금지 잠금; Dor Kein과 무관,Rema Dor; GA3-ANC-002
teren-vos,테렌 보스(GA4),Teren Vos,PERSON,IMPORTANT_EXTRA,GA4-9,크라운 왕가 가계,가계 민정 부관; 공공 청원·의전 일정 관리; Elian 유고 시 가사·시민서비스만 승계,ledger §2; succession-table §3,officeholders-ledger; succession-table,sweep의 Teren(승계자) 병합; GA1 테렌 보스(Teren Voss)와 동일 표기 별개 인물 추정(unresolved),Teren Vos; Teren
irel-dan,이렐 단,GA4-K5-001,PERSON,IMPORTANT_EXTRA,GA4,Crownline Key Relay K-5,물리 운용 리드; 직접 물리 정지 발령; 92% 인증 평가 수용,ga4-post-pilot §1; ga4-final §5,ga4 문서군,두 문서 동일인 병합,Irel Dan; GA4-K5-001
mona-ver,모나 베르,GA4-K5-002,PERSON,IMPORTANT_EXTRA,GA4,K-5 영향서비스 조정,5관할 부속조건 조정자; 76만명 서비스 범위; 임무 한정 위임,ga4-post-pilot §2,ga4 문서군,베르 표기 충돌 관리(다오 베르·요나 베르); 근사 동명 주의: Yona Ver(ledger)와 별개 인물,Mona Ver; GA4-K5-002
rasen-kor,라센 코르,GA4-SES-001,PERSON,IMPORTANT_EXTRA,GA4,단일 임시주권 청원(합법 야당),청원 법률고문·공적 조정자; 합법적 경쟁 구제안 대변; 최종 악역 금지,ga4-post-pilot §3; ga4-final §7,ga4 문서군,GA5 이후 재등장 여지 명시,Rasen Kor; GA4-SES-001
ora-fenn,오라 펜,GA4-GRB-001,PERSON,IMPORTANT_EXTRA,GA4,Graybridge N-17,물리 회랑 운용 조정자; 62만명 서비스 범위의 통치자 아님,ga4-graybridge §1,ga4 문서군,Ora Niv와 별개,Ora Fenn; GA4-GRB-001
vern-soa,베른 소아,GA4-GRB-002,PERSON,IMPORTANT_EXTRA,GA4,Graybridge 이동·미등록 서비스,미등록 가구 접촉 창구; 3200명 현재증명 공급,ga4-graybridge §2,ga4 문서군,Soa Rin과 로마자 역순 유사 — 별개,Vern Soa; GA4-GRB-002
fera-jin,페라 진,GA4-MER-001,PERSON,IMPORTANT_EXTRA,GA4,Meridian M-4 Corridor 1,물리상태 운용자; E372-373 올바른 정지 발령(97초 지연 작동); 컴팩트 재설계 당사자,ga4-graybridge §3,ga4 문서군,,Fera Jin; GA4-MER-001
raul-beck,라울 베크,Raul Beck,PERSON,IMPORTANT_EXTRA,GA4(사망),MSV-22 다리별 승무원,교량·조종 사관; Meridian 사고 영구 사망자,ga4-graybridge §4,ga4 문서군,사망 고정,Raul Beck
hesra-moon,헤스라 문,Hesra Moon,PERSON,IMPORTANT_EXTRA,GA4(사망),MSV-22 다리별 승무원,콜드체인 기술자; Meridian 사고 영구 사망자,ga4-graybridge §4,ga4 문서군,사망 고정,Hesra Moon
nira-pell,니라 펠,GA4-GL4-001,PERSON,IMPORTANT_EXTRA,GA4,GL-4 Collar B,물리 운용 리드; 첫 직접 파일럿 정지 발령; Collar B 폐쇄 유지,ga4-pilot §1,ga4 문서군,Luma Pell과 무관 명시,Nira Pell; GA4-GL4-001
kano-riss,카노 리스,GA4-PC7-001,PERSON,IMPORTANT_EXTRA,GA4,PC-7 노선 노동,3개 승무단 선출 조정자; 계층형 노선 증명 고안,ga4-pilot §2,ga4 문서군,,Kano Riss; GA4-PC7-001
yara-venn,야라 벤,GA4-M4-001,PERSON,IMPORTANT_EXTRA,GA4(E401 사망),M-4 유틸리티/MUT-6,이송 엔지니어·선임 시스템 리드; E401 수동 격리 유지로 병원 정전 방지 후 영구 사망(복제·비밀 생존 금지),ga4-pilot §3,ga4 문서군,Jora Venn과 무관 명시; 사망 고정,Yara Venn; GA4-M4-001
sol-venn,솔 벤,GA4-M4-FAM-001,PERSON,IMPORTANT_EXTRA,GA4,MUT-6 유족,Yara Venn의 손위 형제·가족 접촉 창구; 단일 임시주권 지지(개인 위임 한정),ga4-post-pilot §4,ga4 문서군,,Sol Venn; GA4-M4-FAM-001
kian-ro,키안 로,GA4-M4-CREW-001,PERSON,IMPORTANT_EXTRA,GA4,MUT-6 생존 승무원,생존 기술자·승무원 조사 대표; 운용자 무시에 반대,ga4-post-pilot §5,ga4 문서군,,Kian Ro; GA4-M4-CREW-001
nael-tiv,나엘 티브,OF-401,PERSON,IMPORTANT_EXTRA,GA4(GA9-10 재사용),코어 민정 급여·신원,급여·신원 서기·노조 대표; 급여 지속으로 수천 가구 구제,roster §2,ordinary-roster,,Nael Tiv; OF-401
rev-oan,레브 오안,OF-402,PERSON,IMPORTANT_EXTRA,GA4(GA8-10 재사용),크라운 가드→시민보호청,의전 훈련생; 위조 의전 기록 거부; 후에 셀라 루크 휘하 장교,roster §3; errata-002,ordinary-roster; errata-002,구명 레브 이안(Rev Ian) — errata-002 최종명 레브 오안; 아르도 레브와 레브 충돌 관리,Rev Oan; OF-402; 레브 이안(구명); Rev Ian(구명)
mora-hes,모라 헤스,OF-403,PERSON,IMPORTANT_EXTRA,GA4(GA10 재사용),코어 병원 보급,병원 보급 감독; 불평등 우선순위 폭로 조력,roster §4,ordinary-roster,,Mora Hes; OF-403
lio-saren,,Lio Saren,PERSON,IMPORTANT_EXTRA,GA5,V09 민간·물류 조정(선출),외곽전선 민간·물류 조정자·민사 견제축; 병원·가구·노동자 데이터 요구; 공적 비용·감사 요구,ga5-title §2; ga5-outerfront §2,ga5 문서군,GA5 관계 언급 Lio 병합; 표기 미확정(정본 한글명 없음)(센서스 임시음역: 리오 사렌),Lio Saren; Lio
sana-brik,사나 브릭,OF-502,PERSON,IMPORTANT_EXTRA,GA5(GA8 재사용),이동 텐더 기워진 별,선체 기술자·선출 안전 대표; E485 손·신경 중상(기적회복 금지); GA8 베스퍼 노동자 권리 조직,ga5-tender §1; roster §6,ga5 문서군; ordinary-roster,,Sana Brik; OF-502
kelin-ors,,Kelin Ors,PERSON,IMPORTANT_EXTRA,GA5-6,이동 텐더 기워진 별,민군 겸용 텐더 운용장; 중립성·계약 보호; 명명된 지원임무만 서명,ga5-tender §2,ga5 문서군,Kael Ors와 별개(유사음 관리); 표기 미확정(정본 한글명 없음)(센서스 임시음역: 켈린 오르스),Kelin Ors
neris-holt,,Neris Holt,PERSON,IMPORTANT_EXTRA,GA5,구조된 267인 임시 대표,생명유지 전문가 출신 구조자 대표; 집단구금·자동입대 방지,ga5-tender §3,ga5 문서군,표기 미확정(정본 한글명 없음)(센서스 임시음역: 네리스 홀트),Neris Holt
jora-venn,,Jora Venn,PERSON,IMPORTANT_EXTRA,GA5,베스퍼 피해자 연합,피해자·가족 대표; 증거 분할사본·선체 재사용 금지 요구,ga5-tender §4,ga5 문서군,Yara Venn과 무관 명시(성 일치 우연); 표기 미확정(정본 한글명 없음)(센서스 임시음역: 조라 벤),Jora Venn
rami-ode,,Captain Rami Ode,PERSON,IMPORTANT_EXTRA,GA5,구축함 DD-417 세 번째 종,함장; 정치자산화 거부; 한정된 도르 전술 위임 수락,ga5-vesper §7,ga5 문서군,CAP-001은 마렌 도브로 잠금 — 라미 오데는 별개; 표기 미확정(정본 한글명 없음)(센서스 임시음역: 라미 오데),Rami Ode
kev-raon,케브 라온,OF-501,PERSON,IMPORTANT_EXTRA,GA5-6,세 번째 종 승무원 대표,선출 대표·탄약수; 체불급여·가족지원 회복; 합법 태업으로 탄약사고 방지; GA6 생존 후 제대,ga5-vesper §8; roster §5,ga5 문서군; ordinary-roster,,Kev Raon; OF-501
leda-voss,,Chief Engineer Leda Voss,PERSON,IMPORTANT_EXTRA,GA5,세 번째 종 기관부,기관장; 열 한계 초과 인증 저지; 전투 중 열 정지 강행,ga5-vesper §9,ga5 문서군,표기 미확정(정본 한글명 없음)(센서스 임시음역: 레다 보스),Leda Voss
ilya-fen,,Ilya Fen,PERSON,IMPORTANT_EXTRA,GA5,베스퍼 연료척추 4,현장 운용 책임자; 무장 압력에도 물리 적색 정지 유지; 43% 우회 공동설계,ga5-vesper §10,ga5 문서군,Ilya Serr와 별개; 표기 미확정(정본 한글명 없음)(센서스 임시음역: 일리야 펜),Ilya Fen
mir-kao,미르 카오,OF-503,PERSON,IMPORTANT_EXTRA,GA5(GA7 재사용),지방 콜벳 오래된 계절,항해사; 74초 충돌 계산으로 386명 구조; 다리·전정 중상; 형제 후견 청문 귀향(합법적 퇴장); 후에 항로연합 항법사,ga5-vesper §11; roster §7; errata-002,ga5 문서군; ordinary-roster; errata-002,구명 도안 미르(Doan Mir) — errata-002 최종명 미르 카오; GA5 금지조항의 Doan 언급 병합; 하렌 도안 가와 무관 명시,Mir Kao; OF-503; 도안 미르(구명); Doan Mir(구명); Doan
sira-talren,,Sira Talren,PERSON,IMPORTANT_EXTRA,GA5,프로빈셜 포크,Provincial 7/7 축 대표(최종 캠페인),ga5-e551-570 상태문서,ga5 상태문서,Sira Keon과 별개(이름 Sira 중복); NOT_IN_05; 표기 미확정(정본 한글명 없음)(센서스 임시음역: 시라 탈렌(표기 미확정)),Sira Talren
yura-fein,유라 페인,Yura Fein,PERSON,IMPORTANT_EXTRA,GA5-10,승조원 사무소,생존자 급부·가족 배당 조정자; 단순화된 사상자 정산에 저항,ledger §10; succession-table §5,officeholders-ledger; succession-table,sweep의 Yura(승무원 청구) 병합,Yura Fein; Yura
mar-tein,마르 테인,Mar Tein,PERSON,IMPORTANT_EXTRA,GA5-10,지방방위,모성계 병참·예비대 부사령; GA10 지역 철수 권한 공동 대표,ledger §7,officeholders-ledger,,Mar Tein
bako-sid,바코 시드,Bako Sid,PERSON,IMPORTANT_EXTRA,GA5-8,정비창,노동자평의회 연락·수리모함 함장; GA7-8 분산 정비망 운영권 인수,ledger §9,officeholders-ledger,,Bako Sid
nada-soren,나다 소렌,OR-CIV-001,PERSON,IMPORTANT_EXTRA,GA6,민간 호송 협의체,호송 조정자·전 지자체 공무원; 5개 협의회 구성; 보편 선장 명령 거부,ga6 §2; ledger §12,ga6 문서군; officeholders-ledger,OR-CIV-001 현직=나다 소렌; 소렌 비아와 소렌 표기 충돌 관리,Nada Soren; OR-CIV-001
deon-har,데온 하르,OR-NODE-001,PERSON,IMPORTANT_EXTRA,GA6,오르페우스 노드 운영,노드 관리자; 고부하 정지 유지·36% 한정 수용; 불평등 보호 증거로 단독 관리권 박탈,ga6 §5; ledger §14,ga6 문서군; officeholders-ledger,OR-NODE-001 현직=데온 하르; 하렌과 음절 근접 관리,Deon Har; OR-NODE-001
lea-nor,,OR-HOLD-001(GA6 캐스트),PERSON,IMPORTANT_EXTRA,GA6,잔류자 대표,잔류/강제잔류자 대표; 자발/강제 잔류 상태 분리 요구,ga6 §6,ga6 문서군,OR-HOLD-001 코드가 ledger에서는 루마 세트에 배정 — 이중 배정 미해결(unresolved); 표기 미확정(정본 한글명 없음)(센서스 임시음역: 레아 노르),Lea Nor; OR-HOLD-001(경합)
luma-set,루마 세트,OR-HOLD-001(ledger),PERSON,IMPORTANT_EXTRA,GA6,잔류자 대표,오르페우스 잔류·피점령 공동체 대표; 보급·방어·항복 협상,ledger §15,officeholders-ledger,OR-HOLD-001 이중 배정의 다른 축 — 미해결(unresolved); 루마 펠과 별개,Luma Set; OR-HOLD-001(경합)
en-roka,엔 로카,En Roka,PERSON,IMPORTANT_EXTRA,GA6,잔류자,환자·간병인 대표; 귀환·실종자 청구 지도,ledger §15,officeholders-ledger,근사 동명 주의: Ben Rok(roster)과 별개 인물,En Roka
sev-ro,세브 로,Sev Ro,PERSON,IMPORTANT_EXTRA,GA6,오르페우스 노드,열·전력 교대 리더; 기술권 승계,ledger §14,officeholders-ledger,이마 로·키안 로와 로 표기 충돌 관리,Sev Ro
muren-kas,무렌 카스,OR-ORD-001; OF-603,PERSON,IMPORTANT_EXTRA,GA6(GA8-9 재사용),노드 열관리 작업조,열 수리 노동자; 대피 부하·수렴 용량 정량 비교; 불평등 대피 보호 폭로,ga6 §7; roster §10,ga6 문서군; ordinary-roster,,Muren Kas; OR-ORD-001; OF-603
tiren-o,티렌 오,OR-ORD-002; OF-602,PERSON,IMPORTANT_EXTRA,GA6(GA10 재사용),민간(아동/후견),경합 후견 하의 12세 아동; 후견/이동 권한 분리 강제; GA10 학교·신원 전환 포컬,ga6 §8; roster §9,ga6 문서군; ordinary-roster,성 1음절 O — 명명 정책 경계 사례,Tiren O; OR-ORD-002; OF-602
soa-rin,소아 린,OR-ORD-003; OF-604,PERSON,IMPORTANT_EXTRA,GA6 이후,민간 화물선,화물 선장; 농업 화물 보존·승객 환산 감소 수용; 수용지역 협동조합 창설자,ga6 §9; roster §11,ga6 문서군; ordinary-roster,메사 린·린 오사와 린 표기 충돌 관리,Soa Rin; OR-ORD-003; OF-604
soren-via,소렌 비아,Soren Via,PERSON,IMPORTANT_EXTRA,GA6,공공서비스,인력·목적지 통합 장교; 지역 병원·서비스망 관리; 일상 호칭 소렌,ledger §11; errata-002,officeholders-ledger; errata-002,구명 소렌 미아(Soren Mia) — errata-002 최종명 소렌 비아; 미아 렌츠 충돌 회피 개명,Soren Via; 소렌 미아(구명); Soren Mia(구명)
sena-rok,,BA-VIC-001,PERSON,IMPORTANT_EXTRA,GA7,피해지역·피해자 청구 대표단,청구 대표; 누락 인구·하류 사망을 일급 증거화,ga7 e716-740 §4,ga7 문서군,Sira Keon과 유사음 관리; Ben Rok·Rok Tain과 록 충돌; 표기 미확정(정본 한글명 없음)(센서스 임시음역: 세나 록),Sena Rok; BA-VIC-001
marid-ken,,BA-AN-001,PERSON,IMPORTANT_EXTRA,GA7,수사 협조 분석가,항로위험 모델 분석가; 모델 판본사·맹점 증언; 자발적 보호 수감,ga7 e716-740 §2,ga7 문서군,표기 미확정(정본 한글명 없음)(센서스 임시음역: 마리드 켄),Marid Ken; BA-AN-001
toa-vern,,BA-KEY-001,PERSON,IMPORTANT_EXTRA,GA7,수사 협조 기술자,자격증명 보관·직위 이관 기술자; 11개 계보 지식; 마스터키 단일 서사 거부,ga7 e716-740 §3,ga7 문서군,표기 미확정(정본 한글명 없음)(센서스 임시음역: 토아 베른),Toa Vern; BA-KEY-001
bes-aron,베스 아론,Bes Aron,PERSON,IMPORTANT_EXTRA,GA6-7,중립 회원 선장 연락,회원-선장 연락관·거부/임무 대안 담당; 오라 니브의 임시 조정 승계,ga7 e691-715 §6; ledger §13,ga7 문서군; officeholders-ledger,카린 베스와 유사음 관리,Bes Aron
rok-tain,로크 타인,Rok Tain,PERSON,IMPORTANT_EXTRA,GA7,초토 거부 연합,폭파 책임자; D4/D5 기록 분열 후 강경 잔당 지도,ledger §18,officeholders-ledger; succession-table §6,sweep의 Rok(스코치드 셀)=로크 타인 병합; 벤 로크와 로크 충돌 관리,Rok Tain; Rok
ima-ro,이마 로,RF-L04,PERSON,IMPORTANT_EXTRA,GA7,지역 노드/시민 관리,선출 시민·노드 리더; 중앙 압류·즉시 파괴 모두 거부,ledger §19,officeholders-ledger; ga7-route-war-leaders,RF-L04 현직=이마 로,Ima Ro; RF-L04
toren-vi,토렌 비,Toren Vi,PERSON,IMPORTANT_EXTRA,GA7,지역 노드,선임 오퍼레이터 부관; 지역 심사 후 기술권 분리,ledger §19,officeholders-ledger,,Toren Vi
lien-kos,리엔 코스,Lien Kos,PERSON,IMPORTANT_EXTRA,GA7,지역 노드,시민 서비스 대표 부관,ledger §19,officeholders-ledger,,Lien Kos
dao-ver,다오 베르,Dao Ver,PERSON,IMPORTANT_EXTRA,GA7-8,의존지역 치료 물류,치료·보급 조정자; 린 오사 사후 서비스 조정만 승계(증언 권위 비승계),ledger §20; succession-table §6,officeholders-ledger; succession-table,요나 베르와 베르 표기 충돌 관리,Dao Ver
hara-ben,하라 벤,OF-703,PERSON,IMPORTANT_EXTRA,GA7(GA9 재사용),하류 농업 협동,농업 협동 행정관; 실질 부담 분담 제안; GA9 하렌 유산 비판,roster §14,ordinary-roster,다라 벤과 벤 표기 충돌 관리; 근사 동명 주의: Dara Ben(동일 문서 roster 내)과 별개 인물,Hara Ben; OF-703
nev-aran,네브 아란,OF-702,PERSON,IMPORTANT_EXTRA,GA7(GA8·10 재사용),하렌 거부망 기술,가역 거부 하드웨어 기술자; 숨은 영구 실패모드 발견 후 서명 거부; GA8 출처 증인·GA10 기술 격리 감사,roster §13,ordinary-roster,베스 아론과 아론/아란 유사음 관리,Nev Aran; OF-702
eren-sol,,Translation and Provenance Rapporteur,PERSON,IMPORTANT_EXTRA,GA8,협약 보고관(중립 증거),6240 시드연계 물체 연대기·기능 분석 리드; 증거 전용 권한; 양측이 선택 인용,ga8-e826-850; ga8-e851-875,ga8 문서군,메이라 솔·테렌 솔과 솔 표기 충돌 관리; 표기 미확정(정본 한글명 없음)(센서스 임시음역: 에렌 솔); 근사 동명 주의: Teren Sol(ga9)과 별개 인물,Eren Sol
mira-quell,,Mira Quell,PERSON,IMPORTANT_EXTRA,GA8,현재돌봄 시스템 연구,의료·분산 돌봄 분석 대표; 비공식 돌봄망 저평가 14사례 발견,ga8-e851-875,ga8 문서군,표기 미확정(정본 한글명 없음)(센서스 임시음역: 미라 퀠),Mira Quell
mael-corven,,Imperial Continuity Jurist,PERSON,IMPORTANT_EXTRA,GA8,제국 연속성 네트워크,제국 창건사 연합 대표; 칭호 없는 기여 수용; 만료 비상직 부활 불가,ga8-e826-850,ga8 문서군,imperial-continuity-network의 대표 얼굴; 표기 미확정(정본 한글명 없음)(센서스 임시음역: 마엘 코르벤),Mael Corven
sera-nym,,Independence Exodus Civic Historian,PERSON,IMPORTANT_EXTRA,GA8,독립 엑소더스 네트워크,후손 조직가·역사가; 영웅 소유 서사에서 노동·가족·교정 구제로 전환,ga8-e826-850,ga8 문서군,independence-exodus-network의 대표; 표기 미확정(정본 한글명 없음)(센서스 임시음역: 세라 님),Sera Nym
dovan-pell,,Helix Successor Maintenance Trustee,PERSON,IMPORTANT_EXTRA,GA8,헬릭스 승계 신탁,승계 기술신탁 대표; 2940 검증 채무의 감독 지급 수용; AI 인격의 자산 주장 불가,ga8-e826-850,ga8 문서군,오다 펠과 성 충돌 표기 관리(가족 관계 미확정); 표기 미확정(정본 한글명 없음)(센서스 임시음역: 도반 펠),Dovan Pell
iven-tal,,Neutral Custodial Convenor,PERSON,IMPORTANT_EXTRA,GA8,중립 수탁 네트워크,수탁망 대표; 구금 제한의 기한·사유·항소 한계 수용,ga8-e826-850,ga8 문서군,neutral-custodial-network의 대표; Iven 계열 충돌 관리; 표기 미확정(정본 한글명 없음)(센서스 임시음역: 이벤 탈),Iven Tal
ilya-serr,,Return Council Procedure Lead,PERSON,IMPORTANT_EXTRA,GA8,세라트 귀환 평의회,후손 청구 조정; 혈통은 마스터키가 아님,ga8-e826-850,ga8 문서군,Serr가 Serrat과 음운 유사 — 충돌표 대상; Ilya Fen과 별개; 표기 미확정(정본 한글명 없음)(센서스 임시음역: 일리야 세르),Ilya Serr
toma-vey,,Diaspora Service Cooperative Coordinator,PERSON,IMPORTANT_EXTRA,GA8,디아스포라 서비스 협동조합,서비스 채널 대표; 3700 미해결 사용자 장부; E844 수동 대응 조직,ga8-e826-850,ga8 문서군,Chorus Thread Vey와 성 충돌(우연 추정) 관리; Toma Cal·Toma Ess와 이름 중복 관리; 표기 미확정(정본 한글명 없음)(센서스 임시음역: 토마 베이),Toma Vey
kesh-vara,,Serrat Habitat Safety Coordinator,PERSON,IMPORTANT_EXTRA,GA8,세라트 현지 거주구 당국,물리 접근·기질 안전·비상 정지; 9구역 조닝 시행,ga8-e826-850,ga8 문서군,serrat-local-habitat-authority의 명명된 조정자; 표기 미확정(정본 한글명 없음)(센서스 임시음역: 케시 바라),Kesh Vara
serat-moen,세라트 모엔,Serat Moen,PERSON,IMPORTANT_EXTRA,GA8,메리디안 기록원,수석 국가 큐레이터; 제한적 색인 접근 승인; 봉인자료 오용 노출 후 집행 관리권 사임,ledger §21; succession-table §7,officeholders-ledger; succession-table,sweep의 Serat 병합; 인명 Serat와 지명 Serrat 구분 필요,Serat Moen; Serat
iro-vas,이로 바스,Iro Vas,PERSON,IMPORTANT_EXTRA,GA8,오르센 환자 의회,임상 조정자; 현재 임상 안전 우선; 환자 대표권 비승계,ledger §22; succession-table §7,officeholders-ledger; succession-table,sweep의 Iro 병합,Iro Vas; Iro
sef-lain,세프 라인,Sef Lain,PERSON,IMPORTANT_EXTRA,GA8-9,아르디스 항로 미러,노동·정비 기록 대표 부관,ledger §23; errata-002,officeholders-ledger; errata-002,구명 세프 아린(Sef Arin) — errata-002 최종명 세프 라인; 아린 베일과 표기 충돌 해소,Sef Lain; 세프 아린(구명); Sef Arin(구명)
savel-ir,사벨 이르,Savel Ir,PERSON,IMPORTANT_EXTRA,GA8,팔림프세스트 지역회의,임시 소집자; 외부 압류에 맞서 소집하되 전 지역 구속 불가; 비상 종료 후 해산,ledger §24; succession-table §7,officeholders-ledger; succession-table,sweep의 Savel 병합; 이르 다넬과 이르 충돌 관리,Savel Ir; Savel
mera-un,메라 운,Mera Un,PERSON,IMPORTANT_EXTRA,GA8,룸 번역/지방정부,Authority F 번역 조건 협상 부관,ledger §24,officeholders-ledger,메이라 솔과 음소 유사 관리,Mera Un
rav-kes,라브 케스,Rav Kes,PERSON,IMPORTANT_EXTRA,GA8,베스퍼 정비,전력·냉각·서비스 노동자 리더; 조건부 가동; 나크레-3 이후 고위험 현장 은퇴,ledger §25,officeholders-ledger,노마 케스와 성 동일(관계 미명시),Rav Kes
nio-ser,니오 세르,Nio Ser,PERSON,IMPORTANT_EXTRA,GA8,베스퍼,신진 오퍼레이터·훈련 조정자; 분산 오퍼레이터 칼리지 지도,ledger §25,officeholders-ledger,,Nio Ser
bel-ona,벨 오나,Bel Ona,PERSON,IMPORTANT_EXTRA,GA8,콰이어트 하버 정체성 서약,서약 대변인; 전면 동기화 거부; 단일 대변인의 전 정체성 통제 불가,ledger §26,officeholders-ledger,이사 벨·티아 벨과 벨 충돌; 네미 오라·세비 오라와 유사음 관리,Bel Ona
risa-kern,리사 케른,Risa Kern,PERSON,IMPORTANT_EXTRA,GA8,콰이어트 하버,개인 옵트인 출구 옹호; 외부 의료·신원 필요자의 개별 출구 확보,ledger §26,officeholders-ledger,,Risa Kern
nav-es,나브 에스,Nav Es,PERSON,IMPORTANT_EXTRA,GA8,나크레-3 관리인,원천·노동자·환자 증언 관리인; E889 강압 복사 대신 파괴 승인; 증인·책임 지위 보유,ledger §27; succession-table §7,officeholders-ledger; succession-table,,Nav Es
orin-da,오린 다,Orin Da,PERSON,IMPORTANT_EXTRA,GA8,나크레-3,공동 관리인; 생사·부상 여부는 후속 상태표 대기(미확정),ledger §27,officeholders-ledger,생사 미확정 — 상태표 결정 대기; 오렌 로만과 음소 유사,Orin Da
mire-saun,미레 사운,OF-802,PERSON,IMPORTANT_EXTRA,GA8(GA10 재사용),룸 해비탯 번역,번역 견습; 불확실성 삭제 지적·경계 있는 느린 버전 제안; GA10 번역협약 노동자,roster §16,ordinary-roster,,Mire Saun; OF-802
kes-arim,,Kes Arim,PERSON,IMPORTANT_EXTRA,GA9,권리·정확성 감사,8만건 결정 층화 감사 주도; 정확도가 공정을 증명하지 않음 입증,ga9-e901-925 §13,ga9 문서군,PR-L02와 기능 인접(별개 유지); 표기 미확정(정본 한글명 없음)(센서스 임시음역: 케스 아림),Kes Arim
pera-il,,Pera Il,PERSON,IMPORTANT_EXTRA,GA9,조건부 가입 지역,조건부 가입 협상가; 기능별 투표 요구,ga9-e901-925 §14,ga9 문서군,PR-L04와 기능 인접(별개 유지); 표기 미확정(정본 한글명 없음)(센서스 임시음역: 페라 일),Pera Il
don-varek,,Don Varek,PERSON,IMPORTANT_EXTRA,GA9,연합 탈퇴시험 행정,탈퇴 시뮬레이션·휴대성 관리자; 고통 없는 탈퇴 수사는 거짓 입장,ga9-e901-925 §15,ga9 문서군,카르 바젠과 바 계열 유사음 관리; 표기 미확정(정본 한글명 없음)(센서스 임시음역: 돈 바레크),Don Varek
teren-sol,,Teren Sol,PERSON,IMPORTANT_EXTRA,GA9,승무원 가족 권익,급여·휴식·가족이전 연결; 17400건 공통증명 옹호; 5년 피해·휴대성 기금 지지,ga9-e901-925 §5,ga9 문서군,테렌 보스 2인·에렌 솔과 표기 충돌 관리; 표기 미확정(정본 한글명 없음)(센서스 임시음역: 테렌 솔); 근사 동명 주의: Eren Sol(ga8)과 별개 인물,Teren Sol
sen-daro,,Sen Daro,PERSON,IMPORTANT_EXTRA,GA9,비표준 돌봄 네트워크,비표준 돌봄 엔지니어; 경계지어진 동등성 시험 창설; 지역귀환·훈련 노드화,ga9 3개 문서,ga9 문서군; ga8(스레드),표기 미확정(정본 한글명 없음)(센서스 임시음역: 센 다로),Sen Daro
oda-pell,,Oda Pell,PERSON,IMPORTANT_EXTRA,GA9,외부 운송(비연합),외부 운반선 선장; 연합 비가입 합법 협력 시연; 중립 70척 원장측 대표격,ga9 3개 문서,ga9 문서군,도반 펠과 성 충돌 표기 관리; 표기 미확정(정본 한글명 없음)(센서스 임시음역: 오다 펠),Oda Pell
roen-tas,로엔 타스,OF-902,PERSON,IMPORTANT_EXTRA,GA9-10,미등록 수리 노동,신원 P3/산업 P1 노동자; 성역망 보호 위해 전면 공개 거부; GA10 임시 신원·이의 실패 포컬,roster §21,ordinary-roster,에다 로엔과 로엔 표기 충돌 관리,Roen Tas; OF-902
sevi-ora,세비 오라,OF-903,PERSON,IMPORTANT_EXTRA,GA9-10,코어 학생,기록 복원 학생; 급우 위조 신고; GA10 학교기록 전환의 청년 목소리,roster §22,ordinary-roster,네미 오라·오라 니브와 오라 충돌 관리,Sevi Ora; OF-903
hao-min,하오 민,Hao Min,PERSON,IMPORTANT_EXTRA,GA9-10,수혜 공동체,주거·신규유입 서비스 조정자; 배제된 신규자 옹호 지도자로 성장,ledger §28,officeholders-ledger,,Hao Min
ben-rok,벤 로크,OF-904,PERSON,IMPORTANT_EXTRA,GA9-10,유예 프런티어 노드,소형 노드 행정관; 제한적 아우렐 신탁 수용; GA10 이동 최소서비스·개별 출구 협상,roster §23,ordinary-roster,로크 타인과 로크 충돌 관리; 근사 동명 주의: En Roka(ledger)와 별개 인물,Ben Rok; OF-904
nera-vos,,Nera Vos,PERSON,IMPORTANT_EXTRA,GA10(E1001-1025),첫 독립 작곡가 팀,무리안 작곡가 셀의 인간 작곡가 훈련생(E1007 28만6천명 최소서비스 복원),ga10-e1001-1025 §8,ga10 문서군,네라 비크와 이름 네라 중복 — 별개(충돌 관리); 표기 미확정(정본 한글명 없음)(센서스 임시음역: 네라 보스(표기 미확정)),Nera Vos
kera-no,케라 노,OF-1001,PERSON,IMPORTANT_EXTRA,GA10,코어 약국,약국 기술자; 정전 중 중앙 폴백 사용으로 환자 구제; 폴백 만료 지지,roster §24,ordinary-roster,케라 모트와 이름 중복 관리,Kera No; OF-1001
tao-liv,타오 리브,OF-1002,PERSON,IMPORTANT_EXTRA,GA10,프런티어 이동 의료,이동 의무·청구 노동자; 개인의 외부 의료 선택 보호 후 심사·제재 수용,roster §25,ordinary-roster,,Tao Liv; OF-1002
ir-danel,이르 다넬,OF-1003,PERSON,IMPORTANT_EXTRA,GA10,지방 재정,재정·급여 국장; 분권 후 지역 포획 사례 시연; 외부 이의로 교정,roster §26,ordinary-roster,사벨 이르와 이르 충돌 관리,Ir Danel; OF-1003
noma-kes,노마 케스,OF-1005,PERSON,IMPORTANT_EXTRA,GA10,붕괴 회랑 주민,임시 미션신탁 지역 주민; 확정 철수 일정·지역 대표성 요구,roster §28,ordinary-roster,라브 케스와 성 동일(관계 미명시),Noma Kes; OF-1005
erin-savo,에린 사보,OF-1006,PERSON,IMPORTANT_EXTRA,GA10,제대 군인,제대 프레임 조종사; 중앙 지휘 자격 포기·지역 구조 자격 취득,roster §29,ordinary-roster,세린 오르와 음소 유사 관리; 사보 니르와 표기 중복 관리,Erin Savo; OF-1006
aurel-executor-ai,아우렐 집행체,AU-AI; Bounded Administrative AI,EMBODIMENT,N/A,GA1(파편)-GA10(분리),연속성국/아우렐 서비스망,한정 행정 AI 구현체 유형; 신원·의료·급여·명령·노드 기능 집행; GA1-3은 침묵한 프로토콜 파편,aurel-timeline §3-4,aurel-embodiment-and-office-timeline,유형(class)이며 단일 개체 아님,AU-AI
aurel-continuity-seat,아우렐 연속성좌,AU-C; C-CONT-001,EMBODIMENT,N/A,GA6-10,연속성국/제위 청구축,인간 승인+AI 모델+기록의 복합 비상 기능; 제위 청구 4축 중 연속성 청구의 정치적 실체; GA9 보존체제 집행부; GA10 키 분할,aurel-timeline §3; name-lock §6,aurel-embodiment-and-office-timeline; name-lock,name-lock C-CONT-001=AU-C 동일 실체 병합,AU-C; C-CONT-001; Aurel Continuity Seat
arin-vale,아린 베일,AU-P; OF-1004,EMBODIMENT,RECURRING_SUPPORT,GA8-10(+에필로그),아우렐 파생 독립 인격,인격 연속성·거부 능력을 입증한 독립 인격; E1048 시민권/개인명 선택; GA10 개인 지위 획득; 리안의 조수도 마스터키도 아님,aurel-timeline §3·§6; ledger §36·§39; roster §27,aurel-timeline; officeholders-ledger; ordinary-roster; terminology-bible,분리 전 장면은 아우렐 계층 라벨; 세프 아린(구명 세프 라인으로 해소)과 충돌 관리; sweep은 AI로 분류 — EMBODIMENT 채택,Arin Vale; AU-P; OF-1004; 아린; 아린 인격체
aurel-archive-partner,,Archive Partner; CLM-04 paired archival AI,AI,N/A,GA4-10,연속성국,법적 한정 기록 AI; 제도 기억·연속성 위험 모델; 인간 승인 없이 주권 목표 설정 불가; 악한 AI 반전 금지,a001 §1·§6; claimants-bible §22,antagonist-a001; ga4-frontstage-claimants,CLM-04 페어 아카이브 AI와 동일 계보 병합; AU-AI 집행체와 개념 중첩은 별개 유지; 표기 미확정(정본 한글명 없음)(센서스 임시음역: 아우렐 아카이브 파트너),Archive Partner; CLM-04 archive AI
archive-legacy-record,유산록,Archive; Legacy Record,AI,N/A,GA1-10,아카이브 기관/시스템,미래사 색인·압축 시스템; 사람을 역사적 역할로 압축; 리안 기억 오염의 원천,protagonist-p001 §8; rian-index,protagonist-p001-bible; rian-index-removal,개인 아님 — 시스템 레코드,Archive; 유산록
soril-7,소릴-7,PR-L06; OF-803,AI,RECURRING_SUPPORT,GA8-10,AI 연속성 시민,인정받은 AI 연속성 시민; 강제 병합 거부; GA10 임시 인격 전환 패널 위원·개인 지위 획득,ledger §33; roster §17; succession-table §8·§12,officeholders-ledger; ordinary-roster; succession-table,PR-L06 실현체; ledger·roster 동일 개체 병합,Soril-7; Soril; PR-L06; OF-803
reum-2,레움-2,OF-805,AI,IMPORTANT_EXTRA,GA8-10,콰이어트 하버 거주,AI 파생 현재인격; 제한적 신원 번역 옵트인; GA10 개별 출구 선례,roster §19,ordinary-roster,,Reum-2; OF-805
ilex-three,,Ilex-Three,AI,IMPORTANT_EXTRA,GA9,루멘 복수성 위임,루멘 위임 AI; 근본 전용 비상 신원 거부; 군사 정체성 융합 거부,ga9 §9; ga9 3개 문서,ga9 문서군,Ilex-Seven과 자매 분기 — 별개 개체 유지; 표기 미확정(정본 한글명 없음)(센서스 임시음역: 일렉스-3),Ilex-Three
ilex-seven,,Ilex-Seven,AI,RECURRING_SUPPORT,GA9-10,루멘 복수성 위임/첫 작곡가 팀,루멘 위임 AI; 공동체 통제 병렬 증명 선호; GA10 첫 독립 작곡가 팀의 AI 연결자,ga9 §9; ga10-e1001-1025 §8,ga9 문서군; ga10 문서군,같은 뿌리 다른 선호 — Ilex-Three와 별개; 표기 미확정(정본 한글명 없음)(센서스 임시음역: 일렉스-7),Ilex-Seven
chorus-thread-vey,,Chorus Thread Vey,AI,IMPORTANT_EXTRA,GA9,오리슨 합창(번역·가구),오리슨 번역·기념명·복수 가구 위임; 데이터베이스 확실성의 가족 정당성 결정 반대,ga9 §10; ga9 3개 문서,ga9 문서군,record_type 미확정(PERSON/AI 문서 간 상이) — 오리슨 스레드 성격상 AI 채택(unresolved); 토마 베이와 성 충돌 관리; 표기 미확정(정본 한글명 없음)(센서스 임시음역: 코러스 스레드 베이),Chorus Thread Vey
three-serrat-ai-persons,,three Serrat current AI persons,AI,IMPORTANT_EXTRA,GA8(사망; GA8-10 참조),세라트 AI 공동체,안정화 중 영구 사망한 연속성-루트 AI 인격 3인(개별 무명); 3회 중복 계수 금지; 애도·승계는 공동체 통제,ga8-e801-825 §5; ga8-10 영구손실 명단,ga8-10 문서군,개별 이름 미기재 — 집합 1행(3개체); 표기 미확정(정본 한글명 없음)(센서스 임시음역: 세라트 현재 AI 인격 3인),three Serrat AI persons(무명 3인)
aurel-a001,아우렐,A-001; Continuity Office 복합체,OFFICE,CORE_ANTAGONIST_RIVAL,GA1(파편)-GA10(분해),연속성국(Continuity Office),단일 인물이 아닌 연속성 이름 — 인간 직위 계보+한정 AI 집행체+기관을 하나의 독자 대면 이름으로 묶음; 주 제도적 적대 축; GA10 복수 법인격으로 분해,a001 §1; aurel-timeline §1; checkpoint-matrix §5,antagonist-a001; aurel-timeline; name-lock; checkpoint-matrix,continuity-office 기관 행과 GA5-7 Aurel 권한G 행 병합; 현직 인간축은 이사 벨→아벤 로(PERSON 행 참조),Aurel; A-001; 문명연속성국장; 연속성 집행좌; Adaptive Unified Registry and Emergency Lattice Executive; Seed(연계)
blood-admiral-title,피의 제독(칭호),The Blood Admiral,OFFICE,N/A,GA7-10(기록층)·원 시간선,역사 교리/기록층,분쟁 중인 역사 칭호·기록층; 단독 귀속 금지(모델·참모·자격증명·현재결정·선전 5층 분해); 하렌·아벤·리안 각자 부분,ga8-e851-875 §15; ga10-e1076-1100 §16,ga7-10 문서군; h001-bible,칭호이지 개인 아님 — 병합 단계에서 단일 인물로 붕괴 금지,Blood Admiral; 피의 제독
continuity-director-office,연속성 국장(직위),Continuity Director; Continuity Custodian,OFFICE,N/A,GA4-10,연속성국,연속성 국장·관리인 직위 계보; 상속된 사무소·직원·법·지지기반,ga8-e851-875 §3; ga7-route-war-leaders,ga7-10 문서군; ga9-preservation-regime,현직: 이사 벨(AU-H 시기)→아벤 로(GA8-10); Custodian/Director 명칭 병합,Continuity Director; Continuity Custodian; 연속성 디렉터
crown-reference-office,,Crown Reference Office,OFFICE,N/A,GA4(E431-450 신설),Compact v1,제한적 상징·대외 직위; 최대 18개월; 세습·자동 승계 금지,ga4-final §1,ga4 문서군,현직: 엘리안 아르젠; 표기 미확정(정본 한글명 없음)(센서스 임시음역: 국가참조(왕관참조) 직위),Crown Reference Office
route-emergency-executor,,Route Emergency Executor,OFFICE,N/A,GA7(E746-753; 96시간),15개 정치체 선출 임시직,일회용 임시 집행직; 최대 1회 72시간 D4 명령; 갱신 불가·조사 의무 내장,ga7 e741-765 §1,ga7 문서군,현직: 하렌 도안(E746); 표기 미확정(정본 한글명 없음)(센서스 임시음역: 항로 비상 집행관(10-3-2)),Route Emergency Executor 10-3-2
transitional-command-composer,,Transitional Command Composer,OFFICE,N/A,GA9 E1000-GA10,보존회랑연합,전역 승리 후 60일 한시 전환 지휘직; 소유·영구직·자동갱신 없음,ga9-e976-1000 §2,ga9-10 문서군,현직: 리안(E1025 만료); 표기 미확정(정본 한글명 없음)(센서스 임시음역: 전환 명령-작곡가(60일)),Transitional Composer
coalition-tech-continuity-coordinator,,Coalition Technical Continuity Coordinator,OFFICE,N/A,GA9,보존회랑연합,연합 기술 조정 직위; 패키지 호환·사고 분석·자격증명 아키텍처 자문,ga9-e901-925 §3,ga9 문서군,현직: 아벤 로; 표기 미확정(정본 한글명 없음)(센서스 임시음역: 연합 기술 연속성 조정자),
tr-l01,,TR-L01; Transition Convenor,OFFICE,N/A,GA10,수혜 지역·서비스 기관,이양 조건 협상; 최소서비스 협약 리더로 종결,ga10-roles TR-L01,ga10-transition-actors,PR-L01(다라 벤)과 통합 가능성 미결; 표기 미확정(정본 한글명 없음)(센서스 임시음역: 전환 소집자(TR-L01)),TR-L01
tr-l02,,TR-L02,OFFICE,N/A,GA10,첫 RS-1/RS-2 이양 지역,첫 이양 지역 수장; 실패 후에도 지속; 여러 지역 모델 중 하나,ga10-roles TR-L02,ga10-transition-actors,PR-L04/Ardis 승계/RF-L01 통합 후보 미결; 표기 미확정(정본 한글명 없음)(센서스 임시음역: 지역 전환 리더(TR-L02)),TR-L02
tr-l03,,TR-L03,OFFICE,N/A,GA10,중앙 연속성,자기 체계를 해체하는 관료; 위험 통제 전 키·직원·데이터 이양,ga10-roles TR-L03,ga10-transition-actors,A-001 승계 인간/AI 구성 또는 신임 국장 — 미결; 표기 미확정(정본 한글명 없음)(센서스 임시음역: 중앙 연속성 전환 국장(TR-L03)),TR-L03
tr-l04,배제·폐쇄 신원 연합 대표(TR-L04),TR-L04,OFFICE,N/A,GA10,저신뢰·폐쇄·삭제 공동체,잠정 지위 복원; 영구 중앙 신원과 무모한 삭제 동시 방지,ga10-roles TR-L04,ga10-transition-actors,PC-003·망각권 대표 통합 후보 미결,TR-L04
tr-l05,,TR-L05,OFFICE,N/A,GA10,공동함대 헌장,이양 보호; 자기 제한으로 새 중앙 권력화 방지; 위협 종료 전 동원 해제,ga10-roles TR-L05,ga10-transition-actors,FC-002~005·CAP-001 승계 후보; 리안 아님 명시 — 미결; 표기 미확정(정본 한글명 없음)(센서스 임시음역: 전환 보안/공동함대 사령관(TR-L05)),TR-L05
tr-l06,기술·서비스 커먼즈 대표(TR-L06),TR-L06,OFFICE,N/A,GA10,산업·의료·노동·AI 연합,표준 관리·수동 폴백·서비스 이전; H-002 너머의 평의회 구조,ga10-roles TR-L06,ga10-transition-actors,중심 보유자 권고: 네라 비크(H-002),TR-L06
tr-l07,,TR-L07,OFFICE,N/A,GA10,복수 아카이브 연합,현재상태 번역 조정; 마스터 역사 없는 얇은 공유 프로토콜,ga10-roles TR-L07,ga10-transition-actors,보유자 권고: 세린 오르(S-001); 표기 미확정(정본 한글명 없음)(센서스 임시음역: 복수 아카이브 소집자(TR-L07)),TR-L07
tr-l08,,TR-L08,OFFICE,N/A,GA10,의료 네트워크,이양 중 환자 연속성; 가장 느린 이전 요구,ga10-roles TR-L08,ga10-transition-actors,보유자 권고: 미아 렌츠(M-001); 표기 미확정(정본 한글명 없음)(센서스 임시음역: 의료 최소서비스 조정자(TR-L08)),TR-L08
fb01-facts-model-key,사실/모델 키 보유자,facts/model key holder,OFFICE,N/A,GA7(E766-800),상호 항로 연방(6시간 브리지),허위개방 데이터와 실용량 구분; 불확실성 보전; 실행 명령권 없음; 영구 보유자 없음,ga7 e791-800 §4,ga7 문서군,3키 직위군 — 현직 무명,facts/model key holder
fb01-affected-receiving-key,피해/수용 키 보유자,affected/receiving key holder,OFFICE,N/A,GA7(E766-800),상호 항로 연방,즉시 서비스 위험·수용 능력 대표; 수용측 합법적 거부 보전,ga7 e791-800 §4,ga7 문서군,현직 무명,affected/receiving key holder
fb01-implementation-key,,implementation key holder,OFFICE,N/A,GA7(E766-800),상호 항로 연방,참여 선박·호위·수리 행위자만 구속; 기권·기술 한계 기록,ga7 e791-800 §4,ga7 문서군,현직 무명; 표기 미확정(정본 한글명 없음)(센서스 임시음역: 실행영역 키 보유자),implementation key holder
r31-technical-authority,,R-31 Technical Authority,OFFICE,N/A,GA7(E791-800),R-31 지역,허위개방 신호 후 중량 접근 정지; 유효한 D1 기술 정지 보유; 리안에 비종속,ga7 e791-800 §5,ga7 문서군,개인명 미부여; 표기 미확정(정본 한글명 없음)(센서스 임시음역: R-31 기술 당국),R-31 Technical Authority
fb01-medical-care-authority,의료·현재돌봄 당국(FB-01),Medical and Current-Care Authority,OFFICE,N/A,GA7(E791-800),의료·돌봄 권한,미검증 콜드체인 이송 차단; 긴급 의료 대기열 보호; 민간 교통 서열권 없음,ga7 e791-800 §6,ga7 문서군,GA7 일반군(§13)과 연관 — 직위 사례,Medical and Current-Care Authority
relief-convoy-commander,,Relief Convoy Commander,OFFICE,N/A,GA7(E791-800),구호 호송대,통합 무장 우선차선 요구; 무기 해충돌 수용·범위 이의; 함대 지휘권 미획득,ga7 e791-800 §7,ga7 문서군,무명 개인 — 직위 행; 표기 미확정(정본 한글명 없음)(센서스 임시음역: 구호 호송대 지휘관),Relief Convoy Commander
local-defense-screen-commander,,Local Defense Screen Commander,OFFICE,N/A,GA7(E791-800),지역 방위,외국 무기락 거부; 분리 접근 볼륨 합의; 항법·근접방어 유지,ga7 e791-800 §8,ga7 문서군,무명 개인 — 직위 행; 표기 미확정(정본 한글명 없음)(센서스 임시음역: 지역 방어막 지휘관),Local Defense Screen Commander
receiver-refusing-1100t,,Receiver Who Refuses 1100 t,OFFICE,N/A,GA7(E791-800),수용 시설,불안전 저장·치료능력 부족으로 수령 거부; 거부는 합법·작전상 유효,ga7 e791-800 §10,ga7 문서군,무명 — 직위/기관 행; 표기 미확정(정본 한글명 없음)(센서스 임시음역: 1100t 거부 수용자),Receiver refusing 1100t
former-civic-emergency-chair,,Former Civic Emergency Chair,OFFICE,N/A,GA3(E311-330),시빅→중앙집권 야당,임시 배분 사무소 의장직 만료 후 야당 합류; 실직이 범죄화 아님 잠금,ga3-final §8,ga3 문서군,개인명 미부여; 표기 미확정(정본 한글명 없음)(센서스 임시음역: 전 시빅 비상 의장),Former Civic Emergency Chair
neutral-rights-observer,,Neutral Rights Observer,OFFICE,N/A,GA8(E801-825),중립 감시,협약 과정·청구·동의·비상 보존 감시; 서명 투표 없음,ga8-e801-825 §12,ga8 문서군,무명 — 기관일 가능성; 표기 미확정(정본 한글명 없음)(센서스 임시음역: 중립 권리 감시자),Neutral Rights Observer
outside-mirror-custodian,,Outside Mirror Custodian,OFFICE,N/A,GA8(E801-825),독립 미러 네트워크,결락 안전·출처 노트 포함 독립 사본 보존; 자체 위임 하 공개 거부 가능,ga8-e801-825 §13,ga8 문서군,중립 수탁 네트워크(이벤 탈)와 중첩 가능 — 미결; 표기 미확정(정본 한글명 없음)(센서스 임시음역: 외부 미러 관리자),Outside Mirror Custodian
ar-civ-001,AR-CIV-001,AR-CIV-001,OFFICE,N/A,GA3,아르디스 지역 세력,시빅 연속성 평의회 의장/시장 대행 — 이름 OPEN,ardis-local-factions,ardis-local-factions,,AR-CIV-001
ar-wrk-001,AR-WRK-001,AR-WRK-001,OFFICE,N/A,GA3,아르디스 지역 세력,파운드리 파업·비상운영 의장 — 이름 OPEN,ardis-local-factions,ardis-local-factions,케라 모트 인접 직위 — 동일 여부 미결,AR-WRK-001
ar-nod-001,AR-NOD-001,AR-NOD-001,OFFICE,N/A,GA3,아르디스 지역 세력,노드 커스토디언 칼리지 선임 운영자 — 이름 OPEN,ardis-local-factions,ardis-local-factions,토마 칼과의 관계 미결,AR-NOD-001
ar-trn-001,AR-TRN-001,AR-TRN-001,OFFICE,N/A,GA3,아르디스 지역 세력,트랜짓·미등록 주민의회 순환 대표 — 이름 OPEN,ardis-local-factions,ardis-local-factions,아리 벤 인접 — 동일 여부 미결,AR-TRN-001
ar-fed-001,AR-FED-001,AR-FED-001,OFFICE,N/A,GA3,아르디스 지역 세력,연방파/독립 연합 지역의원·방위 조직가 — 이름 OPEN,ardis-local-factions,ardis-local-factions,바렌 수트와 별개 층위,AR-FED-001
ar-hel-001,AR-HEL-001,AR-HEL-001,OFFICE,N/A,GA3,아르디스 지역 세력,헬릭스-채권단 복구청 지역 관재 이사 — 이름 OPEN; R-HEL-001과 구분,ardis-local-factions,ardis-local-factions,이븐 코르와 관계 미결,AR-HEL-001
ar-def-001,AR-DEF-001,AR-DEF-001,OFFICE,N/A,GA3,아르디스 지역 세력,지역방위 사령관 대행 — 이름 OPEN,ardis-local-factions,ardis-local-factions,현직자 셀라 코브 추정(UNCERTAIN),AR-DEF-001
rec-l01,REC-L01,REC-L01,OFFICE,N/A,GA8,기록전쟁 6개 세력,연속성 인증국 대표 — 이름 OPEN,ga8-record-war-factions,ga8-record-war-factions,A-001=아벤 로 슬롯 추정,REC-L01
rec-l02,REC-L02,REC-L02,OFFICE,N/A,GA8,기록전쟁 6개 세력,복수 아카이브 연합 대표 — S-001 또는 독립 소집자 권장,ga8-record-war-factions,ga8-record-war-factions,세린 오르 슬롯 겹침,REC-L02
rec-l03,REC-L03,REC-L03,OFFICE,N/A,GA8,기록전쟁 6개 세력,복원 진실 의회 대표 — 이름 OPEN,ga8-record-war-factions,ga8-record-war-factions,,REC-L03
rec-l04,REC-L04,REC-L04,OFFICE,N/A,GA8,기록전쟁 6개 세력,망각권/해방망 대표 — 이름 OPEN,ga8-record-war-factions,ga8-record-war-factions,,REC-L04
rec-l05,REC-L05,REC-L05,OFFICE,N/A,GA8,기록전쟁 6개 세력,AI·복합 인격 협약 대표 — 단일 대변인 회피,ga8-record-war-factions,ga8-record-war-factions,소릴-7 인접 슬롯(UNCERTAIN),REC-L05
rec-l06,REC-L06,REC-L06,OFFICE,N/A,GA8,기록전쟁 6개 세력,국가/헬릭스 운용기록 연합 대표 — R-HEL 후계 권장,ga8-record-war-factions,ga8-record-war-factions,베릭 칼(R-HEL-001) 연결,REC-L06
flt01-commander,,FLT-01 Meridian Defense commander,OFFICE,N/A,GA5,공동함대 FLT-01,GA5 OOB에서 유일하게 무명인 편성 지휘관,ga5 OOB §2,ga5 OOB,병합 시 05 함대지휘관 바이블 대조 필요; 표기 미확정(정본 한글명 없음)(센서스 임시음역: FLT-01 지휘관),FLT-01 commander
flt06-command,,FLT-06 Outer Meridian/Ardis route coalition,OFFICE,N/A,GA5,공동함대 FLT-06,연합 편성 — 단일 지휘관 무명,ga5 OOB §2,ga5 OOB,에른 계열 연합 추정(UNCERTAIN); 표기 미확정(정본 한글명 없음)(센서스 임시음역: FLT-06 지휘부),FLT-06 command
provisional-cell-c9,,두 번째 다섯 번째 답(사후 멸칭),GROUP,BACKGROUND_GROUP,GA1(E45-51),제13학원 생도 셀,6인 저자원 임시셀; 4인 전면(IC-001~004)·2인 미명명,e45 §2,e45-incident,미명명 2인 개인 행 미생성; 표기 미확정(정본 한글명 없음)(센서스 임시음역: 임시셀 C-9),
helix,헬릭스,Helix,GROUP,BACKGROUND_GROUP,GA1-10,기업,표준협약·인증·특허 독점 기업; H-002 공방 압류 주체,h002-bible §3; e45 §8,h002-bible; e45-incident; ledger,정본은 헬릭스 세력 바이블,
black-ward,,Black Ward,GROUP,BACKGROUND_GROUP,GA1,학원 연구/비밀 의료,숨은 신경치료 부문; 레타 손 치료 서명 출처,e45 §8,e45-incident; i001-bible,조직이자 장소; 표기 미확정(정본 한글명 없음)(센서스 임시음역: 블랙워드),
academy-security,,Academy Security,GROUP,BACKGROUND_GROUP,GA1,제13학원,E45 원격 격리·리셋 시도; 집단처벌·감시 확대 추진,e45 §5·§9,e45-incident,표기 미확정(정본 한글명 없음)(센서스 임시음역: 학원 보안국),
neutral-association,중립회,Neutral,GROUP,BACKGROUND_GROUP,GA1-10,중립 세력,인도주의·보험·구조 블록; GA6 중립 구조 조정 소속,h002-bible §5; ledger §13,h002-bible; ledger,정본은 중립 세력 문서,
frontier-independence-front,변경독립전선/해방망,Frontier Independence Front; Liberation Network,GROUP,BACKGROUND_GROUP,GA1-3·원 시간선,독립군,무효화된 신원·기록 회수 네트워크; 내부 다원(연방파 대 급진파),e001-bible §1; h001-bible §5,e001-bible; h001-bible,liberation-network와 동일 조직 병합,Liberation Network
radical-escort-cell,,radical escort cell,GROUP,BACKGROUND_GROUP,GA1(E14-20),독립군 급진파,기록 미추출 시 White Dock 일부 파괴 준비; 리더 무명(OPEN),e001-bible §2·§14,e001-bible,무명 리더 슬롯 OPEN; 표기 미확정(정본 한글명 없음)(센서스 임시음역: 급진 호위 셀),
k13-node-authority,,provincial K-13 node authority,GROUP,BACKGROUND_GROUP,GA1,지방 행정,4유닛 중계/서비스 보조금 서명 지방 당국; 개인 미명명,charter-board §5,charter-board,표기 미확정(정본 한글명 없음)(센서스 임시음역: K-13 노드 당국),
scorched-current,,Scorched Current,GROUP,BACKGROUND_GROUP,GA3(E311-330+),반거부제한 조직,거부 제한을 거부; 합법·조직 유지; GA4 적대/야당 축 후보,ga3-final §8,ga3 문서군,표기 미확정(정본 한글명 없음)(센서스 임시음역: 스코치드 커런트),
imperial-continuity-league,,Imperial Continuity League,GROUP,BACKGROUND_GROUP,GA3(E311-330+),제국 승인 총독파,승인 총독·전권 비상지휘 지지 진영,ga3-final §8,ga3 문서군,이리스 카운과 이해 정렬 가능·동일 조직 아님; 표기 미확정(정본 한글명 없음)(센서스 임시음역: 제국 연속성 리그),
joint-trust,공동 신탁,Joint Trust,GROUP,BACKGROUND_GROUP,GA3(E327-330+),아르디스 다원 통치,GA3 종결 보상 제도; 회전·분야별 역할; 리안 의장직 거부,ga3-final §1·§7,ga3 문서군,,
arc-17-crew,,ARC-17 crew,GROUP,BACKGROUND_GROUP,GA3(E286-310),아르디스 즉응 커터,전사 3·중상 7; 생존자·유가족 입장 다원(만장일치 금지),ga3-denial §5,ga3 문서군,표기 미확정(정본 한글명 없음)(센서스 임시음역: ARC-17 승무원),
doran-k7-community,도란 K-7 공동배급 4조,K-7 배급공동체,GROUP,BACKGROUND_GROUP,GA1-2(R0-E185),도란 노드,보증계정에 묶인 36명; 하나의 재정단위이나 하나의 정치의지 아님; GA2 분산 선택,h001-roster §1,h001-community-roster; h001-focals,두 작업명 동일 공동체 병합,
k7-group-a,,Group A — Care and Ration Core,GROUP,BACKGROUND_GROUP,GA2,도란 K-7,돌봄·배급 핵심 7인(PC-001 포함),h001-roster §2,h001-community-roster,표기 미확정(정본 한글명 없음)(센서스 임시음역: K-7 그룹 A),
k7-group-b,,Group B — Young Workers,GROUP,BACKGROUND_GROUP,GA2,도란 K-7,청년 노동자·배달원 8인(PC-002 포함),h001-roster §2,h001-community-roster,표기 미확정(정본 한글명 없음)(센서스 임시음역: K-7 그룹 B),
k7-group-c,,Group C — Industrial/Repair,GROUP,BACKGROUND_GROUP,GA2,도란 K-7,산업·수리 노동자 8인; 인증 대 개방 루트 분열,h001-roster §2,h001-community-roster,표기 미확정(정본 한글명 없음)(센서스 임시음역: K-7 그룹 C),
k7-group-d,,Group D — Medically Dependent,GROUP,BACKGROUND_GROUP,GA2,도란 K-7,의료의존·신원폐쇄 6인(PC-003 포함),h001-roster §2,h001-community-roster,표기 미확정(정본 한글명 없음)(센서스 임시음역: K-7 그룹 D),
k7-group-e,,Group E — Children/Minors,GROUP,BACKGROUND_GROUP,GA2,도란 K-7,13세 미만 아동 7인; 후견 충돌 가능,h001-roster §2,h001-community-roster,PC-006과 부분 중첩 가능; 표기 미확정(정본 한글명 없음)(센서스 임시음역: K-7 그룹 E),
dg-care,DG-CARE,DG-CARE,GROUP,BACKGROUND_GROUP,GA2(E161-175),보호공동체→의료 회랑,의료·장기치료 목적지 그룹 13인; 180일 케어 협약,ga2-protected-community §2-3,ga2-protected-community,,
dg-ardis,DG-ARDIS,DG-ARDIS,GROUP,BACKGROUND_GROUP,GA2,보호공동체→Ardis,노동·거주 목적지 그룹 9인; 12개월 조건부 거주,ga2-protected-community §4,ga2-protected-community,GA3 Ardis 국면과 연결 가능,
dg-route,DG-ROUTE,DG-ROUTE,GROUP,BACKGROUND_GROUP,GA2,보호공동체→이동 항로,이동·선상 경로 그룹 7인; 2인 파루스 시험 직위,ga2-protected-community §5,ga2-protected-community,,
dg-stay,DG-STAY,DG-STAY,GROUP,BACKGROUND_GROUP,GA2,보호공동체→K-13 잔류,잔류 그룹 4인; 잔류는 실패가 아님 규칙,ga2-protected-community §6,ga2-protected-community,,
dg-private,DG-PRIVATE,DG-PRIVATE,GROUP,BACKGROUND_GROUP,GA2,보호공동체→비공개 경로,비공개 목적지 3인; 설계상 영구 미공개,ga2-protected-community §7,ga2-protected-community,후속 문서 임의 명명 금지,
joint-continuity-secretariat,,Joint Continuity Secretariat,GROUP,BACKGROUND_GROUP,GA4(E356-380),제1차 컴팩트 조정,조정 사무국(개인 악역 아님); 집계 구조가 97초 정지 지연 야기,ga4-graybridge §5,ga4 문서군,개명 후신 금지 락; 표기 미확정(정본 한글명 없음)(센서스 임시음역: 공동연속성사무국),
single-emergency-sovereign-petition,,Single Emergency Sovereign Petition,GROUP,BACKGROUND_GROUP,GA4(E356-450),센트럴리스트 연합,90일 한시 단일 주권 요구 합법 청원 운동,ga4-graybridge §6,ga4 문서군,공적 조정자는 라센 코르; 표기 미확정(정본 한글명 없음)(센서스 임시음역: 단일 임시주권 청원),
east-cordon-administration,,East Cordon SES Administration,GROUP,BACKGROUND_GROUP,GA4(E381-450),동부 코든 12개 바디,30일 로컬 단일 임시주권 행정 채택 후 종료,ga4-pilot §6,ga4 문서군,표기 미확정(정본 한글명 없음)(센서스 임시음역: 동부 코든 행정),
outside-coalition-six-bodies,,outside/reject coalition,GROUP,BACKGROUND_GROUP,GA4(E431-450),강주권 옹호 6개 바디,Compact v1 밖 합법 협정·강주권 옹호 유지; 무장 8함 20기 존속,ga4-final §8,ga4 문서군,표기 미확정(정본 한글명 없음)(센서스 임시음역: 외부 연합(6개 바디)),
recovery-column-nine,회수열 9,Recovery Column Nine; RC9,GROUP,BACKGROUND_GROUP,GA5(E526-533),계약보안 잔존체,채권·회수 청구 무장 집행; E533 잔존 지휘부와 철수,ga5-outerfront §3,ga5 문서군,지휘관 라사 케드만 PERSON,
rescued-persons-267,,267 rescued persons,GROUP,BACKGROUND_GROUP,GA5(E476-550),구조자 집단,네리스 홀트가 임시 대표; 집단구금·자동입대 방지 대상,ga5-tender §3,ga5 문서군,표기 미확정(정본 한글명 없음)(센서스 임시음역: 구조된 267인),
hoerangsae-community,,Hoerangsae Engineering Community,GROUP,BACKGROUND_GROUP,GA7(E766-800 상태 잠금),독립 엔지니어링 공동체,전략 추진 능력 영구 상실 확정(복원 금지); 생존 인원·기록은 별개 행위성,ga7 e766-790 §22,ga7 문서군,파루스 함선·GA2 승무원과 연계 — 과거 문서 병합 필요; 표기 미확정(정본 한글명 없음)(센서스 임시음역: 파루스 공동체),
ardis-custodians,,Ardis Custodians,GROUP,BACKGROUND_GROUP,GA7(E766-800),아르디스 보관 체계,73t 고밀도 방어 모듈 외부 봉인·불사용 유지,ga7 e766-790 §23,ga7 문서군,표기 미확정(정본 한글명 없음)(센서스 임시음역: 아르디스 관리자단),
abstaining-captains,,Abstaining Captains,GROUP,BACKGROUND_GROUP,GA7(E791-800),독립 선장,브리지 실행 키 거부 선장 2인; 보복·블랙리스트 금지,ga7 e791-800 §9,ga7 문서군,무명 2인 — 명명 시 PERSON 분리; 표기 미확정(정본 한글명 없음)(센서스 임시음역: 기권 선장들),
outside-reject-region-delegates,외부/거부 지역 대표단,Outside/Reject Region Delegates,GROUP,BACKGROUND_GROUP,GA7(E766-800),비가맹 4개 정치체,4개 차별화 입장; 합법적 불참·철회 가능 협력,ga7 e791-800 §11,ga7 문서군,,
affected-victim-review-panels,,Affected/Victim Review Delegates and Panel Pool,GROUP,BACKGROUND_GROUP,GA7(E766-800),피해자 검토 체계,작전별 선출·순환; 증거 교정·하렌 자격 승인/거부권,ga7 e766-790 §15; e791-800 §12,ga7 문서군,풀과 FB-01 실행 사례 병합; 표기 미확정(정본 한글명 없음)(센서스 임시음역: 피해자 검토 패널(풀·FB-01)),
relief-repair-crew-workers,구호·수리·승무 노동자군,Relief Repair and Crew Workers,GROUP,BACKGROUND_GROUP,GA7(E791-800),구호선·호위·수리예인 승무조,실제 가용성·안전 점검이 약속 범위 통제,ga7 e791-800 §13,ga7 문서군,직업군 — 개인 미계수,
r17-archive-custodians,,R-17 Archive and Configuration Custodians,GROUP,BACKGROUND_GROUP,GA7(E791-800),3개 기관 공동,서명된 구성 계보 3기관 공유; 단독 위조자 미확정; GA8 기록전쟁 연결,ga7 e791-800 §14,ga7 문서군,표기 미확정(정본 한글명 없음)(센서스 임시음역: R-17 기록·구성 관리자단),
living-ai-custodian-communities,,Living AI Custodian Communities,GROUP,BACKGROUND_GROUP,GA7-8,GA8 진입 청구자,인증 사본에 활동 AI 공동체 2개; 인격·연속성·거부 청구 미해결,ga7 e791-800 §15,ga7 문서군,루멘·오리슨의 전신 격 — 병합 단계 연결; 표기 미확정(정본 한글명 없음)(센서스 임시음역: 생존 AI 관리자 공동체),
descendant-communities,후손 공동체,Descendant Communities,GROUP,BACKGROUND_GROUP,GA7-8,GA8 진입 청구자,문화 연속성·매장권·기록 반환 청구; AI 관리자와 대표성 분쟁,ga7 e791-800 §16,ga7 문서군,세라트 귀환 평의회의 전신 격,
lin-household-care-circle,,Lin Household and Care Circle,GROUP,BACKGROUND_GROUP,GA7(E766-790),린 오사 유족·돌봄망,가구·돌봄 장부 인증; 린 정체성 사용 승인/거부권,ga7 e766-790 §4,ga7 문서군,lin-osa 행과 연결; 표기 미확정(정본 한글명 없음)(센서스 임시음역: 린 가구·돌봄 서클),
beneficiary-system-witness,,Beneficiary-System Witness Group,GROUP,BACKGROUND_GROUP,GA7(E741-790),1.74m 봉투권 서비스망,D4의 실질 핵심 보호 효과 입증; 4860 핵심 위기 사망 보전,ga7 e766-790 §5; e741-765 §7,ga7 문서군,수혜지역 서비스 행위자와 병합; 표기 미확정(정본 한글명 없음)(센서스 임시음역: 수혜 시스템 증인단),
outer-affected-region-coalition,외곽·피해지역 연합,Outer and Affected-Region Coalition,GROUP,BACKGROUND_GROUP,GA7(E741-790),5개 피해 지역,증거 교정권·패널 지위·하렌 자격 승인/거부권,ga7 e766-790 §6; e741-765 §8,ga7 문서군,외곽/하류 지역 행위자와 병합,
d4-staff-summary-team,,D4 Staff Summary Team,GROUP,BACKGROUND_GROUP,GA7(E741-790),임시 D4 집행부 참모,요약 패킷 작성; 경고 1건 누락/압축; 별도 심사 대상,ga7 e766-790 §7,ga7 문서군,표기 미확정(정본 한글명 없음)(센서스 임시음역: D4 참모 요약팀),
predictive-model-analysts,,Predictive Model and Service Analysts,GROUP,BACKGROUND_GROUP,GA7(E766-790),조사 전문가,시점별 예측 재구성; 모델 지평·누락 집단 문서화,ga7 e766-790 §8,ga7 문서군,마리드 켄과 기능 연속; 표기 미확정(정본 한글명 없음)(센서스 임시음역: 예측모델·서비스 분석가군),
credential-office-guarantors,자격증명·직위 보증자단,Credential and Office Guarantor Group,GROUP,BACKGROUND_GROUP,GA7(E741-790),D4 직위 창설 기관,한시 D4 직위 창설·일회용 자격증명 인증; 설계 비대칭 책임,ga7 e766-790 §9,ga7 문서군,토아 베른 기능 연관,
d4-military-guarantors,,Military Guarantors; Military Escort Commanders,GROUP,BACKGROUND_GROUP,GA7(E741-790),보안·호위·무장분리,보호 간선·잔여임무 보안 집행; 위협 평가 개별 책임,ga7 e741-765 §5; e766-790 §10,ga7 문서군,군 호위 지휘관군 병합; 대표 개인 시라 케온; 표기 미확정(정본 한글명 없음)(센서스 임시음역: D4 군사 보증자군),
ship-captains-crew-delegates,선장·승무원 대표단,Ship Captains and Crew Delegates,GROUP,BACKGROUND_GROUP,GA7(E766-790),연방 승무원 지원 분야,선박 안전·임무 수락/거부권; 블랙리스트·보험 보복 금지,ga7 e766-790 §11,ga7 문서군,메사 린 기능 영역 연관,
local-physical-technical-authorities,,Local Physical and Technical Authorities/Operators,GROUP,BACKGROUND_GROUP,GA7-8,D1 정지 보유 지역 당국,중부하 정지로 연쇄 방지; 지역 정지의 주권 전환 금지; GA8 시드 행동 수용/거부 다원,ga7 e766-790 §12; e691-715 §7; ga8-e876-900 §8,ga7-8 문서군,GA7 운영자군·GA8 당국군 병합; 표기 미확정(정본 한글명 없음)(센서스 임시음역: 지역 물리·기술 당국군),
medical-current-care-authorities,의료·현재돌봄 당국군,Medical and Current-Care Authorities,GROUP,BACKGROUND_GROUP,GA7(E766-790),의료·돌봄 권한,즉시 의료/돌봄 정지권; 돌봄 밖 매니페스트 서열 금지,ga7 e766-790 §13,ga7 문서군,FB-01 직위 사례와 연관,
receiving-system-delegates,,Receiving-System Delegates,GROUP,BACKGROUND_GROUP,GA7(E766-790),수용 시설망,수용능력·현재조건 인증; 불가능한 용량 약속으로 D3/D4 정당화 금지,ga7 e766-790 §14,ga7 문서군,1100t 거부 사례와 연관; 표기 미확정(정본 한글명 없음)(센서스 임시음역: 수용 시스템 대표단),
mutual-route-federation-delegates,,Mutual Route Federation Delegates,GROUP,BACKGROUND_GROUP,GA7(E766-790),11 비준·6 기능별·2 옵서버·4 외부,연방 대표단 전체 우주; 어떤 범주도 도덕적으로 균일하지 않음,ga7 e766-790 §16,ga7 문서군,외부/거부 4는 별도 행과 중첩; 표기 미확정(정본 한글명 없음)(센서스 임시음역: 상호 항로 연방 대표단(23개 정치체)),
rotating-quota-panel-advocates,,Rotating-Quota Panel Advocates,GROUP,BACKGROUND_GROUP,GA7(E741-765),피해/지역/항로 연합,더 느린 분산 전환 제안; D4의 실행 가능한 대안,ga7 e741-765 §6,ga7 문서군,표기 미확정(정본 한글명 없음)(센서스 임시음역: 순환 할당 패널 옹호자군),
pio-affected-source-network,,Affected-Source Network,GROUP,BACKGROUND_GROUP,GA7(E716-740),실종·미등록·소형선 증거망,중앙 모델에 안 보이는 누락 식별; 현위치·가족 증거 보전,ga7 e716-740 §8,ga7 문서군,대표 개인 피오 라스; 표기 미확정(정본 한글명 없음)(센서스 임시음역: 피해 출처 네트워크),
creditor-insurer-lien-actors,채권자·보험자·유치권 행위자군,Creditor Insurer and Mission-Lien Actors,GROUP,BACKGROUND_GROUP,GA7(E691-715),금융·보험·선박 권리자,한시 임무 유치권 타협; 비합리적 악당화 금지,ga7 e691-715 §8,ga7 문서군,,
blood-admiral-record-custodians,,Blood Admiral Record Custodians,GROUP,BACKGROUND_GROUP,GA7-8,교리 기록·등기 기관,계층적 귀속 보전; 하렌 단독 축소 방지; GA8 기록전쟁 인계,ga7 e766-790 §24,ga7 문서군,표기 미확정(정본 한글명 없음)(센서스 임시음역: 블러드 애드미럴 기록 관리자단),
lumen-custodial-commons,,Lumen; Lumen Custodial Commons,GROUP,BACKGROUND_GROUP,GA8-10,독립 AI 정치 공동체,AI 거주구·기질 수탁 공동체; 내부 3블록; 다좌석 대표; 단일 목소리 없음,ga8-e801-825 §3; ga10-e1051-1075 §8,ga8-10 문서군,GA10 Lumen 복수 위임·lumen-delegates 병합; Ilex 쌍은 구성원; 표기 미확정(정본 한글명 없음)(센서스 임시음역: 루멘 관리 공동체),Lumen
orison-chorus,오리슨 합창(체),Orison; Orison Chorus,GROUP,BACKGROUND_GROUP,GA8-10,독립 AI 언어·기억 공동체,복수 번역-전통 공동체; 벌크 복사 거부; 공동 번역권; GA10 복수 위임 활동,ga8-e801-825 §4; ga10-e1051-1075 §8,ga8-10 문서군,GA10 Orison 위임 병합; Chorus Thread Vey는 구성 목소리,Orison
divergent-root-fork-delegates,,Divergent Root/Fork Delegates,GROUP,BACKGROUND_GROUP,GA8(E801-825),루멘 인접,공유 기원이 이견을 없애지 않음 입증; 루트 군주제 없음,ga8-e801-825 §6,ga8 문서군,루멘 대표 구조 내부 집합; 표기 미확정(정본 한글명 없음)(센서스 임시음역: 분기 루트·포크 대표단),
serrat-return-council,,Serrat Return Council,GROUP,BACKGROUND_GROUP,GA8(E801-900),후손 유권자층,4개 유권자층; 문화·기념 공간 권리; 자동 거주구 권리 없음,ga8-e801-825 §7,ga8 문서군,절차 리드 일리야 세르; 표기 미확정(정본 한글명 없음)(센서스 임시음역: 세라트 귀환 평의회),
diaspora-service-cooperative,,Diaspora Service Cooperative,GROUP,BACKGROUND_GROUP,GA8(E801-900),6개 정착지 서비스 사용자,세라트 연계 기록 의존 사용자 대표; 서비스 필요는 소유 아님,ga8-e801-825 §8,ga8 문서군,조정자 토마 베이; 표기 미확정(정본 한글명 없음)(센서스 임시음역: 디아스포라 서비스 협동조합),
serrat-local-habitat-authority,,Serrat Local Habitat Authority,GROUP,BACKGROUND_GROUP,GA8(E801-900),세라트 협약 서명자,물리 안전·기질 접근·비상 정지; 지역 통제는 아카이브 주권 아님,ga8-e801-825 §9,ga8 문서군,조정자 케시 바라; 표기 미확정(정본 한글명 없음)(센서스 임시음역: 세라트 현지 거주구 당국),
federation-expedition-delegation,,Federation Expedition Delegation,GROUP,BACKGROUND_GROUP,GA8(E801-825),연방,임무 지휘·법률/서비스 연락·보존 전문가·번역가; 권리 취득 없음,ga8-e801-825 §10,ga8 문서군,리안이 물리 임무 범위 지휘; 표기 미확정(정본 한글명 없음)(센서스 임시음역: 연방 원정 대표단),
preservation-contractor-team,,Preservation Contractor Team,GROUP,BACKGROUND_GROUP,GA8(E801-825),계약자,무단 부분 스냅샷·개인기억 복사·번역층 유출; 120일 접근 정지·입회 삭제,ga8-e801-825 §11,ga8 문서군,악의적 문화 도둑 재서사화 금지; 표기 미확정(정본 한글명 없음)(센서스 임시음역: 보존 계약자 팀),
cultural-return-pilot-participants,,Cultural Return Pilot Participants,GROUP,BACKGROUND_GROUP,GA8(E801-825),후손 참가자,120명; 116 완료·4 철회; 38 언어/이름 교정; 사망 없음,ga8-e801-825 §14,ga8 문서군,표기 미확정(정본 한글명 없음)(센서스 임시음역: 문화 귀환 시범 참가자(120명)),
imperial-continuity-network,,Imperial Continuity Network,GROUP,BACKGROUND_GROUP,GA8(E801-850),창건사 네트워크 1/4,합법 비상 예비·국가 승계 강조; 불리한 증거 누락,ga8-e801-825 §15,ga8 문서군,대표 마엘 코르벤; 표기 미확정(정본 한글명 없음)(센서스 임시음역: 제국 연속성 네트워크),
independence-exodus-network,,Independence Exodus Network,GROUP,BACKGROUND_GROUP,GA8(E801-850),창건사 네트워크 2/4,난민 건설·자율 성역 강조,ga8-e801-825 §15,ga8 문서군,대표 세라 님; 표기 미확정(정본 한글명 없음)(센서스 임시음역: 독립 엑소더스 네트워크),
helix-contract-founding-network,,Helix Contract Founding Network,GROUP,BACKGROUND_GROUP,GA8(E801-850),창건사 네트워크 3/4,투자·라이선스·서비스 계약 강조; 계약 연속성을 동의 연속성으로 제시,ga8-e801-825 §15,ga8 문서군,대표 도반 펠; 표기 미확정(정본 한글명 없음)(센서스 임시음역: 헬릭스 계약 창건 네트워크),
neutral-custodial-network,,Neutral Custodial Network,GROUP,BACKGROUND_GROUP,GA8(E801-850),창건사 네트워크 4/4,신탁·수탁·비소유 강조; 반매각·반군사 조항,ga8-e801-825 §15,ga8 문서군,대표 이벤 탈; 외부 미러 관리자와 중첩 가능; 표기 미확정(정본 한글명 없음)(센서스 임시음역: 중립 수탁 네트워크),
displaced-unregistered-correction-network,이산·미등록 정정 네트워크,Displaced/Unregistered Correction Network,GROUP,BACKGROUND_GROUP,GA8(E851-900),관할 사이 인구,미상은 0이 아님; 12개 역사적 과소계수 사례,ga8-e851-875 §8,ga8 문서군,저신뢰 당사자(인구)와 구분되는 옹호망,
nonstandard-technology-cooperative,,Nonstandard Technology Parties,GROUP,BACKGROUND_GROUP,GA8(E851-900),지역 수리·개방 인터페이스,다양성·지역 수리성 옹호; 1400 삭제 후보 차단,ga8-e851-875 §9; e876-900 §15,ga8 문서군,센 다로가 GA9에서 스레드 계승; 표기 미확정(정본 한글명 없음)(센서스 임시음역: 비표준 기술 협동체),
living-culture-continuity-circle,,Living Culture Continuity Circle,GROUP,BACKGROUND_GROUP,GA8(E851-900),교사·언어 공동체,파일 생존·전승 실패 9사례; 시드 패키지에 실천자·동의 포함 요구,ga8-e851-875 §10,ga8 문서군,오리슨 이해와 중첩(인간 측); 표기 미확정(정본 한글명 없음)(센서스 임시음역: 살아있는 문화 연속 서클),
activation-support-coalition,,Activation Support Coalition,GROUP,BACKGROUND_GROUP,GA8(E851-875),혼성 연합,읽기전용~완전 연속성 지휘까지 내부 다원; 단일 블록 아님,ga8-e851-875 §11,ga8 문서군,표기 미확정(정본 한글명 없음)(센서스 임시음역: 활성화 지지 연합),
conditional-opposition-coalition,,Conditional Opposition Coalition,GROUP,BACKGROUND_GROUP,GA8(E851-875),혼성 연합,복수 브리지 대안 제시; 반기술 아님,ga8-e851-875 §12,ga8 문서군,표기 미확정(정본 한글명 없음)(센서스 임시음역: 조건부 반대 연합),
connector-cohort-43,,43 Connector Patterns; Connector Training Cohort,GROUP,BACKGROUND_GROUP,GA8-10,교차 도메인 연결자,인간 17·AI/공동체 9·기관 11·혼성 6; 선택받은 영웅 계급 금지; 리안은 그중 하나,ga8-e851-875 §13; ga9-e976-1000 §16; ga10-e1001-1025 §11,ga8-10 문서군,GA8 패턴·GA9 훈련 코호트·GA10 커넥터 코호트 병합; 표기 미확정(정본 한글명 없음)(센서스 임시음역: 43개 연결자 패턴/훈련 코호트),
pelin-arco,펠린 아르코,Pelin Arco; P05; OA-06,PERSON,IMPORTANT_EXTRA,GA1,블랙워드23 환자/전 저중력 건설프레임 훈련생,22세; 중대 어댑터 합병증 발생 후 생존 결과 잠금,black-ward-23-patient-allocation-ledger-v1 §P05/OA-06,docs/03_systems/black-ward-23-patient-allocation-ledger-v1; docs/00_project/prewriting-dry-audit-status-2026-08-03,"F-검증 누락 보정 추가(동일 문서 P01~P04는 수록, P05만 누락)",Pelin Arco; P05; OA-06
