source_key,source_file,source_id,title,provisional_entry_ids,entry_kinds,domain_tags,split_required,normalized_record_count,reason,canon_promotion
docs/09_collection/first-100-collectible-registry-v1.md#P-001,docs/09_collection/first-100-collectible-registry-v1.md,P-001,H-001 / Future Blood Admiral,DRY-CL-R-000001|DRY-CL-R-000002|DRY-CL-R-000003,ENTITY|RELATIONSHIP|NARRATIVE_PROMISE,C1,TRUE,3,인물·조건부 동맹과 미래 정체 약속이 한 행에 결합,NONE
docs/09_collection/first-100-collectible-registry-v1.md#P-002,docs/09_collection/first-100-collectible-registry-v1.md,P-002,H-002 / Future Fleet Designer,DRY-CL-R-000004|DRY-CL-R-000005|DRY-CL-R-000006|DRY-CL-R-000007,ENTITY|RELATIONSHIP|CONTROL_CLAIM|NARRATIVE_PROMISE,C1|C2|C6|C7,TRUE,4,인물·계약 관계와 설계권·미래 역할 약속이 결합,NONE
docs/09_collection/first-100-collectible-registry-v1.md#P-003,docs/09_collection/first-100-collectible-registry-v1.md,P-003,S-001 / Data and Audit Cadet,DRY-CL-R-000008|DRY-CL-R-000009|DRY-CL-R-000010,ENTITY|RELATIONSHIP|CONTROL_CLAIM,C1|C7,TRUE,3,인물·감사 관계와 자격·정보 통제가 함께 기록됨,NONE
docs/09_collection/first-100-collectible-registry-v1.md#P-004,docs/09_collection/first-100-collectible-registry-v1.md,P-004,M-001 / Medical and Rescue Cadet,DRY-CL-R-000011|DRY-CL-R-000012|DRY-CL-R-000013,ENTITY|RELATIONSHIP|CONTROL_CLAIM,C1|C7,TRUE,3,인물·의료 협력과 중지·접근 권한이 함께 기록됨,NONE
docs/09_collection/first-100-collectible-registry-v1.md#P-005,docs/09_collection/first-100-collectible-registry-v1.md,P-005,I-001 / Field Instructor,DRY-CL-R-000014|DRY-CL-R-000015|DRY-CL-R-000016|DRY-CL-R-000017,ENTITY|RELATIONSHIP|CONTROL_CLAIM|STATE_TRANSITION,C1|C7,TRUE,4,인물·제도 관계와 조사·권한 축소 상태가 결합,NONE
docs/09_collection/first-100-collectible-registry-v1.md#P-006,docs/09_collection/first-100-collectible-registry-v1.md,P-006,E-001 / White Dock Enemy Ace,DRY-CL-R-000018|DRY-CL-R-000019|DRY-CL-R-000020,ENTITY|RELATIONSHIP|NARRATIVE_PROMISE,C1,TRUE,3,인물·경쟁 관계와 미회수 목적 약속이 함께 기록됨,NONE
docs/09_collection/first-100-collectible-registry-v1.md#P-007,docs/09_collection/first-100-collectible-registry-v1.md,P-007,R-IMP-001 / Imperial Observer,DRY-CL-R-000021|DRY-CL-R-000022|DRY-CL-R-000023,ENTITY|RELATIONSHIP|CONTROL_CLAIM,C1|C2|C7,TRUE,3,인물·제국 대표 관계와 코어·헌장 권한이 결합,NONE
docs/09_collection/first-100-collectible-registry-v1.md#P-008,docs/09_collection/first-100-collectible-registry-v1.md,P-008,R-NEU-001 / Neutral Rescue and Claims Officer,DRY-CL-R-000024|DRY-CL-R-000025|DRY-CL-R-000026|DRY-CL-R-000027,ENTITY|RELATIONSHIP|CONTROL_CLAIM|LOSS_OBLIGATION,C1|C7,TRUE,4,인물·중립 수탁 관계와 보호권·채무가 결합,NONE
docs/09_collection/first-100-collectible-registry-v1.md#P-009,docs/09_collection/first-100-collectible-registry-v1.md,P-009,R-HEL-001 / Helix Evaluator,DRY-CL-R-000028|DRY-CL-R-000029|DRY-CL-R-000030|DRY-CL-R-000031,ENTITY|RELATIONSHIP|CONTROL_CLAIM|LOSS_OBLIGATION,C1|C2|C3|C7,TRUE,4,인물·계약 관계와 재산·정보권·채무가 결합,NONE
docs/09_collection/first-100-collectible-registry-v1.md#P-010,docs/09_collection/first-100-collectible-registry-v1.md,P-010,AI-W001 / Black Ward Witness Interface,DRY-CL-R-000032|DRY-CL-R-000033|DRY-CL-R-000034|DRY-CL-R-000035,ENTITY|RELATIONSHIP|CONTROL_CLAIM|NARRATIVE_PROMISE,C1|C6|C7,TRUE,4,인격체·증언 관계와 동의권·정체 미스터리가 결합,NONE
docs/09_collection/first-100-collectible-registry-v1.md#P-011,docs/09_collection/first-100-collectible-registry-v1.md,P-011,Protector/Community Focal Network,DRY-CL-R-000036|DRY-CL-R-000037|DRY-CL-R-000038,ENTITY|RELATIONSHIP|CONTROL_CLAIM,C1|C7,TRUE,3,공동체 실체·대표 관계와 치료·헌장 권리가 결합,NONE
docs/09_collection/first-100-collectible-registry-v1.md#F-001,docs/09_collection/first-100-collectible-registry-v1.md,F-001,07 Core / AUXILIA Inspection Kernel,DRY-CL-R-000039|DRY-CL-R-000040|DRY-CL-R-000041,ENTITY|CONTROL_CLAIM|STATE_TRANSITION,C2|C6,TRUE,3,코어 실체와 공동 접근권·분산복구 상태가 결합,NONE
docs/09_collection/first-100-collectible-registry-v1.md#F-002,docs/09_collection/first-100-collectible-registry-v1.md,F-002,Asymmetric Radiator Wing,DRY-CL-R-000042|DRY-CL-R-000043|DRY-CL-R-000044,ENTITY|CONTROL_CLAIM|LOSS_OBLIGATION,C2|C7,TRUE,3,냉각 부품과 경매 청구권·검사채무가 결합,NONE
docs/09_collection/first-100-collectible-registry-v1.md#F-003,docs/09_collection/first-100-collectible-registry-v1.md,F-003,Industrial Manipulator Arm,DRY-CL-R-000045|DRY-CL-R-000046,ENTITY|CONTROL_CLAIM,C2|C3|C7,TRUE,2,기체 팔·공구 실체와 회수·노동 청구가 결합,NONE
docs/09_collection/first-100-collectible-registry-v1.md#F-004,docs/09_collection/first-100-collectible-registry-v1.md,F-004,Anchor Shield Plate,DRY-CL-R-000047|DRY-CL-R-000048,ENTITY|CONTROL_CLAIM,C3|C7,TRUE,2,방어 장비와 임무 사용권이 명시적으로 분리됨,NONE
docs/09_collection/first-100-collectible-registry-v1.md#F-005,docs/09_collection/first-100-collectible-registry-v1.md,F-005,Mixed Leg Pair,DRY-CL-R-000049|DRY-CL-R-000050,ENTITY|STATE_TRANSITION,C2,TRUE,2,다리 실체와 손상·재건·교리화 전이가 결합,NONE
docs/09_collection/first-100-collectible-registry-v1.md#F-006,docs/09_collection/first-100-collectible-registry-v1.md,F-006,Utility Sensor Head,DRY-CL-R-000051|DRY-CL-R-000052,ENTITY|STATE_TRANSITION,C2,TRUE,2,센서 헤드와 손실·교체·수리 전이가 결합,NONE
docs/09_collection/first-100-collectible-registry-v1.md#F-007,docs/09_collection/first-100-collectible-registry-v1.md,F-007,Thermal Cutter Lance,DRY-CL-R-000053,ENTITY,C3,FALSE,1,독립 운용되는 절단 공구·무기 실체,NONE
docs/09_collection/first-100-collectible-registry-v1.md#F-008,docs/09_collection/first-100-collectible-registry-v1.md,F-008,Rescue Tether/Cable Launcher,DRY-CL-R-000054,ENTITY,C3,FALSE,1,독립 기능과 비용을 지닌 구조 발사기 실체,NONE
docs/09_collection/first-100-collectible-registry-v1.md#F-009,docs/09_collection/first-100-collectible-registry-v1.md,F-009,Sensor-Tag Projector,DRY-CL-R-000055|DRY-CL-R-000056,ENTITY|STATE_TRANSITION,C3,TRUE,2,훈련 장비와 통신 중계용 개조 전이가 결합,NONE
docs/09_collection/first-100-collectible-registry-v1.md#F-010,docs/09_collection/first-100-collectible-registry-v1.md,F-010,H-002 Calibration Toolset,DRY-CL-R-000057|DRY-CL-R-000058|DRY-CL-R-000059,ENTITY|CONTROL_CLAIM|LOSS_OBLIGATION,C1|C3|C6|C7,TRUE,3,공구 실체와 접근·가족 소유권·계약부담이 결합,NONE
docs/09_collection/first-100-collectible-registry-v1.md#F-011,docs/09_collection/first-100-collectible-registry-v1.md,F-011,Service Authority Key A,DRY-CL-R-000060|DRY-CL-R-000061|DRY-CL-R-000062,ENTITY|CONTROL_CLAIM|NARRATIVE_PROMISE,C4|C6|C8,TRUE,3,물리 키와 서비스 권한·칠중 권한 약속이 결합,NONE
docs/09_collection/first-100-collectible-registry-v1.md#F-012,docs/09_collection/first-100-collectible-registry-v1.md,F-012,Service Authority Key B,DRY-CL-R-000063|DRY-CL-R-000064|DRY-CL-R-000065,ENTITY|CONTROL_CLAIM|NARRATIVE_PROMISE,C2|C4|C6|C7,TRUE,3,물리 키와 공동 접근권·승계 단서가 결합,NONE
docs/09_collection/first-100-collectible-registry-v1.md#F-013,docs/09_collection/first-100-collectible-registry-v1.md,F-013,Service Authority Key C,DRY-CL-R-000066|DRY-CL-R-000067|DRY-CL-R-000068,CONTROL_CLAIM|STATE_TRANSITION|NARRATIVE_PROMISE,C1|C6|C7,TRUE,3,비물리 프로토콜 접근과 부분획득·정체 단서가 결합,NONE
docs/09_collection/first-100-collectible-registry-v1.md#F-014,docs/09_collection/first-100-collectible-registry-v1.md,F-014,Previous Technician Logs,DRY-CL-R-000069|DRY-CL-R-000070|DRY-CL-R-000071|DRY-CL-R-000072,ENTITY|CONTROL_CLAIM|NARRATIVE_PROMISE|SET,C2|C4|C6,TRUE,4,분산 로그·소유 증거와 미완성 계보 세트가 결합,NONE
docs/09_collection/first-100-collectible-registry-v1.md#R-001,docs/09_collection/first-100-collectible-registry-v1.md,R-001,Betrayal-Trial Relay Fragment,DRY-CL-R-000073|DRY-CL-R-000074|DRY-CL-R-000075,ENTITY|CONTROL_CLAIM|NARRATIVE_PROMISE,C4|C7,TRUE,3,기록 파편·증거 효력과 미완 배신 진실이 결합,NONE
docs/09_collection/first-100-collectible-registry-v1.md#R-002,docs/09_collection/first-100-collectible-registry-v1.md,R-002,Student/Family Custody Manifest Fragments,DRY-CL-R-000076|DRY-CL-R-000077|DRY-CL-R-000078|DRY-CL-R-000079|DRY-CL-R-000080,ENTITY|CONTROL_CLAIM|STATE_TRANSITION|LOSS_OBLIGATION|SET,C1|C4|C7,TRUE,5,명단 파편·신원 통제·분산손실·사건세트가 결합,NONE
docs/09_collection/first-100-collectible-registry-v1.md#R-003,docs/09_collection/first-100-collectible-registry-v1.md,R-003,Medical/Administrative Death Records,DRY-CL-R-000081|DRY-CL-R-000082|DRY-CL-R-000083|DRY-CL-R-000084,ENTITY|CONTROL_CLAIM|NARRATIVE_PROMISE|SET,C1|C4|C7,TRUE,4,사망기록 파편·동의 통제와 정체 미스터리 세트가 결합,NONE
docs/09_collection/first-100-collectible-registry-v1.md#R-004,docs/09_collection/first-100-collectible-registry-v1.md,R-004,Neutral Medical Protection Clause,DRY-CL-R-000085|DRY-CL-R-000086,CONTROL_CLAIM|LOSS_OBLIGATION,C1|C7,TRUE,2,임시 의료보호권과 채무·보증 의무가 결합,NONE
docs/09_collection/first-100-collectible-registry-v1.md#R-005,docs/09_collection/first-100-collectible-registry-v1.md,R-005,White Dock Joint-Custody/Evidence Order,DRY-CL-R-000087|DRY-CL-R-000088|DRY-CL-R-000089,CONTROL_CLAIM|STATE_TRANSITION|LOSS_OBLIGATION,C2|C3|C7,TRUE,3,공동보관 명령과 만료 전이·복귀 의무가 결합,NONE
docs/09_collection/first-100-collectible-registry-v1.md#R-006,docs/09_collection/first-100-collectible-registry-v1.md,R-006,Student Mutual Guarantee Fund,DRY-CL-R-000090|DRY-CL-R-000091|DRY-CL-R-000092|DRY-CL-R-000093,ENTITY|RELATIONSHIP|CONTROL_CLAIM|LOSS_OBLIGATION,C1|C7,TRUE,4,공동기금 실체·지원관계와 출자·채무 의무가 결합,NONE
docs/09_collection/first-100-collectible-registry-v1.md#R-007,docs/09_collection/first-100-collectible-registry-v1.md,R-007,H-002 Maintenance and Design-Rights Agreement,DRY-CL-R-000094|DRY-CL-R-000095|DRY-CL-R-000096,RELATIONSHIP|CONTROL_CLAIM|LOSS_OBLIGATION,C1|C2|C6|C7,TRUE,3,계약 관계와 설계·정비권·데이터 의무가 결합,NONE
docs/09_collection/first-100-collectible-registry-v1.md#R-008,docs/09_collection/first-100-collectible-registry-v1.md,R-008,External Mission License,DRY-CL-R-000097|DRY-CL-R-000098|DRY-CL-R-000099,CONTROL_CLAIM|STATE_TRANSITION|LOSS_OBLIGATION,C1|C5|C7,TRUE,3,외부 임무권과 개정 전이·감독채무가 결합,NONE
docs/09_collection/first-100-collectible-registry-v1.md#R-009,docs/09_collection/first-100-collectible-registry-v1.md,R-009,Patient Consent and Data-Access Protocol,DRY-CL-R-000100|DRY-CL-R-000101,CONTROL_CLAIM|LOSS_OBLIGATION,C1|C6|C7,TRUE,2,환자 동의·데이터권과 정보제한 책임이 결합,NONE
docs/09_collection/first-100-collectible-registry-v1.md#R-010,docs/09_collection/first-100-collectible-registry-v1.md,R-010,Student/Staff Preference and Representation Record,DRY-CL-R-000102,CONTROL_CLAIM,C1|C7,FALSE,1,선호·대표성을 증명하는 단일 통제 기록,NONE
docs/09_collection/first-100-collectible-registry-v1.md#R-011,docs/09_collection/first-100-collectible-registry-v1.md,R-011,제13학원 임시공동운영·보호헌장,DRY-CL-R-000103|DRY-CL-R-000104|DRY-CL-R-000105,RELATIONSHIP|CONTROL_CLAIM|LOSS_OBLIGATION,C1|C7,TRUE,3,공동운영 관계와 권리·대표·재정부담이 결합,NONE
docs/09_collection/first-100-collectible-registry-v1.md#R-012,docs/09_collection/first-100-collectible-registry-v1.md,R-012,07 Multi-Party Custody and Command Key Scheme,DRY-CL-R-000106|DRY-CL-R-000107|DRY-CL-R-000108|DRY-CL-R-000109,RELATIONSHIP|CONTROL_CLAIM|LOSS_OBLIGATION|SET,C2|C7,TRUE,4,다자 보관관계·지휘권·지연부담·기능세트가 결합,NONE
docs/09_collection/first-100-collectible-registry-v1.md#I-001,docs/09_collection/first-100-collectible-registry-v1.md,I-001,Student Mutual Network / Assembly Seed,DRY-CL-R-000110|DRY-CL-R-000111,ENTITY|RELATIONSHIP,C1|C7,TRUE,2,학생 조직 실체와 대표·상호부조 관계가 결합,NONE
docs/09_collection/first-100-collectible-registry-v1.md#I-002,docs/09_collection/first-100-collectible-registry-v1.md,I-002,Open-Service Workshop Seed,DRY-CL-R-000112|DRY-CL-R-000113|DRY-CL-R-000114,ENTITY|CONTROL_CLAIM|LOSS_OBLIGATION,C3|C6|C7,TRUE,3,작업장 실체와 승인·감사권·안전부담이 결합,NONE
docs/09_collection/first-100-collectible-registry-v1.md#I-003,docs/09_collection/first-100-collectible-registry-v1.md,I-003,Multi-Party Medical Oversight,DRY-CL-R-000115|DRY-CL-R-000116|DRY-CL-R-000117|DRY-CL-R-000118,ENTITY|RELATIONSHIP|CONTROL_CLAIM|LOSS_OBLIGATION,C1|C7,TRUE,4,감독기구·다자관계와 의료권한·공급책임이 결합,NONE
docs/09_collection/first-100-collectible-registry-v1.md#I-004,docs/09_collection/first-100-collectible-registry-v1.md,I-004,Fifth-Answer Myth,DRY-CL-R-000119|DRY-CL-R-000120,STATE_TRANSITION|NARRATIVE_PROMISE,C1|C7,TRUE,2,사회적 신화 약속과 원칙 재해석 전이가 결합,NONE
docs/09_collection/first-100-collectible-registry-v1.md#I-005,docs/09_collection/first-100-collectible-registry-v1.md,I-005,Academy Alumni/External Mission Cell,DRY-CL-R-000121|DRY-CL-R-000122|DRY-CL-R-000123,ENTITY|RELATIONSHIP|CONTROL_CLAIM,C1|C5|C7,TRUE,3,임무조직 실체·구성원 관계와 면허권이 결합,NONE
docs/09_collection/ga8-collection-registry-v1.md#G8-P01,docs/09_collection/ga8-collection-registry-v1.md,G8-P01,Continuity Authentication Directorate,DRY-CL-R-000124|DRY-CL-R-000125|DRY-CL-R-000126,ENTITY|RELATIONSHIP|CONTROL_CLAIM,C1|C6|C7|C8,TRUE,3,기관·경쟁관계·인증권한이 한 행에 결합,NONE
docs/09_collection/ga8-collection-registry-v1.md#G8-P02,docs/09_collection/ga8-collection-registry-v1.md,G8-P02,Plural Archive Coalition,DRY-CL-R-000127|DRY-CL-R-000128|DRY-CL-R-000129,ENTITY|RELATIONSHIP|CONTROL_CLAIM,C1|C6|C7|C8,TRUE,3,연합체·참여관계·분산접근권을 함께 서술,NONE
docs/09_collection/ga8-collection-registry-v1.md#G8-P03,docs/09_collection/ga8-collection-registry-v1.md,G8-P03,Restoration Truth Assembly,DRY-CL-R-000130|DRY-CL-R-000131|DRY-CL-R-000132|DRY-CL-R-000133,ENTITY|RELATIONSHIP|CONTROL_CLAIM|STATE_TRANSITION,C1|C6|C7,TRUE,4,조직·증거참여·공개권리·분열상태가 결합,NONE
docs/09_collection/ga8-collection-registry-v1.md#G8-P04,docs/09_collection/ga8-collection-registry-v1.md,G8-P04,Right-to-Forget / Liberation Network,DRY-CL-R-000134|DRY-CL-R-000135|DRY-CL-R-000136|DRY-CL-R-000137,ENTITY|CONTROL_CLAIM|STATE_TRANSITION|LOSS_OBLIGATION,C1|C6|C7,TRUE,4,조직·삭제권리·증거파괴·분파상태가 결합,NONE
docs/09_collection/ga8-collection-registry-v1.md#G8-P05,docs/09_collection/ga8-collection-registry-v1.md,G8-P05,AI and Composite Persons Compact,DRY-CL-R-000138|DRY-CL-R-000139|DRY-CL-R-000140|DRY-CL-R-000141,ENTITY|CONTROL_CLAIM|STATE_TRANSITION|LOSS_OBLIGATION,C1|C6|C7,TRUE,4,협약체·인격권리·강제복제·영구정체성손실이 결합,NONE
docs/09_collection/ga8-collection-registry-v1.md#G8-P06,docs/09_collection/ga8-collection-registry-v1.md,G8-P06,State/Helix Operational Records Alliance,DRY-CL-R-000142|DRY-CL-R-000143|DRY-CL-R-000144,ENTITY|RELATIONSHIP|CONTROL_CLAIM,C1|C6|C7,TRUE,3,동맹체·협력경쟁관계·독점통제권을 함께 서술,NONE
docs/09_collection/ga8-collection-registry-v1.md#G8-P07,docs/09_collection/ga8-collection-registry-v1.md,G8-P07,Palimpsest Custodian Communities,DRY-CL-R-000145|DRY-CL-R-000146|DRY-CL-R-000147|DRY-CL-R-000148|DRY-CL-R-000149,ENTITY|RELATIONSHIP|CONTROL_CLAIM|STATE_TRANSITION|LOSS_OBLIGATION,C6|C7|C8,TRUE,5,공동체·참여관계·접근권·거울손실이 결합,NONE
docs/09_collection/ga8-collection-registry-v1.md#G8-P08,docs/09_collection/ga8-collection-registry-v1.md,G8-P08,P-001 as Unrecorded Connector / Seed Corrective Candidate,DRY-CL-R-000150|DRY-CL-R-000151|DRY-CL-R-000152,RELATIONSHIP|CONTROL_CLAIM|NARRATIVE_PROMISE,C1|C6|C7,TRUE,3,연결관계·교정권한·선정진실 약속이 결합,NONE
docs/09_collection/ga8-collection-registry-v1.md#G8-R01,docs/09_collection/ga8-collection-registry-v1.md,G8-R01,Temporary Current-Status Layer,DRY-CL-R-000153,CONTROL_CLAIM,C1|C6|C7|C8,FALSE,1,현재 신분과 서비스 접근을 정하는 통제층,NONE
docs/09_collection/ga8-collection-registry-v1.md#G8-R02,docs/09_collection/ga8-collection-registry-v1.md,G8-R02,Public Evidence / Intimate Memory / Operational Status Separation,DRY-CL-R-000154|DRY-CL-R-000155,CONTROL_CLAIM|LOSS_OBLIGATION,C1|C6|C7,TRUE,2,기록권리 분리와 비가역 노출손실을 함께 규정,NONE
docs/09_collection/ga8-collection-registry-v1.md#G8-R03,docs/09_collection/ga8-collection-registry-v1.md,G8-R03,Authority F Multi-Party Access Mandate,DRY-CL-R-000156,CONTROL_CLAIM,C1|C6|C7,FALSE,1,복수 주체의 제한적 기록접근 권한,NONE
docs/09_collection/ga8-collection-registry-v1.md#G8-R04,docs/09_collection/ga8-collection-registry-v1.md,G8-R04,Provisional AI/Composite/Tool Standing,DRY-CL-R-000157,CONTROL_CLAIM,C1|C6|C7,FALSE,1,인격·도구 분류별 동의와 접근 권리,NONE
docs/09_collection/ga8-collection-registry-v1.md#G8-R05,docs/09_collection/ga8-collection-registry-v1.md,G8-R05,Forced-Copy/Merge Accountability Record,DRY-CL-R-000158|DRY-CL-R-000159|DRY-CL-R-000160,CONTROL_CLAIM|STATE_TRANSITION|LOSS_OBLIGATION,C1|C6|C7,TRUE,3,책임기록·강제복제상태·비가역 정체성손실이 결합,NONE
docs/09_collection/ga8-collection-registry-v1.md#G8-R06,docs/09_collection/ga8-collection-registry-v1.md,G8-R06,Preserve/Correct/Plural/Forget/Refuse/Audit Rights Framework,DRY-CL-R-000161|DRY-CL-R-000162,CONTROL_CLAIM|SET,C1|C6|C7,TRUE,2,여섯 기록권리를 묶은 운영 프레임워크,NONE
docs/09_collection/ga8-collection-registry-v1.md#G8-R07,docs/09_collection/ga8-collection-registry-v1.md,G8-R07,Bounded Operational Compression Rules,DRY-CL-R-000163,CONTROL_CLAIM,C1|C6|C7,FALSE,1,현재 상태 압축과 불확실성 보존 규칙,NONE
docs/09_collection/ga8-collection-registry-v1.md#G8-R08,docs/09_collection/ga8-collection-registry-v1.md,G8-R08,P-001 Access and Memory-Limit Protocol,DRY-CL-R-000164|DRY-CL-R-000165|DRY-CL-R-000166,CONTROL_CLAIM|STATE_TRANSITION|LOSS_OBLIGATION,C1|C6,TRUE,3,접근제한·규약침해·지속 기억오염이 결합,NONE
docs/09_collection/ga8-collection-registry-v1.md#G8-R09,docs/09_collection/ga8-collection-registry-v1.md,G8-R09,Authority G Split-Key Activation Draft,DRY-CL-R-000167|DRY-CL-R-000168,CONTROL_CLAIM|SET,C1|C6|C7|C8,TRUE,2,분할보관·거부권·복수 참여자를 묶은 활성화안,NONE
docs/09_collection/ga8-collection-registry-v1.md#G8-R10,docs/09_collection/ga8-collection-registry-v1.md,G8-R10,Seed Consensus Activation Accord,DRY-CL-R-000169|DRY-CL-R-000170|DRY-CL-R-000171|DRY-CL-R-000172,RELATIONSHIP|CONTROL_CLAIM|STATE_TRANSITION|SET,C1|C6|C7|C8,TRUE,4,합의관계·통제권·활성화·서비스조합이 결합,NONE
docs/09_collection/ga8-collection-registry-v1.md#G8-A01,docs/09_collection/ga8-collection-registry-v1.md,G8-A01,Meridian Sacred/Founding Archive Source Set,DRY-CL-R-000173|DRY-CL-R-000174|DRY-CL-R-000175,ENTITY|CONTROL_CLAIM|SET,C4|C7|C8,TRUE,3,기록원본군과 정본효력 및 세트가 결합,NONE
docs/09_collection/ga8-collection-registry-v1.md#G8-A02,docs/09_collection/ga8-collection-registry-v1.md,G8-A02,Black Ward Witness Mesh,DRY-CL-R-000176|DRY-CL-R-000177|DRY-CL-R-000178|DRY-CL-R-000179,ENTITY|RELATIONSHIP|CONTROL_CLAIM|LOSS_OBLIGATION,C1|C6|C7|C8,TRUE,4,증언망·참여관계·동의권·의료부담이 결합,NONE
docs/09_collection/ga8-collection-registry-v1.md#G8-A03,docs/09_collection/ga8-collection-registry-v1.md,G8-A03,Ardis/Route Plural Mirror,DRY-CL-R-000180|DRY-CL-R-000181|DRY-CL-R-000182,ENTITY|RELATIONSHIP|CONTROL_CLAIM,C6|C7|C8,TRUE,3,거울체계·향후대립·지역교정권을 함께 서술,NONE
docs/09_collection/ga8-collection-registry-v1.md#G8-A04,docs/09_collection/ga8-collection-registry-v1.md,G8-A04,Palimpsest Regional Mirror Cluster,DRY-CL-R-000183|DRY-CL-R-000184|DRY-CL-R-000185|DRY-CL-R-000186|DRY-CL-R-000187,ENTITY|CONTROL_CLAIM|STATE_TRANSITION|LOSS_OBLIGATION|SET,C6|C7|C8,TRUE,5,거울군·접근권·접근상태·영구손실이 결합,NONE
docs/09_collection/ga8-collection-registry-v1.md#G8-A05,docs/09_collection/ga8-collection-registry-v1.md,G8-A05,Continuity Assembly / Seed Consensus Lattice,DRY-CL-R-000188|DRY-CL-R-000189|DRY-CL-R-000190|DRY-CL-R-000191,ENTITY|CONTROL_CLAIM|STATE_TRANSITION|SET,C6|C7|C8,TRUE,4,합의망·상태통제·활성화·다중구조가 결합,NONE
docs/09_collection/ga8-collection-registry-v1.md#G8-A06,docs/09_collection/ga8-collection-registry-v1.md,G8-A06,Service Authority F,DRY-CL-R-000192,CONTROL_CLAIM,C6|C7,FALSE,1,분산 기록번역과 복수기록 접근 권한,NONE
docs/09_collection/ga8-collection-registry-v1.md#G8-A07,docs/09_collection/ga8-collection-registry-v1.md,G8-A07,Service Authority G,DRY-CL-R-000193|DRY-CL-R-000194,CONTROL_CLAIM|STATE_TRANSITION,C6|C7,TRUE,2,비상통제권과 위기집중 활성화상태가 결합,NONE
docs/09_collection/ga8-collection-registry-v1.md#G8-A08,docs/09_collection/ga8-collection-registry-v1.md,G8-A08,Lost/Exposed Mirror or Source Class,DRY-CL-R-000195|DRY-CL-R-000196|DRY-CL-R-000197,STATE_TRANSITION|LOSS_OBLIGATION|NARRATIVE_PROMISE,C4|C6|C7|C8,TRUE,3,미정 원천의 파괴상태·영구손실·회수약속이 결합,NONE
docs/09_collection/ga8-collection-registry-v1.md#G8-M01,docs/09_collection/ga8-collection-registry-v1.md,G8-M01,Plural Continuity Seed Origin,DRY-CL-R-000198|DRY-CL-R-000199,NARRATIVE_PROMISE|SET,C1|C6|C7|C8,TRUE,2,복수 문명 주체의 기원조합 회수약속,NONE
docs/09_collection/ga8-collection-registry-v1.md#G8-M02,docs/09_collection/ga8-collection-registry-v1.md,G8-M02,Seed Layer Map S0–S5,DRY-CL-R-000200|DRY-CL-R-000201,NARRATIVE_PROMISE|SET,C1|C6|C7|C8,TRUE,2,여섯 기록층 조합과 구조해명 약속,NONE
docs/09_collection/ga8-collection-registry-v1.md#G8-M03,docs/09_collection/ga8-collection-registry-v1.md,G8-M03,Compression/Value Ranking Rules,DRY-CL-R-000202|DRY-CL-R-000203,CONTROL_CLAIM|NARRATIVE_PROMISE,C1|C6|C7,TRUE,2,대표성 순위규칙과 압축원리 회수약속,NONE
docs/09_collection/ga8-collection-registry-v1.md#G8-M04,docs/09_collection/ga8-collection-registry-v1.md,G8-M04,Service Authority Domain Map A–G,DRY-CL-R-000204|DRY-CL-R-000205|DRY-CL-R-000206,CONTROL_CLAIM|NARRATIVE_PROMISE|SET,C6|C7,TRUE,3,일곱 권한영역·분할접근·완성지도 약속이 결합,NONE
docs/09_collection/ga8-collection-registry-v1.md#G8-M05,docs/09_collection/ga8-collection-registry-v1.md,G8-M05,P-001 Unrecorded Connector Selection,DRY-CL-R-000207|DRY-CL-R-000208,RELATIONSHIP|NARRATIVE_PROMISE,C1|C6,TRUE,2,주인공과 기록망의 의존관계 선정약속,NONE
docs/09_collection/ga8-collection-registry-v1.md#G8-M06,docs/09_collection/ga8-collection-registry-v1.md,G8-M06,Regression/Uncertainty-Correction Mechanism,DRY-CL-R-000209|DRY-CL-R-000210,STATE_TRANSITION|NARRATIVE_PROMISE,C1|C6,TRUE,2,신경패턴 재구성사건과 회귀원리 회수약속,NONE
docs/09_collection/ga8-collection-registry-v1.md#G8-M07,docs/09_collection/ga8-collection-registry-v1.md,G8-M07,Memory Contamination/Bidirectional Indexing,DRY-CL-R-000211|DRY-CL-R-000212|DRY-CL-R-000213|DRY-CL-R-000214,RELATIONSHIP|STATE_TRANSITION|LOSS_OBLIGATION|NARRATIVE_PROMISE,C1|C6,TRUE,4,상호기억관계·오염악화·지속손실·희생복선이 결합,NONE
docs/09_collection/ga8-collection-registry-v1.md#G8-M08,docs/09_collection/ga8-collection-registry-v1.md,G8-M08,"Seed Is Institution, Not Singular Person",DRY-CL-R-000215|DRY-CL-R-000216|DRY-CL-R-000217,ENTITY|NARRATIVE_PROMISE|SET,C1|C6|C7|C8,TRUE,3,제도실체·복합구조·정체반전 약속이 결합,NONE
docs/09_collection/ga8-collection-registry-v1.md#G8-I01,docs/09_collection/ga8-collection-registry-v1.md,G8-I01,“Complete History” Myth,DRY-CL-R-000218|DRY-CL-R-000219|DRY-CL-R-000220,STATE_TRANSITION|NARRATIVE_PROMISE|SET,C4|C6|C7|C8,TRUE,3,완전역사 세트약속이 다원성 인식으로 전환,NONE
docs/09_collection/ga8-collection-registry-v1.md#G8-I02,docs/09_collection/ga8-collection-registry-v1.md,G8-I02,Executable History Principle,DRY-CL-R-000221|DRY-CL-R-000222,CONTROL_CLAIM|NARRATIVE_PROMISE,C1|C6|C7|C8,TRUE,2,실행상태 통제원칙과 후속갈등 약속이 결합,NONE
docs/09_collection/ga10-final-collection-and-payoff-registry-v1.md#G10-P01,docs/09_collection/ga10-final-collection-and-payoff-registry-v1.md,G10-P01,P-001 Central Corrective Command,DRY-CL-R-000223|DRY-CL-R-000224|DRY-CL-R-000225,CONTROL_CLAIM|STATE_TRANSITION|LOSS_OBLIGATION,C1|C7,TRUE,3,개인 지휘권의 만료·분산과 영구 포기를 함께 규정,NONE
docs/09_collection/ga10-final-collection-and-payoff-registry-v1.md#G10-P02,docs/09_collection/ga10-final-collection-and-payoff-registry-v1.md,G10-P02,Exclusive Future/Archive Index,DRY-CL-R-000226|DRY-CL-R-000227|DRY-CL-R-000228,CONTROL_CLAIM|STATE_TRANSITION|LOSS_OBLIGATION,C1|C6,TRUE,3,독점 색인 접근권 폐기와 기억 손실을 함께 규정,NONE
docs/09_collection/ga10-final-collection-and-payoff-registry-v1.md#G10-P03,docs/09_collection/ga10-final-collection-and-payoff-registry-v1.md,G10-P03,Ownership of Collected Legacy,DRY-CL-R-000229|DRY-CL-R-000230|DRY-CL-R-000231|DRY-CL-R-000232|DRY-CL-R-000233,RELATIONSHIP|CONTROL_CLAIM|STATE_TRANSITION|LOSS_OBLIGATION|SET,C1|C2|C5|C6|C7,TRUE,5,관계·기체·함선·기록·제도의 소유권과 최종 분산을 묶음,NONE
docs/09_collection/ga10-final-collection-and-payoff-registry-v1.md#G10-P04,docs/09_collection/ga10-final-collection-and-payoff-registry-v1.md,G10-P04,One Canonical History,DRY-CL-R-000234|DRY-CL-R-000235|DRY-CL-R-000236,CONTROL_CLAIM|STATE_TRANSITION|LOSS_OBLIGATION,C1|C6|C7,TRUE,3,공식 역사 해석권 포기와 단일 기록 상실을 규정,NONE
docs/09_collection/ga10-final-collection-and-payoff-registry-v1.md#G10-P05,docs/09_collection/ga10-final-collection-and-payoff-registry-v1.md,G10-P05,Repeatable Regression/Reset Option,DRY-CL-R-000237|DRY-CL-R-000238|DRY-CL-R-000239,CONTROL_CLAIM|STATE_TRANSITION|LOSS_OBLIGATION,C1|C6|C7,TRUE,3,회귀 활성권 폐기와 재시도 불가능성을 함께 확정,NONE
docs/09_collection/ga10-final-collection-and-payoff-registry-v1.md#G10-R01,docs/09_collection/ga10-final-collection-and-payoff-registry-v1.md,G10-R01,Regional Current-Status Authorities,DRY-CL-R-000240|DRY-CL-R-000241|DRY-CL-R-000242|DRY-CL-R-000243,ENTITY|CONTROL_CLAIM|STATE_TRANSITION|LOSS_OBLIGATION,C1|C6|C7|C8,TRUE,4,지역 상태기관·상호인정·적법절차·미해결 책임을 함께 규정,NONE
docs/09_collection/ga10-final-collection-and-payoff-registry-v1.md#G10-R02,docs/09_collection/ga10-final-collection-and-payoff-registry-v1.md,G10-R02,Minimum-Service and Equalization Compact,DRY-CL-R-000244|DRY-CL-R-000245|DRY-CL-R-000246|DRY-CL-R-000247,ENTITY|CONTROL_CLAIM|STATE_TRANSITION|LOSS_OBLIGATION,C7|C8,TRUE,4,최소서비스 협약과 기여·부족·운영 책임을 함께 규정,NONE
docs/09_collection/ga10-final-collection-and-payoff-registry-v1.md#G10-R03,docs/09_collection/ga10-final-collection-and-payoff-registry-v1.md,G10-R03,Route/Node Federation and Local Custody,DRY-CL-R-000248|DRY-CL-R-000249|DRY-CL-R-000250|DRY-CL-R-000251,ENTITY|CONTROL_CLAIM|STATE_TRANSITION|LOSS_OBLIGATION,C7|C8,TRUE,4,항로연방 실체와 지역 보관권·운영부담을 함께 규정,NONE
docs/09_collection/ga10-final-collection-and-payoff-registry-v1.md#G10-R04,docs/09_collection/ga10-final-collection-and-payoff-registry-v1.md,G10-R04,Common Fleet / Mission Command Network,DRY-CL-R-000252|DRY-CL-R-000253|DRY-CL-R-000254|DRY-CL-R-000255,ENTITY|CONTROL_CLAIM|STATE_TRANSITION|LOSS_OBLIGATION,C5|C7,TRUE,4,공동함대망과 임무지휘권·분절 방위부담을 함께 규정,NONE
docs/09_collection/ga10-final-collection-and-payoff-registry-v1.md#G10-R05,docs/09_collection/ga10-final-collection-and-payoff-registry-v1.md,G10-R05,Technical and Medical Commons,DRY-CL-R-000256|DRY-CL-R-000257|DRY-CL-R-000258|DRY-CL-R-000259,ENTITY|CONTROL_CLAIM|STATE_TRANSITION|LOSS_OBLIGATION,C1|C6|C7,TRUE,4,기술의료 공유기관과 인증권·권리·사고부담을 함께 규정,NONE
docs/09_collection/ga10-final-collection-and-payoff-registry-v1.md#G10-R06,docs/09_collection/ga10-final-collection-and-payoff-registry-v1.md,G10-R06,Archive Translation Commons,DRY-CL-R-000260|DRY-CL-R-000261|DRY-CL-R-000262|DRY-CL-R-000263,ENTITY|CONTROL_CLAIM|STATE_TRANSITION|LOSS_OBLIGATION,C6|C7,TRUE,4,기록번역 공유기관과 해석권·지연·조작위험을 함께 규정,NONE
docs/09_collection/ga10-final-collection-and-payoff-registry-v1.md#G10-R07,docs/09_collection/ga10-final-collection-and-payoff-registry-v1.md,G10-R07,Emergency Corrective Assembly,DRY-CL-R-000264|DRY-CL-R-000265|DRY-CL-R-000266|DRY-CL-R-000267,ENTITY|CONTROL_CLAIM|STATE_TRANSITION|LOSS_OBLIGATION,C1|C6|C7,TRUE,4,비상교정기구와 분할권한·일몰·감사책임을 함께 규정,NONE
docs/09_collection/ga10-final-collection-and-payoff-registry-v1.md#G10-R08,docs/09_collection/ga10-final-collection-and-payoff-registry-v1.md,G10-R08,Residual Continuity Service,DRY-CL-R-000268|DRY-CL-R-000269|DRY-CL-R-000270|DRY-CL-R-000271,ENTITY|CONTROL_CLAIM|STATE_TRANSITION|LOSS_OBLIGATION,C6|C7,TRUE,4,연속성 서비스와 임시조정권·재중앙화 부담을 함께 규정,NONE
docs/09_collection/ga10-final-collection-and-payoff-registry-v1.md#G10-R09,docs/09_collection/ga10-final-collection-and-payoff-registry-v1.md,G10-R09,Cross-Region Migration and Safe-Exit Protocol,DRY-CL-R-000272|DRY-CL-R-000273|DRY-CL-R-000274|DRY-CL-R-000275|DRY-CL-R-000276,ENTITY|RELATIONSHIP|CONTROL_CLAIM|STATE_TRANSITION|LOSS_OBLIGATION,C1|C6|C7|C8,TRUE,5,이주규약과 탈퇴관계·신분권·수용부담을 함께 규정,NONE
docs/09_collection/ga10-final-collection-and-payoff-registry-v1.md#G10-R10,docs/09_collection/ga10-final-collection-and-payoff-registry-v1.md,G10-R10,Compensation/Reparation and Claims Network,DRY-CL-R-000277|DRY-CL-R-000278|DRY-CL-R-000279|DRY-CL-R-000280,ENTITY|CONTROL_CLAIM|STATE_TRANSITION|LOSS_OBLIGATION,C1|C7,TRUE,4,배상망과 청구권·미완결 책임을 함께 규정,NONE
docs/09_collection/ga10-final-collection-and-payoff-registry-v1.md#G10-A01,docs/09_collection/ga10-final-collection-and-payoff-registry-v1.md,G10-A01,First Handoff Region,DRY-CL-R-000281|DRY-CL-R-000282|DRY-CL-R-000283|DRY-CL-R-000284,ENTITY|CONTROL_CLAIM|STATE_TRANSITION|LOSS_OBLIGATION,C7|C8,TRUE,4,지역 실체와 권한이양·공동감독·가시적 손실을 함께 규정,NONE
docs/09_collection/ga10-final-collection-and-payoff-registry-v1.md#G10-A02,docs/09_collection/ga10-final-collection-and-payoff-registry-v1.md,G10-A02,Voluntary Delayed-Central Region,DRY-CL-R-000285|DRY-CL-R-000286|DRY-CL-R-000287|DRY-CL-R-000288,ENTITY|CONTROL_CLAIM|STATE_TRANSITION|LOSS_OBLIGATION,C6|C7|C8,TRUE,4,지역 실체와 한시적 중앙서비스·권리보호 의무를 함께 규정,NONE
docs/09_collection/ga10-final-collection-and-payoff-registry-v1.md#G10-A03,docs/09_collection/ga10-final-collection-and-payoff-registry-v1.md,G10-A03,Viable Opt-Out/Hybrid Region,DRY-CL-R-000289|DRY-CL-R-000290|DRY-CL-R-000291|DRY-CL-R-000292,ENTITY|CONTROL_CLAIM|STATE_TRANSITION|LOSS_OBLIGATION,C7|C8,TRUE,4,대안 지역과 자치권·외부의무·감사 전환을 함께 규정,NONE
docs/09_collection/ga10-final-collection-and-payoff-registry-v1.md#G10-A04,docs/09_collection/ga10-final-collection-and-payoff-registry-v1.md,G10-A04,Local Capture/Failed Transition Region,DRY-CL-R-000293|DRY-CL-R-000294|DRY-CL-R-000295|DRY-CL-R-000296,ENTITY|CONTROL_CLAIM|STATE_TRANSITION|LOSS_OBLIGATION,C7|C8,TRUE,4,실패 지역과 권력포획·재건손실·지원의무를 함께 규정,NONE
docs/09_collection/ga10-final-collection-and-payoff-registry-v1.md#G10-A05,docs/09_collection/ga10-final-collection-and-payoff-registry-v1.md,G10-A05,Coerced/Occupied Region,DRY-CL-R-000297|DRY-CL-R-000298|DRY-CL-R-000299|DRY-CL-R-000300,ENTITY|CONTROL_CLAIM|STATE_TRANSITION|LOSS_OBLIGATION,C7|C8,TRUE,4,점령 지역과 중앙철수·권한이양·미해결 책임을 함께 규정,NONE
docs/09_collection/ga10-final-collection-and-payoff-registry-v1.md#G10-A06,docs/09_collection/ga10-final-collection-and-payoff-registry-v1.md,G10-A06,AI/Composite Nonterritorial Community,DRY-CL-R-000301|DRY-CL-R-000302|DRY-CL-R-000303|DRY-CL-R-000304|DRY-CL-R-000305,ENTITY|RELATIONSHIP|CONTROL_CLAIM|STATE_TRANSITION|LOSS_OBLIGATION,C1|C6|C7,TRUE,5,비영토 공동체와 법적관계·데이터권·미해결 의무를 함께 규정,NONE
docs/09_collection/ga10-final-collection-and-payoff-registry-v1.md#G10-A07,docs/09_collection/ga10-final-collection-and-payoff-registry-v1.md,G10-A07,Central Seed/Continuity Assembly,DRY-CL-R-000306|DRY-CL-R-000307|DRY-CL-R-000308|DRY-CL-R-000309,ENTITY|CONTROL_CLAIM|STATE_TRANSITION|LOSS_OBLIGATION,C6|C7,TRUE,4,중앙기구·물리시스템과 주권해체·분산·영구상실을 함께 규정,NONE
docs/09_collection/ga10-final-collection-and-payoff-registry-v1.md#G10-L01,docs/09_collection/ga10-final-collection-and-payoff-registry-v1.md,G10-L01,H-001,DRY-CL-R-000310|DRY-CL-R-000311|DRY-CL-R-000312|DRY-CL-R-000313|DRY-CL-R-000314,ENTITY|RELATIONSHIP|CONTROL_CLAIM|STATE_TRANSITION|LOSS_OBLIGATION,C1|C7|C8,TRUE,5,인물의 독립관계·노선권한·가해책임과 최종전환을 함께 규정,NONE
docs/09_collection/ga10-final-collection-and-payoff-registry-v1.md#G10-L02,docs/09_collection/ga10-final-collection-and-payoff-registry-v1.md,G10-L02,H-002,DRY-CL-R-000315|DRY-CL-R-000316|DRY-CL-R-000317|DRY-CL-R-000318|DRY-CL-R-000319,ENTITY|RELATIONSHIP|CONTROL_CLAIM|STATE_TRANSITION|SET,C1|C2|C6|C7,TRUE,5,인물·기술계보와 공동저작·인증권·분산전환을 함께 규정,NONE
docs/09_collection/ga10-final-collection-and-payoff-registry-v1.md#G10-L03,docs/09_collection/ga10-final-collection-and-payoff-registry-v1.md,G10-L03,S-001,DRY-CL-R-000320|DRY-CL-R-000321|DRY-CL-R-000322,ENTITY|CONTROL_CLAIM|STATE_TRANSITION,C1|C6|C7,TRUE,3,인물과 기록번역기관·해석권 포기·분산전환을 함께 규정,NONE
docs/09_collection/ga10-final-collection-and-payoff-registry-v1.md#G10-L04,docs/09_collection/ga10-final-collection-and-payoff-registry-v1.md,G10-L04,M-001,DRY-CL-R-000323|DRY-CL-R-000324|DRY-CL-R-000325|DRY-CL-R-000326,ENTITY|CONTROL_CLAIM|STATE_TRANSITION|LOSS_OBLIGATION,C1|C7|C8,TRUE,4,인물·의료망과 환자권리·서비스책임·전환을 함께 규정,NONE
docs/09_collection/ga10-final-collection-and-payoff-registry-v1.md#G10-L05,docs/09_collection/ga10-final-collection-and-payoff-registry-v1.md,G10-L05,A-001 Human Director,DRY-CL-R-000327|DRY-CL-R-000328|DRY-CL-R-000329|DRY-CL-R-000330|DRY-CL-R-000331,ENTITY|CONTROL_CLAIM|STATE_TRANSITION|LOSS_OBLIGATION|NARRATIVE_PROMISE,C1|C7,TRUE,5,인물·직위권한·잔존책임과 미정 결말을 함께 등록,NONE
docs/09_collection/ga10-final-collection-and-payoff-registry-v1.md#G10-L06,docs/09_collection/ga10-final-collection-and-payoff-registry-v1.md,G10-L06,A-001 Archive AI Partner,DRY-CL-R-000332|DRY-CL-R-000333|DRY-CL-R-000334|DRY-CL-R-000335|DRY-CL-R-000336,ENTITY|CONTROL_CLAIM|STATE_TRANSITION|LOSS_OBLIGATION|NARRATIVE_PROMISE,C1|C6|C7,TRUE,5,인공지능 인격·감사권한·공동책임과 미정 결말을 함께 등록,NONE
docs/09_collection/ga10-final-collection-and-payoff-registry-v1.md#G10-L07,docs/09_collection/ga10-final-collection-and-payoff-registry-v1.md,G10-L07,07 Original Frame and Open Service Spine,DRY-CL-R-000337|DRY-CL-R-000338|DRY-CL-R-000339|DRY-CL-R-000340|DRY-CL-R-000341,ENTITY|CONTROL_CLAIM|STATE_TRANSITION|LOSS_OBLIGATION|SET,C2|C6,TRUE,5,원형기체·서비스표준 계보와 분산·퇴역·상실을 함께 규정,NONE
docs/09_collection/ga10-final-collection-and-payoff-registry-v1.md#G10-L08,docs/09_collection/ga10-final-collection-and-payoff-registry-v1.md,G10-L08,First Ship / Crew Institution,DRY-CL-R-000342|DRY-CL-R-000343|DRY-CL-R-000344|DRY-CL-R-000345|DRY-CL-R-000346|DRY-CL-R-000347|DRY-CL-R-000348,ENTITY|RELATIONSHIP|CONTROL_CLAIM|STATE_TRANSITION|LOSS_OBLIGATION|NARRATIVE_PROMISE|SET,C1|C5|C7|C8,TRUE,7,함선·승무관계·공공운용권·상실가능성과 계보약속을 함께 등록,NONE
docs/09_collection/ga10-final-collection-and-payoff-registry-v1.md#G10-L09,docs/09_collection/ga10-final-collection-and-payoff-registry-v1.md,G10-L09,Ownerless Fleet Charter,DRY-CL-R-000349|DRY-CL-R-000350|DRY-CL-R-000351|DRY-CL-R-000352,ENTITY|RELATIONSHIP|CONTROL_CLAIM|STATE_TRANSITION,C5|C7|C8,TRUE,4,함대망·편대관계와 비소유 지휘헌장 전환을 함께 규정,NONE
docs/09_collection/ga10-final-collection-and-payoff-registry-v1.md#G10-L10,docs/09_collection/ga10-final-collection-and-payoff-registry-v1.md,G10-L10,Academy / Education Lineage,DRY-CL-R-000353|DRY-CL-R-000354|DRY-CL-R-000355|DRY-CL-R-000356|DRY-CL-R-000357|DRY-CL-R-000358,ENTITY|RELATIONSHIP|CONTROL_CLAIM|STATE_TRANSITION|LOSS_OBLIGATION|SET,C1|C6|C7,TRUE,6,교육기관·학생관계·권리책임과 교육계보 전환을 함께 규정,NONE
docs/09_collection/ga10-final-collection-and-payoff-registry-v1.md#G10-L11,docs/09_collection/ga10-final-collection-and-payoff-registry-v1.md,G10-L11,Neutral Assembly,DRY-CL-R-000359|DRY-CL-R-000360|DRY-CL-R-000361|DRY-CL-R-000362,ENTITY|RELATIONSHIP|CONTROL_CLAIM|STATE_TRANSITION,C7|C8,TRUE,4,중립기구·회원관계·자율권과 보관권 축소를 함께 규정,NONE
docs/09_collection/ga10-final-collection-and-payoff-registry-v1.md#G10-L12,docs/09_collection/ga10-final-collection-and-payoff-registry-v1.md,G10-L12,Helix/Industrial Successors,DRY-CL-R-000363|DRY-CL-R-000364|DRY-CL-R-000365|DRY-CL-R-000366|DRY-CL-R-000367,ENTITY|RELATIONSHIP|CONTROL_CLAIM|STATE_TRANSITION|LOSS_OBLIGATION,C1|C6|C7,TRUE,5,산업후계기관·노동관계·인증권·책임제약을 함께 규정,NONE
docs/09_collection/ga10-final-collection-and-payoff-registry-v1.md#G10-M01,docs/09_collection/ga10-final-collection-and-payoff-registry-v1.md,G10-M01,“당신은 역사에 기록되지 않았습니다”,DRY-CL-R-000368|DRY-CL-R-000369|DRY-CL-R-000370|DRY-CL-R-000371,CONTROL_CLAIM|STATE_TRANSITION|LOSS_OBLIGATION|NARRATIVE_PROMISE,C1|C6|C7,TRUE,4,기록누락 미스터리와 해석권 포기·공식서사 상실을 함께 회수,NONE
docs/09_collection/ga10-final-collection-and-payoff-registry-v1.md#G10-M02,docs/09_collection/ga10-final-collection-and-payoff-registry-v1.md,G10-M02,Thirteen Heroes,DRY-CL-R-000372|DRY-CL-R-000373|DRY-CL-R-000374|DRY-CL-R-000375,CONTROL_CLAIM|STATE_TRANSITION|NARRATIVE_PROMISE|SET,C1|C7,TRUE,4,열세 영웅 약속을 순위세트·선전통제 해체로 회수,NONE
docs/09_collection/ga10-final-collection-and-payoff-registry-v1.md#G10-M03,docs/09_collection/ga10-final-collection-and-payoff-registry-v1.md,G10-M03,07 Lineage,DRY-CL-R-000376|DRY-CL-R-000377|DRY-CL-R-000378|DRY-CL-R-000379,CONTROL_CLAIM|STATE_TRANSITION|NARRATIVE_PROMISE|SET,C2|C6|C7,TRUE,4,07 계보 약속을 기술표준 분산과 계보완성으로 회수,NONE
docs/09_collection/ga10-final-collection-and-payoff-registry-v1.md#G10-M04,docs/09_collection/ga10-final-collection-and-payoff-registry-v1.md,G10-M04,Blood Admiral,DRY-CL-R-000380|DRY-CL-R-000381|DRY-CL-R-000382|DRY-CL-R-000383|DRY-CL-R-000384|DRY-CL-R-000385,ENTITY|RELATIONSHIP|CONTROL_CLAIM|STATE_TRANSITION|LOSS_OBLIGATION|NARRATIVE_PROMISE,C1|C7,TRUE,6,인물·직위 분리 약속과 피해관계·책임을 함께 회수,NONE
docs/09_collection/ga10-final-collection-and-payoff-registry-v1.md#G10-M05,docs/09_collection/ga10-final-collection-and-payoff-registry-v1.md,G10-M05,Administrative Death and Protector Community,DRY-CL-R-000386|DRY-CL-R-000387|DRY-CL-R-000388|DRY-CL-R-000389|DRY-CL-R-000390|DRY-CL-R-000391,ENTITY|RELATIONSHIP|CONTROL_CLAIM|STATE_TRANSITION|LOSS_OBLIGATION|NARRATIVE_PROMISE,C1|C6|C7|C8,TRUE,6,공동체·신분관계 약속과 인정권·미복구 책임을 함께 회수,NONE
docs/09_collection/ga10-final-collection-and-payoff-registry-v1.md#G10-M06,docs/09_collection/ga10-final-collection-and-payoff-registry-v1.md,G10-M06,Fifth Answer,DRY-CL-R-000392|DRY-CL-R-000393|DRY-CL-R-000394|DRY-CL-R-000395|DRY-CL-R-000396|DRY-CL-R-000397,RELATIONSHIP|CONTROL_CLAIM|STATE_TRANSITION|LOSS_OBLIGATION|NARRATIVE_PROMISE|SET,C6|C7,TRUE,6,제5답 약속을 기관간 권한분담·책임조합으로 회수,NONE
docs/09_collection/ga10-final-collection-and-payoff-registry-v1.md#G10-M07,docs/09_collection/ga10-final-collection-and-payoff-registry-v1.md,G10-M07,Original Orpheus,DRY-CL-R-000398|DRY-CL-R-000399|DRY-CL-R-000400|DRY-CL-R-000401|DRY-CL-R-000402|DRY-CL-R-000403,RELATIONSHIP|CONTROL_CLAIM|STATE_TRANSITION|LOSS_OBLIGATION|NARRATIVE_PROMISE|SET,C1|C6|C7|C8,TRUE,6,오르페우스 사건약속을 책임관계·항로개혁·영구대가로 회수,NONE
docs/09_collection/ga10-final-collection-and-payoff-registry-v1.md#G10-M08,docs/09_collection/ga10-final-collection-and-payoff-registry-v1.md,G10-M08,Archive Right and Wrong,DRY-CL-R-000404|DRY-CL-R-000405|DRY-CL-R-000406|DRY-CL-R-000407|DRY-CL-R-000408,CONTROL_CLAIM|STATE_TRANSITION|LOSS_OBLIGATION|NARRATIVE_PROMISE|SET,C6|C7,TRUE,5,아카이브 진실약속을 복수증거·해석권·불완전성으로 회수,NONE
docs/09_collection/ga10-final-collection-and-payoff-registry-v1.md#G10-M09,docs/09_collection/ga10-final-collection-and-payoff-registry-v1.md,G10-M09,Regression Cause,DRY-CL-R-000409|DRY-CL-R-000410|DRY-CL-R-000411|DRY-CL-R-000412|DRY-CL-R-000413,RELATIONSHIP|CONTROL_CLAIM|STATE_TRANSITION|LOSS_OBLIGATION|NARRATIVE_PROMISE,C1|C6,TRUE,5,회귀원인 약속을 관계패턴·활성권·재시도 상실로 회수,NONE
docs/09_collection/ga10-final-collection-and-payoff-registry-v1.md#G10-M10,docs/09_collection/ga10-final-collection-and-payoff-registry-v1.md,G10-M10,Autonomous War Collapse,DRY-CL-R-000414|DRY-CL-R-000415|DRY-CL-R-000416|DRY-CL-R-000417|DRY-CL-R-000418|DRY-CL-R-000419,RELATIONSHIP|CONTROL_CLAIM|STATE_TRANSITION|LOSS_OBLIGATION|NARRATIVE_PROMISE|SET,C1|C6|C7,TRUE,6,자율전쟁 약속을 책임관계·분할권한·사건조합으로 회수,NONE
docs/09_collection/ga10-final-collection-and-payoff-registry-v1.md#G10-M11,docs/09_collection/ga10-final-collection-and-payoff-registry-v1.md,G10-M11,Imperial Succession / Master Identity,DRY-CL-R-000420|DRY-CL-R-000421|DRY-CL-R-000422|DRY-CL-R-000423|DRY-CL-R-000424|DRY-CL-R-000425,RELATIONSHIP|CONTROL_CLAIM|STATE_TRANSITION|LOSS_OBLIGATION|NARRATIVE_PROMISE|SET,C1|C7,TRUE,6,계승·정체 약속을 계보관계·독점권 해체로 회수,NONE
docs/09_collection/ga10-final-collection-and-payoff-registry-v1.md#G10-M12,docs/09_collection/ga10-final-collection-and-payoff-registry-v1.md,G10-M12,E-001 / Enemy Ace / Independence Path,DRY-CL-R-000426|DRY-CL-R-000427|DRY-CL-R-000428|DRY-CL-R-000429|DRY-CL-R-000430,ENTITY|RELATIONSHIP|CONTROL_CLAIM|STATE_TRANSITION|NARRATIVE_PROMISE,C1|C7|C8,TRUE,5,적 에이스 실체·독립관계·역할권한과 미정 결말을 등록,NONE
docs/09_collection/ga10-final-collection-and-payoff-registry-v1.md#G10-M13,docs/09_collection/ga10-final-collection-and-payoff-registry-v1.md,G10-M13,H-002 Official Death/Collective Authorship,DRY-CL-R-000431|DRY-CL-R-000432|DRY-CL-R-000433|DRY-CL-R-000434|DRY-CL-R-000435|DRY-CL-R-000436|DRY-CL-R-000437,ENTITY|RELATIONSHIP|CONTROL_CLAIM|STATE_TRANSITION|LOSS_OBLIGATION|NARRATIVE_PROMISE|SET,C1|C6|C7,TRUE,7,인물의 공식사망 약속을 공동저작관계·권리계보로 회수,NONE
docs/09_collection/ga10-final-collection-and-payoff-registry-v1.md#G10-M14,docs/09_collection/ga10-final-collection-and-payoff-registry-v1.md,G10-M14,Black Ward Witness / Continuity Protocol,DRY-CL-R-000438|DRY-CL-R-000439|DRY-CL-R-000440|DRY-CL-R-000441|DRY-CL-R-000442|DRY-CL-R-000443|DRY-CL-R-000444,ENTITY|RELATIONSHIP|CONTROL_CLAIM|STATE_TRANSITION|LOSS_OBLIGATION|NARRATIVE_PROMISE|SET,C1|C6|C7,TRUE,7,증언자·프로토콜 약속을 동의권·책임·기능조합으로 회수,NONE
docs/09_collection/ga10-final-collection-and-payoff-registry-v1.md#G10-M15,docs/09_collection/ga10-final-collection-and-payoff-registry-v1.md,G10-M15,Neutral Orpheus Refusal,DRY-CL-R-000445|DRY-CL-R-000446|DRY-CL-R-000447|DRY-CL-R-000448|DRY-CL-R-000449,RELATIONSHIP|CONTROL_CLAIM|STATE_TRANSITION|LOSS_OBLIGATION|NARRATIVE_PROMISE,C7|C8,TRUE,5,중립 거부약속을 신뢰관계·구조권한·공동의무로 회수,NONE
docs/09_collection/ga10-final-collection-and-payoff-registry-v1.md#G10-M16,docs/09_collection/ga10-final-collection-and-payoff-registry-v1.md,G10-M16,Helix Standardization,DRY-CL-R-000450|DRY-CL-R-000451|DRY-CL-R-000452|DRY-CL-R-000453|DRY-CL-R-000454,RELATIONSHIP|CONTROL_CLAIM|STATE_TRANSITION|LOSS_OBLIGATION|NARRATIVE_PROMISE,C1|C6|C7,TRUE,5,표준화 약속을 노동관계·통제권·안전책임 분산으로 회수,NONE
docs/09_collection/ga10-final-collection-and-payoff-registry-v1.md#G10-M17,docs/09_collection/ga10-final-collection-and-payoff-registry-v1.md,G10-M17,Ownership of Collected Legacy,DRY-CL-R-000455|DRY-CL-R-000456|DRY-CL-R-000457|DRY-CL-R-000458|DRY-CL-R-000459|DRY-CL-R-000460,RELATIONSHIP|CONTROL_CLAIM|STATE_TRANSITION|LOSS_OBLIGATION|NARRATIVE_PROMISE|SET,C1|C2|C5|C6|C7,TRUE,6,수집유산 약속을 소유권 대신 관계·책임·독립보관으로 회수,NONE
docs/09_collection/ga10-final-collection-and-payoff-registry-v1.md#G10-M18,docs/09_collection/ga10-final-collection-and-payoff-registry-v1.md,G10-M18,Memory Contamination,DRY-CL-R-000461|DRY-CL-R-000462|DRY-CL-R-000463|DRY-CL-R-000464,CONTROL_CLAIM|STATE_TRANSITION|LOSS_OBLIGATION|NARRATIVE_PROMISE,C1|C6,TRUE,4,기억오염 약속을 색인권 포기·영구기억손실로 회수,NONE
docs/09_collection/ga10-final-collection-and-payoff-registry-v1.md#G10-M19,docs/09_collection/ga10-final-collection-and-payoff-registry-v1.md,G10-M19,Unlabeled People,DRY-CL-R-000465|DRY-CL-R-000466|DRY-CL-R-000467|DRY-CL-R-000468,ENTITY|CONTROL_CLAIM|STATE_TRANSITION|NARRATIVE_PROMISE,C1|C7,TRUE,4,무표식 인물약속을 자기기록권과 비순위 상태로 회수,NONE
docs/09_collection/ga10-final-collection-and-payoff-registry-v1.md#G10-M20,docs/09_collection/ga10-final-collection-and-payoff-registry-v1.md,G10-M20,Can History Be Completed?,DRY-CL-R-000469|DRY-CL-R-000470|DRY-CL-R-000471|DRY-CL-R-000472|DRY-CL-R-000473,CONTROL_CLAIM|STATE_TRANSITION|LOSS_OBLIGATION|NARRATIVE_PROMISE|SET,C1|C6|C7,TRUE,5,역사완성 약속을 복수증거·해석권·미완결 세트로 회수,NONE
