"system_id","reader_name","macroregion","cluster","primary_node","registered_population_millions","specialisation_1","specialisation_2","governance_r0","route_profile","ga10_transition_seed","protected_continuity_note"
"SYS-001","루멘","Core","CO-C01","L0","1000","administration","finance","imperial_direct","trunk_dense","PENDING","PROTECTED_NAME"
"SYS-002","티리스","Core","CO-C02","L0","1000","fleet_yard","certification","imperial_direct","trunk_dense","PENDING","PROTECTED_NAME"
"SYS-003","아르켈","Core","CO-C03","L0","1000","archive","law","imperial_direct","trunk_dense","PENDING","PROTECTED_NAME"
"SYS-004","발다스","Core","CO-C04","L0","1000","relay_trunk","transit","imperial_direct","trunk_dense","PENDING","PROTECTED_NAME"
"SYS-005","코르나","Core","CO-C01","L0","1000","administration","finance","imperial_direct","trunk_dense","PENDING","PROTECTED_NAME"
"SYS-006","유스티스","Core","CO-C02","L0","1000","fleet_yard","certification","imperial_direct","trunk_dense","PENDING","PROTECTED_NAME"
"SYS-007","","Core","CO-C03","L0","1000","archive","law","imperial_direct","trunk_dense","PENDING",""
"SYS-008","","Core","CO-C04","L0","1000","relay_trunk","transit","imperial_direct","trunk_dense","PENDING",""
"SYS-009","","Core","CO-C01","L0","1000","administration","finance","imperial_direct","trunk_dense","PENDING",""
"SYS-010","","Core","CO-C02","L1","1000","fleet_yard","certification","imperial_direct","trunk_dense","PENDING",""
"SYS-011","","Core","CO-C03","L1","1000","archive","law","imperial_direct","trunk_dense","PENDING",""
"SYS-012","","Core","CO-C04","L1","1000","relay_trunk","transit","imperial_direct","trunk_dense","PENDING",""
"SYS-013","","Core","CO-C01","L1","1000","administration","finance","imperial_direct","trunk_dense","PENDING",""
"SYS-014","","Core","CO-C02","L1","1000","fleet_yard","certification","imperial_direct","trunk_dense","PENDING",""
"SYS-015","","Core","CO-C03","L1","1000","archive","law","imperial_direct","trunk_dense","PENDING",""
"SYS-016","","Core","CO-C04","L1","1000","relay_trunk","transit","imperial_direct","trunk_dense","PENDING",""
"SYS-017","","Core","CO-C01","L1","1000","administration","finance","imperial_direct","trunk_dense","PENDING",""
"SYS-018","","Core","CO-C02","L1","1000","fleet_yard","certification","imperial_direct","trunk_dense","PENDING",""
"SYS-019","","Core","CO-C03","L1","1000","archive","law","imperial_direct","trunk_dense","PENDING",""
"SYS-020","","Core","CO-C04","L1","1000","relay_trunk","transit","imperial_direct","trunk_dense","PENDING",""
"SYS-021","","Core","CO-C01","L1","1000","administration","finance","imperial_direct","trunk_dense","PENDING",""
"SYS-022","","Core","CO-C02","L1","1000","fleet_yard","certification","imperial_direct","trunk_dense","PENDING",""
"SYS-023","","Core","CO-C03","L1","1000","archive","law","imperial_direct","trunk_dense","PENDING",""
"SYS-024","","Core","CO-C04","L1","1000","relay_trunk","transit","imperial_direct","trunk_dense","PENDING",""
"SYS-025","K-13 / 제13학원","Inner","IN-C01","L1","300","manufacturing","certification","imperial_chartered","trunk_connected","PENDING","PROTECTED_NAME"
"SYS-026","백색 도크","Inner","IN-C02","L1","260","education","training","imperial_chartered","trunk_connected","PENDING","PROTECTED_NAME"
"SYS-027","하르콘","Inner","IN-C03","L1","260","medical","care","imperial_chartered","trunk_connected","PENDING","PROTECTED_NAME"
"SYS-028","렌바르","Inner","IN-C04","L1","260","logistics","supply","imperial_chartered","trunk_connected","PENDING","PROTECTED_NAME"
"SYS-029","미스트랄","Inner","IN-C05","L1","260","manufacturing","certification","imperial_chartered","trunk_connected","PENDING","PROTECTED_NAME"
"SYS-030","아켄","Inner","IN-C06","L1","260","education","training","imperial_chartered","trunk_connected","PENDING","PROTECTED_NAME"
"SYS-031","소르베","Inner","IN-C07","L1","260","medical","care","imperial_chartered","trunk_connected","PENDING","PROTECTED_NAME"
"SYS-032","트레노","Inner","IN-C08","L1","260","logistics","supply","imperial_chartered","trunk_connected","PENDING","PROTECTED_NAME"
"SYS-033","카일렌","Inner","IN-C01","L1","260","manufacturing","certification","imperial_chartered","trunk_connected","PENDING","PROTECTED_NAME"
"SYS-034","","Inner","IN-C02","L1","260","education","training","imperial_chartered","trunk_connected","PENDING",""
"SYS-035","","Inner","IN-C03","L1","260","medical","care","imperial_chartered","trunk_connected","PENDING",""
"SYS-036","","Inner","IN-C04","L1","260","logistics","supply","imperial_chartered","trunk_connected","PENDING",""
"SYS-037","","Inner","IN-C05","L1","260","manufacturing","certification","imperial_chartered","trunk_connected","PENDING",""
"SYS-038","","Inner","IN-C06","L1","260","education","training","imperial_chartered","trunk_connected","PENDING",""
"SYS-039","","Inner","IN-C07","L1","260","medical","care","imperial_chartered","trunk_connected","PENDING",""
"SYS-040","","Inner","IN-C08","L1","260","logistics","supply","imperial_chartered","trunk_connected","PENDING",""
"SYS-041","","Inner","IN-C01","L1","260","manufacturing","certification","imperial_chartered","trunk_connected","PENDING",""
"SYS-042","","Inner","IN-C02","L1","260","education","training","imperial_chartered","trunk_connected","PENDING",""
"SYS-043","","Inner","IN-C03","L1","260","medical","care","imperial_chartered","trunk_connected","PENDING",""
"SYS-044","","Inner","IN-C04","L1","260","logistics","supply","imperial_chartered","trunk_connected","PENDING",""
"SYS-045","","Inner","IN-C05","L1","260","manufacturing","certification","imperial_chartered","trunk_connected","PENDING",""
"SYS-046","","Inner","IN-C06","L1","260","education","training","imperial_chartered","trunk_connected","PENDING",""
"SYS-047","","Inner","IN-C07","L1","260","medical","care","imperial_chartered","trunk_connected","PENDING",""
"SYS-048","","Inner","IN-C08","L1","260","logistics","supply","imperial_chartered","trunk_connected","PENDING",""
"SYS-049","","Inner","IN-C01","L1","260","manufacturing","certification","imperial_chartered","trunk_connected","PENDING",""
"SYS-050","","Inner","IN-C02","L1","260","education","training","imperial_chartered","trunk_connected","PENDING",""
"SYS-051","","Inner","IN-C03","L1","260","medical","care","imperial_chartered","trunk_connected","PENDING",""
"SYS-052","","Inner","IN-C04","L1","260","logistics","supply","imperial_chartered","trunk_connected","PENDING",""
"SYS-053","","Inner","IN-C05","L1","260","manufacturing","certification","imperial_chartered","trunk_connected","PENDING",""
"SYS-054","","Inner","IN-C06","L1","260","education","training","imperial_chartered","trunk_connected","PENDING",""
"SYS-055","","Inner","IN-C07","L1","260","medical","care","imperial_chartered","trunk_connected","PENDING",""
"SYS-056","","Inner","IN-C08","L2","260","logistics","supply","imperial_chartered","trunk_connected","PENDING",""
"SYS-057","","Inner","IN-C01","L2","260","manufacturing","certification","imperial_chartered","trunk_connected","PENDING",""
"SYS-058","","Inner","IN-C02","L2","260","education","training","imperial_chartered","trunk_connected","PENDING",""
"SYS-059","","Inner","IN-C03","L2","260","medical","care","imperial_chartered","trunk_connected","PENDING",""
"SYS-060","","Inner","IN-C04","L2","260","logistics","supply","imperial_chartered","trunk_connected","PENDING",""
"SYS-061","","Inner","IN-C05","L2","260","manufacturing","certification","imperial_chartered","trunk_connected","PENDING",""
"SYS-062","","Inner","IN-C06","L2","260","education","training","imperial_chartered","trunk_connected","PENDING",""
"SYS-063","","Inner","IN-C07","L2","260","medical","care","imperial_chartered","trunk_connected","PENDING",""
"SYS-064","","Inner","IN-C08","L2","260","logistics","supply","imperial_chartered","trunk_connected","PENDING",""
"SYS-065","","Inner","IN-C01","L2","260","manufacturing","certification","imperial_chartered","trunk_connected","PENDING",""
"SYS-066","","Inner","IN-C02","L2","260","education","training","imperial_chartered","trunk_connected","PENDING",""
"SYS-067","","Inner","IN-C03","L2","260","medical","care","imperial_chartered","trunk_connected","PENDING",""
"SYS-068","","Inner","IN-C04","L2","260","logistics","supply","imperial_chartered","trunk_connected","PENDING",""
"SYS-069","","Inner","IN-C05","L2","260","manufacturing","certification","imperial_chartered","trunk_connected","PENDING",""
"SYS-070","","Inner","IN-C06","L2","260","education","training","imperial_chartered","trunk_connected","PENDING",""
"SYS-071","","Inner","IN-C07","L2","260","medical","care","imperial_chartered","trunk_connected","PENDING",""
"SYS-072","","Inner","IN-C08","L2","260","logistics","supply","imperial_chartered","trunk_connected","PENDING",""
"SYS-073","","Inner","IN-C01","L2","260","manufacturing","certification","imperial_chartered","trunk_connected","PENDING",""
"SYS-074","","Inner","IN-C02","L2","260","education","training","imperial_chartered","trunk_connected","PENDING",""
"SYS-075","","Inner","IN-C03","L2","260","medical","care","imperial_chartered","trunk_connected","PENDING",""
"SYS-076","","Inner","IN-C04","L2","260","logistics","supply","imperial_chartered","trunk_connected","PENDING",""
"SYS-077","","Inner","IN-C05","L2","260","manufacturing","certification","imperial_chartered","trunk_connected","PENDING",""
"SYS-078","","Inner","IN-C06","L2","260","education","training","imperial_chartered","trunk_connected","PENDING",""
"SYS-079","","Inner","IN-C07","L2","260","medical","care","imperial_chartered","trunk_connected","PENDING",""
"SYS-080","","Inner","IN-C08","L2","260","logistics","supply","imperial_chartered","trunk_connected","PENDING",""
"SYS-081","","Inner","IN-C01","L2","260","manufacturing","certification","imperial_chartered","trunk_connected","PENDING",""
"SYS-082","","Inner","IN-C02","L2","260","education","training","imperial_chartered","trunk_connected","PENDING",""
"SYS-083","","Inner","IN-C03","L2","260","medical","care","imperial_chartered","trunk_connected","PENDING",""
"SYS-084","","Inner","IN-C04","L2","260","logistics","supply","imperial_chartered","trunk_connected","PENDING",""
"SYS-085","","Inner","IN-C05","L2","260","manufacturing","certification","imperial_chartered","trunk_connected","PENDING",""
"SYS-086","","Inner","IN-C06","L2","260","education","training","imperial_chartered","trunk_connected","PENDING",""
"SYS-087","","Inner","IN-C07","L2","260","medical","care","imperial_chartered","trunk_connected","PENDING",""
"SYS-088","","Inner","IN-C08","L2","260","logistics","supply","imperial_chartered","trunk_connected","PENDING",""
"SYS-089","","Inner","IN-C01","L2","260","manufacturing","certification","imperial_chartered","trunk_connected","PENDING",""
"SYS-090","","Inner","IN-C02","L2","260","education","training","imperial_chartered","trunk_connected","PENDING",""
"SYS-091","","Inner","IN-C03","L2","260","medical","care","imperial_chartered","trunk_connected","PENDING",""
"SYS-092","","Inner","IN-C04","L2","260","logistics","supply","imperial_chartered","trunk_connected","PENDING",""
"SYS-093","","Inner","IN-C05","L2","260","manufacturing","certification","imperial_chartered","trunk_connected","PENDING",""
"SYS-094","","Inner","IN-C06","L2","260","education","training","imperial_chartered","trunk_connected","PENDING",""
"SYS-095","","Inner","IN-C07","L2","260","medical","care","imperial_chartered","trunk_connected","PENDING",""
"SYS-096","","Inner","IN-C08","L2","260","logistics","supply","imperial_chartered","trunk_connected","PENDING",""
"SYS-097","","Inner","IN-C01","L2","260","manufacturing","certification","imperial_chartered","trunk_connected","PENDING",""
"SYS-098","","Inner","IN-C02","L2","260","education","training","imperial_chartered","trunk_connected","PENDING",""
"SYS-099","","Inner","IN-C03","L2","260","medical","care","imperial_chartered","trunk_connected","PENDING",""
"SYS-100","","Inner","IN-C04","L2","260","logistics","supply","imperial_chartered","trunk_connected","PENDING",""
"SYS-101","","Inner","IN-C05","L2","260","manufacturing","certification","imperial_chartered","trunk_connected","PENDING",""
"SYS-102","","Inner","IN-C06","L2","260","education","training","imperial_chartered","trunk_connected","PENDING",""
"SYS-103","","Inner","IN-C07","L2","260","medical","care","imperial_chartered","trunk_connected","PENDING",""
"SYS-104","","Inner","IN-C08","L2","260","logistics","supply","imperial_chartered","trunk_connected","PENDING",""
"SYS-105","","Inner","IN-C01","L2","260","manufacturing","certification","imperial_chartered","trunk_connected","PENDING",""
"SYS-106","","Inner","IN-C02","L2","260","education","training","imperial_chartered","trunk_connected","PENDING",""
"SYS-107","","Inner","IN-C03","L2","260","medical","care","imperial_chartered","trunk_connected","PENDING",""
"SYS-108","","Inner","IN-C04","L2","260","logistics","supply","imperial_chartered","trunk_connected","PENDING",""
"SYS-109","","Inner","IN-C05","L2","260","manufacturing","certification","imperial_chartered","trunk_connected","PENDING",""
"SYS-110","","Inner","IN-C06","L2","260","education","training","imperial_chartered","trunk_connected","PENDING",""
"SYS-111","","Inner","IN-C07","L2","260","medical","care","imperial_chartered","trunk_connected","PENDING",""
"SYS-112","","Inner","IN-C08","L2","260","logistics","supply","imperial_chartered","trunk_connected","PENDING",""
"SYS-113","","Inner","IN-C01","L2","260","manufacturing","certification","imperial_chartered","trunk_connected","PENDING",""
"SYS-114","","Inner","IN-C02","L2","260","education","training","imperial_chartered","trunk_connected","PENDING",""
"SYS-115","","Inner","IN-C03","L2","260","medical","care","imperial_chartered","trunk_connected","PENDING",""
"SYS-116","","Inner","IN-C04","L2","260","logistics","supply","imperial_chartered","trunk_connected","PENDING",""
"SYS-117","","Inner","IN-C05","L2","260","manufacturing","certification","imperial_chartered","trunk_connected","PENDING",""
"SYS-118","","Inner","IN-C06","L2","260","education","training","imperial_chartered","trunk_connected","PENDING",""
"SYS-119","","Inner","IN-C07","L2","260","medical","care","imperial_chartered","trunk_connected","PENDING",""
"SYS-120","","Inner","IN-C08","L2","260","logistics","supply","imperial_chartered","trunk_connected","PENDING",""
"SYS-121","카엘","Middle","MI-C01","L2","100","workshop","repair","mixed_local_charter","branch_connected","PENDING","PROTECTED_NAME"
"SYS-122","브란","Middle","MI-C02","L2","100","agriculture","supply","mixed_local_charter","branch_connected","PENDING","PROTECTED_NAME"
"SYS-123","네리스","Middle","MI-C03","L2","100","mining","materials","mixed_local_charter","branch_connected","PENDING","PROTECTED_NAME"
"SYS-124","아르디스","Middle","MI-C04","L2","100","port","trade","mixed_local_charter","branch_connected","PENDING","PROTECTED_NAME"
"SYS-125","두르가","Middle","MI-C05","L2","100","workshop","repair","mixed_local_charter","branch_connected","PENDING","PROTECTED_NAME"
"SYS-126","옐마","Middle","MI-C06","L2","100","agriculture","supply","mixed_local_charter","branch_connected","PENDING","PROTECTED_NAME"
"SYS-127","페트라","Middle","MI-C07","L2","100","mining","materials","mixed_local_charter","branch_connected","PENDING","PROTECTED_NAME"
"SYS-128","산크로","Middle","MI-C08","L2","100","port","trade","mixed_local_charter","branch_connected","PENDING","PROTECTED_NAME"
"SYS-129","베르둔","Middle","MI-C09","L2","100","workshop","repair","mixed_local_charter","branch_connected","PENDING","PROTECTED_NAME"
"SYS-130","오스칸","Middle","MI-C10","L2","100","agriculture","supply","mixed_local_charter","branch_connected","PENDING","PROTECTED_NAME"
"SYS-131","타렌","Middle","MI-C11","L2","100","mining","materials","mixed_local_charter","branch_connected","PENDING","PROTECTED_NAME"
"SYS-132","","Middle","MI-C12","L2","100","port","trade","mixed_local_charter","branch_connected","PENDING",""
"SYS-133","","Middle","MI-C13","L2","100","workshop","repair","mixed_local_charter","branch_connected","PENDING",""
"SYS-134","","Middle","MI-C14","L2","100","agriculture","supply","mixed_local_charter","branch_connected","PENDING",""
"SYS-135","","Middle","MI-C15","L2","100","mining","materials","mixed_local_charter","branch_connected","PENDING",""
"SYS-136","","Middle","MI-C01","L2","100","port","trade","mixed_local_charter","branch_connected","PENDING",""
"SYS-137","","Middle","MI-C02","L2","100","workshop","repair","mixed_local_charter","branch_connected","PENDING",""
"SYS-138","","Middle","MI-C03","L2","100","agriculture","supply","mixed_local_charter","branch_connected","PENDING",""
"SYS-139","","Middle","MI-C04","L2","100","mining","materials","mixed_local_charter","branch_connected","PENDING",""
"SYS-140","","Middle","MI-C05","L2","100","port","trade","mixed_local_charter","branch_connected","PENDING",""
"SYS-141","","Middle","MI-C06","L2","100","workshop","repair","mixed_local_charter","branch_connected","PENDING",""
"SYS-142","","Middle","MI-C07","L2","100","agriculture","supply","mixed_local_charter","branch_connected","PENDING",""
"SYS-143","","Middle","MI-C08","L2","100","mining","materials","mixed_local_charter","branch_connected","PENDING",""
"SYS-144","","Middle","MI-C09","L2","100","port","trade","mixed_local_charter","branch_connected","PENDING",""
"SYS-145","","Middle","MI-C10","L2","100","workshop","repair","mixed_local_charter","branch_connected","PENDING",""
"SYS-146","","Middle","MI-C11","L2","100","agriculture","supply","mixed_local_charter","branch_connected","PENDING",""
"SYS-147","","Middle","MI-C12","L2","100","mining","materials","mixed_local_charter","branch_connected","PENDING",""
"SYS-148","","Middle","MI-C13","L2","100","port","trade","mixed_local_charter","branch_connected","PENDING",""
"SYS-149","","Middle","MI-C14","L2","100","workshop","repair","mixed_local_charter","branch_connected","PENDING",""
"SYS-150","","Middle","MI-C15","L2","100","agriculture","supply","mixed_local_charter","branch_connected","PENDING",""
"SYS-151","","Middle","MI-C01","L2","100","mining","materials","mixed_local_charter","branch_connected","PENDING",""
"SYS-152","","Middle","MI-C02","L2","100","port","trade","mixed_local_charter","branch_connected","PENDING",""
"SYS-153","","Middle","MI-C03","L2","100","workshop","repair","mixed_local_charter","branch_connected","PENDING",""
"SYS-154","","Middle","MI-C04","L2","100","agriculture","supply","mixed_local_charter","branch_connected","PENDING",""
"SYS-155","","Middle","MI-C05","L2","100","mining","materials","mixed_local_charter","branch_connected","PENDING",""
"SYS-156","","Middle","MI-C06","L2","100","port","trade","mixed_local_charter","branch_connected","PENDING",""
"SYS-157","","Middle","MI-C07","L2","100","workshop","repair","mixed_local_charter","branch_connected","PENDING",""
"SYS-158","","Middle","MI-C08","L2","100","agriculture","supply","mixed_local_charter","branch_connected","PENDING",""
"SYS-159","","Middle","MI-C09","L2","100","mining","materials","mixed_local_charter","branch_connected","PENDING",""
"SYS-160","","Middle","MI-C10","L2","100","port","trade","mixed_local_charter","branch_connected","PENDING",""
"SYS-161","","Middle","MI-C11","L2","100","workshop","repair","mixed_local_charter","branch_connected","PENDING",""
"SYS-162","","Middle","MI-C12","L2","100","agriculture","supply","mixed_local_charter","branch_connected","PENDING",""
"SYS-163","","Middle","MI-C13","L2","100","mining","materials","mixed_local_charter","branch_connected","PENDING",""
"SYS-164","","Middle","MI-C14","L2","100","port","trade","mixed_local_charter","branch_connected","PENDING",""
"SYS-165","","Middle","MI-C15","L2","100","workshop","repair","mixed_local_charter","branch_connected","PENDING",""
"SYS-166","","Middle","MI-C01","L2","100","agriculture","supply","mixed_local_charter","branch_connected","PENDING",""
"SYS-167","","Middle","MI-C02","L2","100","mining","materials","mixed_local_charter","branch_connected","PENDING",""
"SYS-168","","Middle","MI-C03","L2","100","port","trade","mixed_local_charter","branch_connected","PENDING",""
"SYS-169","","Middle","MI-C04","L2","100","workshop","repair","mixed_local_charter","branch_connected","PENDING",""
"SYS-170","","Middle","MI-C05","L2","100","agriculture","supply","mixed_local_charter","branch_connected","PENDING",""
"SYS-171","","Middle","MI-C06","L2","100","mining","materials","mixed_local_charter","branch_connected","PENDING",""
"SYS-172","","Middle","MI-C07","L2","100","port","trade","mixed_local_charter","branch_connected","PENDING",""
"SYS-173","","Middle","MI-C08","L2","100","workshop","repair","mixed_local_charter","branch_connected","PENDING",""
"SYS-174","","Middle","MI-C09","L2","100","agriculture","supply","mixed_local_charter","branch_connected","PENDING",""
"SYS-175","","Middle","MI-C10","L2","100","mining","materials","mixed_local_charter","branch_connected","PENDING",""
"SYS-176","","Middle","MI-C11","L2","100","port","trade","mixed_local_charter","branch_connected","PENDING",""
"SYS-177","","Middle","MI-C12","L2","100","workshop","repair","mixed_local_charter","branch_connected","PENDING",""
"SYS-178","","Middle","MI-C13","L2","100","agriculture","supply","mixed_local_charter","branch_connected","PENDING",""
"SYS-179","","Middle","MI-C14","L2","100","mining","materials","mixed_local_charter","branch_connected","PENDING",""
"SYS-180","","Middle","MI-C15","L2","100","port","trade","mixed_local_charter","branch_connected","PENDING",""
"SYS-181","","Middle","MI-C01","L2","100","workshop","repair","mixed_local_charter","branch_connected","PENDING",""
"SYS-182","","Middle","MI-C02","L2","100","agriculture","supply","mixed_local_charter","branch_connected","PENDING",""
"SYS-183","","Middle","MI-C03","L2","100","mining","materials","mixed_local_charter","branch_connected","PENDING",""
"SYS-184","","Middle","MI-C04","L2","100","port","trade","mixed_local_charter","branch_connected","PENDING",""
"SYS-185","","Middle","MI-C05","L2","100","workshop","repair","mixed_local_charter","branch_connected","PENDING",""
"SYS-186","","Middle","MI-C06","L2","100","agriculture","supply","mixed_local_charter","branch_connected","PENDING",""
"SYS-187","","Middle","MI-C07","L2","100","mining","materials","mixed_local_charter","branch_connected","PENDING",""
"SYS-188","","Middle","MI-C08","L2","100","port","trade","mixed_local_charter","branch_connected","PENDING",""
"SYS-189","","Middle","MI-C09","L2","100","workshop","repair","mixed_local_charter","branch_connected","PENDING",""
"SYS-190","","Middle","MI-C10","L2","100","agriculture","supply","mixed_local_charter","branch_connected","PENDING",""
"SYS-191","","Middle","MI-C11","L2","100","mining","materials","mixed_local_charter","branch_connected","PENDING",""
"SYS-192","","Middle","MI-C12","L2","100","port","trade","mixed_local_charter","branch_connected","PENDING",""
"SYS-193","","Middle","MI-C13","L2","100","workshop","repair","mixed_local_charter","branch_connected","PENDING",""
"SYS-194","","Middle","MI-C14","L2","100","agriculture","supply","mixed_local_charter","branch_connected","PENDING",""
"SYS-195","","Middle","MI-C15","L2","100","mining","materials","mixed_local_charter","branch_connected","PENDING",""
"SYS-196","","Middle","MI-C01","L2","100","port","trade","mixed_local_charter","branch_connected","PENDING",""
"SYS-197","","Middle","MI-C02","L2","100","workshop","repair","mixed_local_charter","branch_connected","PENDING",""
"SYS-198","","Middle","MI-C03","L2","100","agriculture","supply","mixed_local_charter","branch_connected","PENDING",""
"SYS-199","","Middle","MI-C04","L2","100","mining","materials","mixed_local_charter","branch_connected","PENDING",""
"SYS-200","","Middle","MI-C05","L2","100","port","trade","mixed_local_charter","branch_connected","PENDING",""
"SYS-201","","Middle","MI-C06","L2","100","workshop","repair","mixed_local_charter","branch_connected","PENDING",""
"SYS-202","","Middle","MI-C07","L2","100","agriculture","supply","mixed_local_charter","branch_connected","PENDING",""
"SYS-203","","Middle","MI-C08","L2","100","mining","materials","mixed_local_charter","branch_connected","PENDING",""
"SYS-204","","Middle","MI-C09","L2","100","port","trade","mixed_local_charter","branch_connected","PENDING",""
"SYS-205","","Middle","MI-C10","L2","100","workshop","repair","mixed_local_charter","branch_connected","PENDING",""
"SYS-206","","Middle","MI-C11","L2","100","agriculture","supply","mixed_local_charter","branch_connected","PENDING",""
"SYS-207","","Middle","MI-C12","L2","100","mining","materials","mixed_local_charter","branch_connected","PENDING",""
"SYS-208","","Middle","MI-C13","L2","100","port","trade","mixed_local_charter","branch_connected","PENDING",""
"SYS-209","","Middle","MI-C14","L2","100","workshop","repair","mixed_local_charter","branch_connected","PENDING",""
"SYS-210","","Middle","MI-C15","L2","100","agriculture","supply","mixed_local_charter","branch_connected","PENDING",""
"SYS-211","","Middle","MI-C01","L2","100","mining","materials","mixed_local_charter","branch_connected","PENDING",""
"SYS-212","","Middle","MI-C02","L2","100","port","trade","mixed_local_charter","branch_connected","PENDING",""
"SYS-213","","Middle","MI-C03","L2","100","workshop","repair","mixed_local_charter","branch_connected","PENDING",""
"SYS-214","","Middle","MI-C04","L2","100","agriculture","supply","mixed_local_charter","branch_connected","PENDING",""
"SYS-215","","Middle","MI-C05","L2","100","mining","materials","mixed_local_charter","branch_connected","PENDING",""
"SYS-216","","Middle","MI-C06","L2","100","port","trade","mixed_local_charter","branch_connected","PENDING",""
"SYS-217","","Middle","MI-C07","L2","100","workshop","repair","mixed_local_charter","branch_connected","PENDING",""
"SYS-218","","Middle","MI-C08","L2","100","agriculture","supply","mixed_local_charter","branch_connected","PENDING",""
"SYS-219","","Middle","MI-C09","L2","100","mining","materials","mixed_local_charter","branch_connected","PENDING",""
"SYS-220","","Middle","MI-C10","L2","100","port","trade","mixed_local_charter","branch_connected","PENDING",""
"SYS-221","","Middle","MI-C11","L2","100","workshop","repair","mixed_local_charter","branch_connected","PENDING",""
"SYS-222","","Middle","MI-C12","L2","100","agriculture","supply","mixed_local_charter","branch_connected","PENDING",""
"SYS-223","","Middle","MI-C13","L2","100","mining","materials","mixed_local_charter","branch_connected","PENDING",""
"SYS-224","","Middle","MI-C14","L2","100","port","trade","mixed_local_charter","branch_connected","PENDING",""
"SYS-225","","Middle","MI-C15","L2","100","workshop","repair","mixed_local_charter","branch_connected","PENDING",""
"SYS-226","","Middle","MI-C01","L2","100","agriculture","supply","mixed_local_charter","branch_connected","PENDING",""
"SYS-227","","Middle","MI-C02","L2","100","mining","materials","mixed_local_charter","branch_connected","PENDING",""
"SYS-228","","Middle","MI-C03","L2","100","port","trade","mixed_local_charter","branch_connected","PENDING",""
"SYS-229","","Middle","MI-C04","L2","100","workshop","repair","mixed_local_charter","branch_connected","PENDING",""
"SYS-230","","Middle","MI-C05","L2","100","agriculture","supply","mixed_local_charter","branch_connected","PENDING",""
"SYS-231","","Middle","MI-C06","L2","100","mining","materials","mixed_local_charter","branch_connected","PENDING",""
"SYS-232","","Middle","MI-C07","L2","100","port","trade","mixed_local_charter","branch_connected","PENDING",""
"SYS-233","","Middle","MI-C08","L2","100","workshop","repair","mixed_local_charter","branch_connected","PENDING",""
"SYS-234","","Middle","MI-C09","L2","100","agriculture","supply","mixed_local_charter","branch_connected","PENDING",""
"SYS-235","","Middle","MI-C10","L2","100","mining","materials","mixed_local_charter","branch_connected","PENDING",""
"SYS-236","","Middle","MI-C11","L2","100","port","trade","mixed_local_charter","branch_connected","PENDING",""
"SYS-237","","Middle","MI-C12","L2","100","workshop","repair","mixed_local_charter","branch_connected","PENDING",""
"SYS-238","","Middle","MI-C13","L2","100","agriculture","supply","mixed_local_charter","branch_connected","PENDING",""
"SYS-239","","Middle","MI-C14","L2","100","mining","materials","mixed_local_charter","branch_connected","PENDING",""
"SYS-240","","Middle","MI-C15","L2","100","port","trade","mixed_local_charter","branch_connected","PENDING",""
"SYS-241","","Middle","MI-C01","L2","100","workshop","repair","mixed_local_charter","branch_connected","PENDING",""
"SYS-242","","Middle","MI-C02","L2","100","agriculture","supply","mixed_local_charter","branch_connected","PENDING",""
"SYS-243","","Middle","MI-C03","L2","100","mining","materials","mixed_local_charter","branch_connected","PENDING",""
"SYS-244","","Middle","MI-C04","L2","100","port","trade","mixed_local_charter","branch_connected","PENDING",""
"SYS-245","","Middle","MI-C05","L2","100","workshop","repair","mixed_local_charter","branch_connected","PENDING",""
"SYS-246","","Middle","MI-C06","L2","100","agriculture","supply","mixed_local_charter","branch_connected","PENDING",""
"SYS-247","","Middle","MI-C07","L2","100","mining","materials","mixed_local_charter","branch_connected","PENDING",""
"SYS-248","","Middle","MI-C08","L3","100","port","trade","mixed_local_charter","branch_connected","PENDING",""
"SYS-249","","Middle","MI-C09","L3","100","workshop","repair","mixed_local_charter","branch_connected","PENDING",""
"SYS-250","","Middle","MI-C10","L3","100","agriculture","supply","mixed_local_charter","branch_connected","PENDING",""
"SYS-251","","Middle","MI-C11","L3","100","mining","materials","mixed_local_charter","branch_connected","PENDING",""
"SYS-252","","Middle","MI-C12","L3","100","port","trade","mixed_local_charter","branch_connected","PENDING",""
"SYS-253","","Middle","MI-C13","L3","100","workshop","repair","mixed_local_charter","branch_connected","PENDING",""
"SYS-254","","Middle","MI-C14","L3","100","agriculture","supply","mixed_local_charter","branch_connected","PENDING",""
"SYS-255","","Middle","MI-C15","L3","100","mining","materials","mixed_local_charter","branch_connected","PENDING",""
"SYS-256","","Middle","MI-C01","L3","100","port","trade","mixed_local_charter","branch_connected","PENDING",""
"SYS-257","","Middle","MI-C02","L3","100","workshop","repair","mixed_local_charter","branch_connected","PENDING",""
"SYS-258","","Middle","MI-C03","L3","100","agriculture","supply","mixed_local_charter","branch_connected","PENDING",""
"SYS-259","","Middle","MI-C04","L3","100","mining","materials","mixed_local_charter","branch_connected","PENDING",""
"SYS-260","","Middle","MI-C05","L3","100","port","trade","mixed_local_charter","branch_connected","PENDING",""
"SYS-261","","Middle","MI-C06","L3","100","workshop","repair","mixed_local_charter","branch_connected","PENDING",""
"SYS-262","","Middle","MI-C07","L3","100","agriculture","supply","mixed_local_charter","branch_connected","PENDING",""
"SYS-263","","Middle","MI-C08","L3","100","mining","materials","mixed_local_charter","branch_connected","PENDING",""
"SYS-264","","Middle","MI-C09","L3","100","port","trade","mixed_local_charter","branch_connected","PENDING",""
"SYS-265","","Middle","MI-C10","L3","100","workshop","repair","mixed_local_charter","branch_connected","PENDING",""
"SYS-266","","Middle","MI-C11","L3","100","agriculture","supply","mixed_local_charter","branch_connected","PENDING",""
"SYS-267","","Middle","MI-C12","L3","100","mining","materials","mixed_local_charter","branch_connected","PENDING",""
"SYS-268","","Middle","MI-C13","L3","100","port","trade","mixed_local_charter","branch_connected","PENDING",""
"SYS-269","","Middle","MI-C14","L3","100","workshop","repair","mixed_local_charter","branch_connected","PENDING",""
"SYS-270","","Middle","MI-C15","L3","100","agriculture","supply","mixed_local_charter","branch_connected","PENDING",""
"SYS-271","","Middle","MI-C01","L3","100","mining","materials","mixed_local_charter","branch_connected","PENDING",""
"SYS-272","","Middle","MI-C02","L3","100","port","trade","mixed_local_charter","branch_connected","PENDING",""
"SYS-273","","Middle","MI-C03","L3","100","workshop","repair","mixed_local_charter","branch_connected","PENDING",""
"SYS-274","","Middle","MI-C04","L3","100","agriculture","supply","mixed_local_charter","branch_connected","PENDING",""
"SYS-275","","Middle","MI-C05","L3","100","mining","materials","mixed_local_charter","branch_connected","PENDING",""
"SYS-276","","Middle","MI-C06","L3","100","port","trade","mixed_local_charter","branch_connected","PENDING",""
"SYS-277","","Middle","MI-C07","L3","100","workshop","repair","mixed_local_charter","branch_connected","PENDING",""
"SYS-278","","Middle","MI-C08","L3","100","agriculture","supply","mixed_local_charter","branch_connected","PENDING",""
"SYS-279","","Middle","MI-C09","L3","100","mining","materials","mixed_local_charter","branch_connected","PENDING",""
"SYS-280","","Middle","MI-C10","L3","100","port","trade","mixed_local_charter","branch_connected","PENDING",""
"SYS-281","","Middle","MI-C11","L3","100","workshop","repair","mixed_local_charter","branch_connected","PENDING",""
"SYS-282","","Middle","MI-C12","L3","100","agriculture","supply","mixed_local_charter","branch_connected","PENDING",""
"SYS-283","","Middle","MI-C13","L3","100","mining","materials","mixed_local_charter","branch_connected","PENDING",""
"SYS-284","","Middle","MI-C14","L3","100","port","trade","mixed_local_charter","branch_connected","PENDING",""
"SYS-285","","Middle","MI-C15","L3","100","workshop","repair","mixed_local_charter","branch_connected","PENDING",""
"SYS-286","","Middle","MI-C01","L3","100","agriculture","supply","mixed_local_charter","branch_connected","PENDING",""
"SYS-287","","Middle","MI-C02","L3","100","mining","materials","mixed_local_charter","branch_connected","PENDING",""
"SYS-288","","Middle","MI-C03","L3","100","port","trade","mixed_local_charter","branch_connected","PENDING",""
"SYS-289","","Middle","MI-C04","L3","100","workshop","repair","mixed_local_charter","branch_connected","PENDING",""
"SYS-290","","Middle","MI-C05","L3","100","agriculture","supply","mixed_local_charter","branch_connected","PENDING",""
"SYS-291","","Middle","MI-C06","L3","100","mining","materials","mixed_local_charter","branch_connected","PENDING",""
"SYS-292","","Middle","MI-C07","L3","100","port","trade","mixed_local_charter","branch_connected","PENDING",""
"SYS-293","","Middle","MI-C08","L3","100","workshop","repair","mixed_local_charter","branch_connected","PENDING",""
"SYS-294","","Middle","MI-C09","L3","100","agriculture","supply","mixed_local_charter","branch_connected","PENDING",""
"SYS-295","","Middle","MI-C10","L3","100","mining","materials","mixed_local_charter","branch_connected","PENDING",""
"SYS-296","","Middle","MI-C11","L3","100","port","trade","mixed_local_charter","branch_connected","PENDING",""
"SYS-297","","Middle","MI-C12","L3","100","workshop","repair","mixed_local_charter","branch_connected","PENDING",""
"SYS-298","","Middle","MI-C13","L3","100","agriculture","supply","mixed_local_charter","branch_connected","PENDING",""
"SYS-299","","Middle","MI-C14","L3","100","mining","materials","mixed_local_charter","branch_connected","PENDING",""
"SYS-300","","Middle","MI-C15","L3","100","port","trade","mixed_local_charter","branch_connected","PENDING",""
"SYS-301","마른","Frontier","FR-C01","L3","292","salvage","recovery","unaligned_or_local","sparse_or_seasonal","PENDING","PROTECTED_NAME"
"SYS-302","실렉스","Frontier","FR-C02","L3","28","outpost","patrol","unaligned_or_local","sparse_or_seasonal","PENDING","PROTECTED_NAME"
"SYS-303","팔림프세스트","Frontier","FR-C03","L3","28","settlement","subsistence","unaligned_or_local","sparse_or_seasonal","PENDING","PROTECTED_NAME"
"SYS-304","스카디르","Frontier","FR-C04","L3","28","relay","rescue","unaligned_or_local","sparse_or_seasonal","PENDING","PROTECTED_NAME"
"SYS-305","볼른","Frontier","FR-C05","L3","28","salvage","recovery","unaligned_or_local","sparse_or_seasonal","PENDING","PROTECTED_NAME"
"SYS-306","그림하","Frontier","FR-C06","L3","28","outpost","patrol","unaligned_or_local","sparse_or_seasonal","PENDING","PROTECTED_NAME"
"SYS-307","예르나","Frontier","FR-C07","L3","28","settlement","subsistence","unaligned_or_local","sparse_or_seasonal","PENDING","PROTECTED_NAME"
"SYS-308","툰드리","Frontier","FR-C08","L3","28","relay","rescue","unaligned_or_local","sparse_or_seasonal","PENDING","PROTECTED_NAME"
"SYS-309","뇌른","Frontier","FR-C09","L3","28","salvage","recovery","unaligned_or_local","sparse_or_seasonal","PENDING","PROTECTED_NAME"
"SYS-310","셀바","Frontier","FR-C10","L3","28","outpost","patrol","unaligned_or_local","sparse_or_seasonal","PENDING","PROTECTED_NAME"
"SYS-311","","Frontier","FR-C11","L3","28","settlement","subsistence","unaligned_or_local","sparse_or_seasonal","PENDING",""
"SYS-312","","Frontier","FR-C12","L3","28","relay","rescue","unaligned_or_local","sparse_or_seasonal","PENDING",""
"SYS-313","","Frontier","FR-C13","L3","28","salvage","recovery","unaligned_or_local","sparse_or_seasonal","PENDING",""
"SYS-314","","Frontier","FR-C14","L3","28","outpost","patrol","unaligned_or_local","sparse_or_seasonal","PENDING",""
"SYS-315","","Frontier","FR-C15","L3","28","settlement","subsistence","unaligned_or_local","sparse_or_seasonal","PENDING",""
"SYS-316","","Frontier","FR-C16","L3","28","relay","rescue","unaligned_or_local","sparse_or_seasonal","PENDING",""
"SYS-317","","Frontier","FR-C17","L3","28","salvage","recovery","unaligned_or_local","sparse_or_seasonal","PENDING",""
"SYS-318","","Frontier","FR-C18","L3","28","outpost","patrol","unaligned_or_local","sparse_or_seasonal","PENDING",""
"SYS-319","","Frontier","FR-C19","L3","28","settlement","subsistence","unaligned_or_local","sparse_or_seasonal","PENDING",""
"SYS-320","","Frontier","FR-C20","L3","28","relay","rescue","unaligned_or_local","sparse_or_seasonal","PENDING",""
"SYS-321","","Frontier","FR-C21","L3","28","salvage","recovery","unaligned_or_local","sparse_or_seasonal","PENDING",""
"SYS-322","","Frontier","FR-C01","L3","28","outpost","patrol","unaligned_or_local","sparse_or_seasonal","PENDING",""
"SYS-323","","Frontier","FR-C02","L3","28","settlement","subsistence","unaligned_or_local","sparse_or_seasonal","PENDING",""
"SYS-324","","Frontier","FR-C03","L3","28","relay","rescue","unaligned_or_local","sparse_or_seasonal","PENDING",""
"SYS-325","","Frontier","FR-C04","L3","28","salvage","recovery","unaligned_or_local","sparse_or_seasonal","PENDING",""
"SYS-326","","Frontier","FR-C05","L3","28","outpost","patrol","unaligned_or_local","sparse_or_seasonal","PENDING",""
"SYS-327","","Frontier","FR-C06","L3","28","settlement","subsistence","unaligned_or_local","sparse_or_seasonal","PENDING",""
"SYS-328","","Frontier","FR-C07","L3","28","relay","rescue","unaligned_or_local","sparse_or_seasonal","PENDING",""
"SYS-329","","Frontier","FR-C08","L3","28","salvage","recovery","unaligned_or_local","sparse_or_seasonal","PENDING",""
"SYS-330","","Frontier","FR-C09","L3","28","outpost","patrol","unaligned_or_local","sparse_or_seasonal","PENDING",""
"SYS-331","","Frontier","FR-C10","L3","28","settlement","subsistence","unaligned_or_local","sparse_or_seasonal","PENDING",""
"SYS-332","","Frontier","FR-C11","L3","28","relay","rescue","unaligned_or_local","sparse_or_seasonal","PENDING",""
"SYS-333","","Frontier","FR-C12","L3","28","salvage","recovery","unaligned_or_local","sparse_or_seasonal","PENDING",""
"SYS-334","","Frontier","FR-C13","L3","28","outpost","patrol","unaligned_or_local","sparse_or_seasonal","PENDING",""
"SYS-335","","Frontier","FR-C14","L3","28","settlement","subsistence","unaligned_or_local","sparse_or_seasonal","PENDING",""
"SYS-336","","Frontier","FR-C15","L3","28","relay","rescue","unaligned_or_local","sparse_or_seasonal","PENDING",""
"SYS-337","","Frontier","FR-C16","L3","28","salvage","recovery","unaligned_or_local","sparse_or_seasonal","PENDING",""
"SYS-338","","Frontier","FR-C17","L3","28","outpost","patrol","unaligned_or_local","sparse_or_seasonal","PENDING",""
"SYS-339","","Frontier","FR-C18","L3","28","settlement","subsistence","unaligned_or_local","sparse_or_seasonal","PENDING",""
"SYS-340","","Frontier","FR-C19","L3","28","relay","rescue","unaligned_or_local","sparse_or_seasonal","PENDING",""
"SYS-341","","Frontier","FR-C20","L3","28","salvage","recovery","unaligned_or_local","sparse_or_seasonal","PENDING",""
"SYS-342","","Frontier","FR-C21","L3","28","outpost","patrol","unaligned_or_local","sparse_or_seasonal","PENDING",""
"SYS-343","","Frontier","FR-C01","L3","28","settlement","subsistence","unaligned_or_local","sparse_or_seasonal","PENDING",""
"SYS-344","","Frontier","FR-C02","L3","28","relay","rescue","unaligned_or_local","sparse_or_seasonal","PENDING",""
"SYS-345","","Frontier","FR-C03","L3","28","salvage","recovery","unaligned_or_local","sparse_or_seasonal","PENDING",""
"SYS-346","","Frontier","FR-C04","L3","28","outpost","patrol","unaligned_or_local","sparse_or_seasonal","PENDING",""
"SYS-347","","Frontier","FR-C05","L3","28","settlement","subsistence","unaligned_or_local","sparse_or_seasonal","PENDING",""
"SYS-348","","Frontier","FR-C06","L3","28","relay","rescue","unaligned_or_local","sparse_or_seasonal","PENDING",""
"SYS-349","","Frontier","FR-C07","L3","28","salvage","recovery","unaligned_or_local","sparse_or_seasonal","PENDING",""
"SYS-350","","Frontier","FR-C08","L3","28","outpost","patrol","unaligned_or_local","sparse_or_seasonal","PENDING",""
"SYS-351","","Frontier","FR-C09","L3","28","settlement","subsistence","unaligned_or_local","sparse_or_seasonal","PENDING",""
"SYS-352","","Frontier","FR-C10","L3","28","relay","rescue","unaligned_or_local","sparse_or_seasonal","PENDING",""
"SYS-353","","Frontier","FR-C11","L3","28","salvage","recovery","unaligned_or_local","sparse_or_seasonal","PENDING",""
"SYS-354","","Frontier","FR-C12","L3","28","outpost","patrol","unaligned_or_local","sparse_or_seasonal","PENDING",""
"SYS-355","","Frontier","FR-C13","L3","28","settlement","subsistence","unaligned_or_local","sparse_or_seasonal","PENDING",""
"SYS-356","","Frontier","FR-C14","L3","28","relay","rescue","unaligned_or_local","sparse_or_seasonal","PENDING",""
"SYS-357","","Frontier","FR-C15","L3","28","salvage","recovery","unaligned_or_local","sparse_or_seasonal","PENDING",""
"SYS-358","","Frontier","FR-C16","L3","28","outpost","patrol","unaligned_or_local","sparse_or_seasonal","PENDING",""
"SYS-359","","Frontier","FR-C17","L3","28","settlement","subsistence","unaligned_or_local","sparse_or_seasonal","PENDING",""
"SYS-360","","Frontier","FR-C18","L3","28","relay","rescue","unaligned_or_local","sparse_or_seasonal","PENDING",""
"SYS-361","","Frontier","FR-C19","L3","28","salvage","recovery","unaligned_or_local","sparse_or_seasonal","PENDING",""
"SYS-362","","Frontier","FR-C20","L3","28","outpost","patrol","unaligned_or_local","sparse_or_seasonal","PENDING",""
"SYS-363","","Frontier","FR-C21","L3","28","settlement","subsistence","unaligned_or_local","sparse_or_seasonal","PENDING",""
"SYS-364","","Frontier","FR-C01","L3","28","relay","rescue","unaligned_or_local","sparse_or_seasonal","PENDING",""
"SYS-365","","Frontier","FR-C02","L3","28","salvage","recovery","unaligned_or_local","sparse_or_seasonal","PENDING",""
"SYS-366","","Frontier","FR-C03","L3","28","outpost","patrol","unaligned_or_local","sparse_or_seasonal","PENDING",""
"SYS-367","","Frontier","FR-C04","L3","28","settlement","subsistence","unaligned_or_local","sparse_or_seasonal","PENDING",""
"SYS-368","","Frontier","FR-C05","L3","28","relay","rescue","unaligned_or_local","sparse_or_seasonal","PENDING",""
"SYS-369","","Frontier","FR-C06","L3","28","salvage","recovery","unaligned_or_local","sparse_or_seasonal","PENDING",""
"SYS-370","","Frontier","FR-C07","L3","28","outpost","patrol","unaligned_or_local","sparse_or_seasonal","PENDING",""
"SYS-371","","Frontier","FR-C08","L3","28","settlement","subsistence","unaligned_or_local","sparse_or_seasonal","PENDING",""
"SYS-372","","Frontier","FR-C09","L3","28","relay","rescue","unaligned_or_local","sparse_or_seasonal","PENDING",""
"SYS-373","","Frontier","FR-C10","L3","28","salvage","recovery","unaligned_or_local","sparse_or_seasonal","PENDING",""
"SYS-374","","Frontier","FR-C11","L3","28","outpost","patrol","unaligned_or_local","sparse_or_seasonal","PENDING",""
"SYS-375","","Frontier","FR-C12","L3","28","settlement","subsistence","unaligned_or_local","sparse_or_seasonal","PENDING",""
"SYS-376","","Frontier","FR-C13","L3","28","relay","rescue","unaligned_or_local","sparse_or_seasonal","PENDING",""
"SYS-377","","Frontier","FR-C14","L3","28","salvage","recovery","unaligned_or_local","sparse_or_seasonal","PENDING",""
"SYS-378","","Frontier","FR-C15","L3","28","outpost","patrol","unaligned_or_local","sparse_or_seasonal","PENDING",""
"SYS-379","","Frontier","FR-C16","L3","28","settlement","subsistence","unaligned_or_local","sparse_or_seasonal","PENDING",""
"SYS-380","","Frontier","FR-C17","L3","28","relay","rescue","unaligned_or_local","sparse_or_seasonal","PENDING",""
"SYS-381","","Frontier","FR-C18","L3","28","salvage","recovery","unaligned_or_local","sparse_or_seasonal","PENDING",""
"SYS-382","","Frontier","FR-C19","L3","28","outpost","patrol","unaligned_or_local","sparse_or_seasonal","PENDING",""
"SYS-383","","Frontier","FR-C20","L3","28","settlement","subsistence","unaligned_or_local","sparse_or_seasonal","PENDING",""
"SYS-384","","Frontier","FR-C21","L3","28","relay","rescue","unaligned_or_local","sparse_or_seasonal","PENDING",""
"SYS-385","","Frontier","FR-C01","L3","28","salvage","recovery","unaligned_or_local","sparse_or_seasonal","PENDING",""
"SYS-386","","Frontier","FR-C02","L3","28","outpost","patrol","unaligned_or_local","sparse_or_seasonal","PENDING",""
"SYS-387","","Frontier","FR-C03","L3","28","settlement","subsistence","unaligned_or_local","sparse_or_seasonal","PENDING",""
"SYS-388","","Frontier","FR-C04","L3","28","relay","rescue","unaligned_or_local","sparse_or_seasonal","PENDING",""
"SYS-389","","Frontier","FR-C05","L3","28","salvage","recovery","unaligned_or_local","sparse_or_seasonal","PENDING",""
"SYS-390","","Frontier","FR-C06","L3","28","outpost","patrol","unaligned_or_local","sparse_or_seasonal","PENDING",""
"SYS-391","","Frontier","FR-C07","L3","28","settlement","subsistence","unaligned_or_local","sparse_or_seasonal","PENDING",""
"SYS-392","","Frontier","FR-C08","L3","28","relay","rescue","unaligned_or_local","sparse_or_seasonal","PENDING",""
"SYS-393","","Frontier","FR-C09","L3","28","salvage","recovery","unaligned_or_local","sparse_or_seasonal","PENDING",""
"SYS-394","","Frontier","FR-C10","L3","28","outpost","patrol","unaligned_or_local","sparse_or_seasonal","PENDING",""
"SYS-395","","Frontier","FR-C11","L3","28","settlement","subsistence","unaligned_or_local","sparse_or_seasonal","PENDING",""
"SYS-396","","Frontier","FR-C12","L3","28","relay","rescue","unaligned_or_local","sparse_or_seasonal","PENDING",""
"SYS-397","","Frontier","FR-C13","L3","28","salvage","recovery","unaligned_or_local","sparse_or_seasonal","PENDING",""
"SYS-398","","Frontier","FR-C14","L3","28","outpost","patrol","unaligned_or_local","sparse_or_seasonal","PENDING",""
"SYS-399","","Frontier","FR-C15","L3","28","settlement","subsistence","unaligned_or_local","sparse_or_seasonal","PENDING",""
"SYS-400","","Frontier","FR-C16","L3","28","relay","rescue","unaligned_or_local","sparse_or_seasonal","PENDING",""
"SYS-401","","Frontier","FR-C17","L3","28","salvage","recovery","unaligned_or_local","sparse_or_seasonal","PENDING",""
"SYS-402","","Frontier","FR-C18","L3","28","outpost","patrol","unaligned_or_local","sparse_or_seasonal","PENDING",""
"SYS-403","","Frontier","FR-C19","L3","28","settlement","subsistence","unaligned_or_local","sparse_or_seasonal","PENDING",""
"SYS-404","","Frontier","FR-C20","L3","28","relay","rescue","unaligned_or_local","sparse_or_seasonal","PENDING",""
"SYS-405","","Frontier","FR-C21","L3","28","salvage","recovery","unaligned_or_local","sparse_or_seasonal","PENDING",""
"SYS-406","","Frontier","FR-C01","L3","28","outpost","patrol","unaligned_or_local","sparse_or_seasonal","PENDING",""
"SYS-407","","Frontier","FR-C02","L3","28","settlement","subsistence","unaligned_or_local","sparse_or_seasonal","PENDING",""
"SYS-408","","Frontier","FR-C03","L3","28","relay","rescue","unaligned_or_local","sparse_or_seasonal","PENDING",""
"SYS-409","","Frontier","FR-C04","L3","28","salvage","recovery","unaligned_or_local","sparse_or_seasonal","PENDING",""
"SYS-410","","Frontier","FR-C05","L3","28","outpost","patrol","unaligned_or_local","sparse_or_seasonal","PENDING",""
"SYS-411","","Frontier","FR-C06","L3","28","settlement","subsistence","unaligned_or_local","sparse_or_seasonal","PENDING",""
"SYS-412","","Frontier","FR-C07","L3","28","relay","rescue","unaligned_or_local","sparse_or_seasonal","PENDING",""
"SYS-413","","Frontier","FR-C08","L3","28","salvage","recovery","unaligned_or_local","sparse_or_seasonal","PENDING",""
"SYS-414","","Frontier","FR-C09","L3","28","outpost","patrol","unaligned_or_local","sparse_or_seasonal","PENDING",""
"SYS-415","","Frontier","FR-C10","L3","28","settlement","subsistence","unaligned_or_local","sparse_or_seasonal","PENDING",""
"SYS-416","","Frontier","FR-C11","L3","28","relay","rescue","unaligned_or_local","sparse_or_seasonal","PENDING",""
"SYS-417","","Frontier","FR-C12","L3","28","salvage","recovery","unaligned_or_local","sparse_or_seasonal","PENDING",""
"SYS-418","","Frontier","FR-C13","L3","28","outpost","patrol","unaligned_or_local","sparse_or_seasonal","PENDING",""
"SYS-419","","Frontier","FR-C14","L3","28","settlement","subsistence","unaligned_or_local","sparse_or_seasonal","PENDING",""
"SYS-420","","Frontier","FR-C15","L3","28","relay","rescue","unaligned_or_local","sparse_or_seasonal","PENDING",""
"SYS-421","","Frontier","FR-C16","L3","28","salvage","recovery","unaligned_or_local","sparse_or_seasonal","PENDING",""
"SYS-422","","Frontier","FR-C17","L3","28","outpost","patrol","unaligned_or_local","sparse_or_seasonal","PENDING",""
"SYS-423","","Frontier","FR-C18","L3","28","settlement","subsistence","unaligned_or_local","sparse_or_seasonal","PENDING",""
"SYS-424","","Frontier","FR-C19","L3","28","relay","rescue","unaligned_or_local","sparse_or_seasonal","PENDING",""
"SYS-425","","Frontier","FR-C20","L3","28","salvage","recovery","unaligned_or_local","sparse_or_seasonal","PENDING",""
"SYS-426","","Frontier","FR-C21","L3","28","outpost","patrol","unaligned_or_local","sparse_or_seasonal","PENDING",""
"SYS-427","","Frontier","FR-C01","L3","28","settlement","subsistence","unaligned_or_local","sparse_or_seasonal","PENDING",""
"SYS-428","","Frontier","FR-C02","L3","28","relay","rescue","unaligned_or_local","sparse_or_seasonal","PENDING",""
"SYS-429","","Frontier","FR-C03","L3","28","salvage","recovery","unaligned_or_local","sparse_or_seasonal","PENDING",""
"SYS-430","","Frontier","FR-C04","L3","28","outpost","patrol","unaligned_or_local","sparse_or_seasonal","PENDING",""
"SYS-431","","Frontier","FR-C05","L3","28","settlement","subsistence","unaligned_or_local","sparse_or_seasonal","PENDING",""
"SYS-432","","Frontier","FR-C06","L3","28","relay","rescue","unaligned_or_local","sparse_or_seasonal","PENDING",""
"SYS-433","","Frontier","FR-C07","L3","28","salvage","recovery","unaligned_or_local","sparse_or_seasonal","PENDING",""
"SYS-434","","Frontier","FR-C08","L3","28","outpost","patrol","unaligned_or_local","sparse_or_seasonal","PENDING",""
"SYS-435","","Frontier","FR-C09","L3","28","settlement","subsistence","unaligned_or_local","sparse_or_seasonal","PENDING",""
"SYS-436","","Frontier","FR-C10","L3","28","relay","rescue","unaligned_or_local","sparse_or_seasonal","PENDING",""
"SYS-437","","Frontier","FR-C11","L3","28","salvage","recovery","unaligned_or_local","sparse_or_seasonal","PENDING",""
"SYS-438","","Frontier","FR-C12","L3","28","outpost","patrol","unaligned_or_local","sparse_or_seasonal","PENDING",""
"SYS-439","","Frontier","FR-C13","L3","28","settlement","subsistence","unaligned_or_local","sparse_or_seasonal","PENDING",""
"SYS-440","","Frontier","FR-C14","L3","28","relay","rescue","unaligned_or_local","sparse_or_seasonal","PENDING",""
"SYS-441","","Frontier","FR-C15","L3","28","salvage","recovery","unaligned_or_local","sparse_or_seasonal","PENDING",""
"SYS-442","","Frontier","FR-C16","L3","28","outpost","patrol","unaligned_or_local","sparse_or_seasonal","PENDING",""
"SYS-443","","Frontier","FR-C17","L3","28","settlement","subsistence","unaligned_or_local","sparse_or_seasonal","PENDING",""
"SYS-444","","Frontier","FR-C18","L3","28","relay","rescue","unaligned_or_local","sparse_or_seasonal","PENDING",""
"SYS-445","","Frontier","FR-C19","L3","28","salvage","recovery","unaligned_or_local","sparse_or_seasonal","PENDING",""
"SYS-446","","Frontier","FR-C20","L3","28","outpost","patrol","unaligned_or_local","sparse_or_seasonal","PENDING",""
"SYS-447","","Frontier","FR-C21","L3","28","settlement","subsistence","unaligned_or_local","sparse_or_seasonal","PENDING",""
"SYS-448","","Frontier","FR-C01","L3","28","relay","rescue","unaligned_or_local","sparse_or_seasonal","PENDING",""
"SYS-449","","Frontier","FR-C02","L3","28","salvage","recovery","unaligned_or_local","sparse_or_seasonal","PENDING",""
"SYS-450","","Frontier","FR-C03","L3","28","outpost","patrol","unaligned_or_local","sparse_or_seasonal","PENDING",""
"SYS-451","","Frontier","FR-C04","L3","28","settlement","subsistence","unaligned_or_local","sparse_or_seasonal","PENDING",""
"SYS-452","","Frontier","FR-C05","L3","28","relay","rescue","unaligned_or_local","sparse_or_seasonal","PENDING",""
"SYS-453","","Frontier","FR-C06","L3","28","salvage","recovery","unaligned_or_local","sparse_or_seasonal","PENDING",""
"SYS-454","","Frontier","FR-C07","L3","28","outpost","patrol","unaligned_or_local","sparse_or_seasonal","PENDING",""
"SYS-455","","Frontier","FR-C08","L3","28","settlement","subsistence","unaligned_or_local","sparse_or_seasonal","PENDING",""
"SYS-456","","Frontier","FR-C09","L3","28","relay","rescue","unaligned_or_local","sparse_or_seasonal","PENDING",""
"SYS-457","","Frontier","FR-C10","L3","28","salvage","recovery","unaligned_or_local","sparse_or_seasonal","PENDING",""
"SYS-458","","Frontier","FR-C11","L3","28","outpost","patrol","unaligned_or_local","sparse_or_seasonal","PENDING",""
"SYS-459","","Frontier","FR-C12","L3","28","settlement","subsistence","unaligned_or_local","sparse_or_seasonal","PENDING",""
"SYS-460","","Frontier","FR-C13","L3","28","relay","rescue","unaligned_or_local","sparse_or_seasonal","PENDING",""
"SYS-461","","Frontier","FR-C14","L3","28","salvage","recovery","unaligned_or_local","sparse_or_seasonal","PENDING",""
"SYS-462","","Frontier","FR-C15","L3","28","outpost","patrol","unaligned_or_local","sparse_or_seasonal","PENDING",""
"SYS-463","","Frontier","FR-C16","L3","28","settlement","subsistence","unaligned_or_local","sparse_or_seasonal","PENDING",""
"SYS-464","","Frontier","FR-C17","L3","28","relay","rescue","unaligned_or_local","sparse_or_seasonal","PENDING",""
"SYS-465","","Frontier","FR-C18","L3","28","salvage","recovery","unaligned_or_local","sparse_or_seasonal","PENDING",""
"SYS-466","","Frontier","FR-C19","L3","28","outpost","patrol","unaligned_or_local","sparse_or_seasonal","PENDING",""
"SYS-467","","Frontier","FR-C20","L3","28","settlement","subsistence","unaligned_or_local","sparse_or_seasonal","PENDING",""
"SYS-468","","Frontier","FR-C21","L3","28","relay","rescue","unaligned_or_local","sparse_or_seasonal","PENDING",""
"SYS-469","","Frontier","FR-C01","L3","28","salvage","recovery","unaligned_or_local","sparse_or_seasonal","PENDING",""
"SYS-470","","Frontier","FR-C02","L3","28","outpost","patrol","unaligned_or_local","sparse_or_seasonal","PENDING",""
"SYS-471","","Frontier","FR-C03","L3","28","settlement","subsistence","unaligned_or_local","sparse_or_seasonal","PENDING",""
"SYS-472","","Frontier","FR-C04","L3","28","relay","rescue","unaligned_or_local","sparse_or_seasonal","PENDING",""
"SYS-473","","Frontier","FR-C05","L3","28","salvage","recovery","unaligned_or_local","sparse_or_seasonal","PENDING",""
"SYS-474","","Frontier","FR-C06","L3","28","outpost","patrol","unaligned_or_local","sparse_or_seasonal","PENDING",""
"SYS-475","","Frontier","FR-C07","L3","28","settlement","subsistence","unaligned_or_local","sparse_or_seasonal","PENDING",""
"SYS-476","","Frontier","FR-C08","L3","28","relay","rescue","unaligned_or_local","sparse_or_seasonal","PENDING",""
"SYS-477","","Frontier","FR-C09","L3","28","salvage","recovery","unaligned_or_local","sparse_or_seasonal","PENDING",""
"SYS-478","","Frontier","FR-C10","L3","28","outpost","patrol","unaligned_or_local","sparse_or_seasonal","PENDING",""
"SYS-479","","Frontier","FR-C11","L3","28","settlement","subsistence","unaligned_or_local","sparse_or_seasonal","PENDING",""
"SYS-480","","Frontier","FR-C12","L3","28","relay","rescue","unaligned_or_local","sparse_or_seasonal","PENDING",""
"SYS-481","","Frontier","FR-C13","L3","28","salvage","recovery","unaligned_or_local","sparse_or_seasonal","PENDING",""
"SYS-482","","Frontier","FR-C14","L3","28","outpost","patrol","unaligned_or_local","sparse_or_seasonal","PENDING",""
"SYS-483","","Frontier","FR-C15","L3","28","settlement","subsistence","unaligned_or_local","sparse_or_seasonal","PENDING",""
"SYS-484","","Frontier","FR-C16","L3","28","relay","rescue","unaligned_or_local","sparse_or_seasonal","PENDING",""
"SYS-485","","Frontier","FR-C17","L3","28","salvage","recovery","unaligned_or_local","sparse_or_seasonal","PENDING",""
"SYS-486","","Frontier","FR-C18","L3","28","outpost","patrol","unaligned_or_local","sparse_or_seasonal","PENDING",""
"SYS-487","","Frontier","FR-C19","L3","28","settlement","subsistence","unaligned_or_local","sparse_or_seasonal","PENDING",""
"SYS-488","","Frontier","FR-C20","L3","28","relay","rescue","unaligned_or_local","sparse_or_seasonal","PENDING",""
"SYS-489","","Frontier","FR-C21","L3","28","salvage","recovery","unaligned_or_local","sparse_or_seasonal","PENDING",""
"SYS-490","","Frontier","FR-C01","L3","28","outpost","patrol","unaligned_or_local","sparse_or_seasonal","PENDING",""
"SYS-491","","Frontier","FR-C02","L3","28","settlement","subsistence","unaligned_or_local","sparse_or_seasonal","PENDING",""
"SYS-492","","Frontier","FR-C03","L3","28","relay","rescue","unaligned_or_local","sparse_or_seasonal","PENDING",""
"SYS-493","","Frontier","FR-C04","L3","28","salvage","recovery","unaligned_or_local","sparse_or_seasonal","PENDING",""
"SYS-494","","Frontier","FR-C05","L3","28","outpost","patrol","unaligned_or_local","sparse_or_seasonal","PENDING",""
"SYS-495","","Frontier","FR-C06","L3","28","settlement","subsistence","unaligned_or_local","sparse_or_seasonal","PENDING",""
"SYS-496","","Frontier","FR-C07","L3","28","relay","rescue","unaligned_or_local","sparse_or_seasonal","PENDING",""
"SYS-497","","Frontier","FR-C08","L3","28","salvage","recovery","unaligned_or_local","sparse_or_seasonal","PENDING",""
"SYS-498","","Frontier","FR-C09","L3","28","outpost","patrol","unaligned_or_local","sparse_or_seasonal","PENDING",""
"SYS-499","","Frontier","FR-C10","L3","28","settlement","subsistence","unaligned_or_local","sparse_or_seasonal","PENDING",""
"SYS-500","","Frontier","FR-C11","L3","28","relay","rescue","unaligned_or_local","sparse_or_seasonal","PENDING",""
"SYS-501","","Frontier","FR-C12","L3","28","salvage","recovery","unaligned_or_local","sparse_or_seasonal","PENDING",""
"SYS-502","","Frontier","FR-C13","L3","28","outpost","patrol","unaligned_or_local","sparse_or_seasonal","PENDING",""
"SYS-503","","Frontier","FR-C14","L3","28","settlement","subsistence","unaligned_or_local","sparse_or_seasonal","PENDING",""
"SYS-504","","Frontier","FR-C15","L3","28","relay","rescue","unaligned_or_local","sparse_or_seasonal","PENDING",""
"SYS-505","","Frontier","FR-C16","L3","28","salvage","recovery","unaligned_or_local","sparse_or_seasonal","PENDING",""
"SYS-506","","Frontier","FR-C17","L3","28","outpost","patrol","unaligned_or_local","sparse_or_seasonal","PENDING",""
"SYS-507","","Frontier","FR-C18","L3","28","settlement","subsistence","unaligned_or_local","sparse_or_seasonal","PENDING",""
"SYS-508","","Frontier","FR-C19","L3","28","relay","rescue","unaligned_or_local","sparse_or_seasonal","PENDING",""
"SYS-509","","Frontier","FR-C20","L3","28","salvage","recovery","unaligned_or_local","sparse_or_seasonal","PENDING",""
"SYS-510","","Frontier","FR-C21","L3","28","outpost","patrol","unaligned_or_local","sparse_or_seasonal","PENDING",""
"SYS-511","","Frontier","FR-C01","L3","28","settlement","subsistence","unaligned_or_local","sparse_or_seasonal","PENDING",""
"SYS-512","","Frontier","FR-C02","L3","28","relay","rescue","unaligned_or_local","sparse_or_seasonal","PENDING",""
"SYS-513","","Frontier","FR-C03","L3","28","salvage","recovery","unaligned_or_local","sparse_or_seasonal","PENDING",""
"SYS-514","","Frontier","FR-C04","L3","28","outpost","patrol","unaligned_or_local","sparse_or_seasonal","PENDING",""
"SYS-515","","Frontier","FR-C05","L3","28","settlement","subsistence","unaligned_or_local","sparse_or_seasonal","PENDING",""
"SYS-516","","Frontier","FR-C06","L3","28","relay","rescue","unaligned_or_local","sparse_or_seasonal","PENDING",""
"SYS-517","","Frontier","FR-C07","L3","28","salvage","recovery","unaligned_or_local","sparse_or_seasonal","PENDING",""
"SYS-518","","Frontier","FR-C08","L3","28","outpost","patrol","unaligned_or_local","sparse_or_seasonal","PENDING",""
"SYS-519","","Frontier","FR-C09","L3","28","settlement","subsistence","unaligned_or_local","sparse_or_seasonal","PENDING",""
"SYS-520","","Frontier","FR-C10","L3","28","relay","rescue","unaligned_or_local","sparse_or_seasonal","PENDING",""
"SYS-521","","Frontier","FR-C11","L3","28","salvage","recovery","unaligned_or_local","sparse_or_seasonal","PENDING",""
"SYS-522","","Frontier","FR-C12","L3","28","outpost","patrol","unaligned_or_local","sparse_or_seasonal","PENDING",""
"SYS-523","","Frontier","FR-C13","L3","28","settlement","subsistence","unaligned_or_local","sparse_or_seasonal","PENDING",""
"SYS-524","","Frontier","FR-C14","L3","28","relay","rescue","unaligned_or_local","sparse_or_seasonal","PENDING",""
"SYS-525","","Frontier","FR-C15","L3","28","salvage","recovery","unaligned_or_local","sparse_or_seasonal","PENDING",""
"SYS-526","","Frontier","FR-C16","L3","28","outpost","patrol","unaligned_or_local","sparse_or_seasonal","PENDING",""
"SYS-527","","Frontier","FR-C17","L3","28","settlement","subsistence","unaligned_or_local","sparse_or_seasonal","PENDING",""
"SYS-528","","Frontier","FR-C18","L3","28","relay","rescue","unaligned_or_local","sparse_or_seasonal","PENDING",""
"SYS-529","","Frontier","FR-C19","L3","28","salvage","recovery","unaligned_or_local","sparse_or_seasonal","PENDING",""
"SYS-530","","Frontier","FR-C20","L3","28","outpost","patrol","unaligned_or_local","sparse_or_seasonal","PENDING",""
"SYS-531","","Frontier","FR-C21","L3","28","settlement","subsistence","unaligned_or_local","sparse_or_seasonal","PENDING",""
"SYS-532","","Frontier","FR-C01","L3","28","relay","rescue","unaligned_or_local","sparse_or_seasonal","PENDING",""
"SYS-533","","Frontier","FR-C02","L3","28","salvage","recovery","unaligned_or_local","sparse_or_seasonal","PENDING",""
"SYS-534","","Frontier","FR-C03","L3","28","outpost","patrol","unaligned_or_local","sparse_or_seasonal","PENDING",""
"SYS-535","","Frontier","FR-C04","L3","28","settlement","subsistence","unaligned_or_local","sparse_or_seasonal","PENDING",""
"SYS-536","","Frontier","FR-C05","L3","28","relay","rescue","unaligned_or_local","sparse_or_seasonal","PENDING",""
"SYS-537","","Frontier","FR-C06","L3","28","salvage","recovery","unaligned_or_local","sparse_or_seasonal","PENDING",""
"SYS-538","","Frontier","FR-C07","L3","28","outpost","patrol","unaligned_or_local","sparse_or_seasonal","PENDING",""
"SYS-539","","Frontier","FR-C08","L3","28","settlement","subsistence","unaligned_or_local","sparse_or_seasonal","PENDING",""
"SYS-540","","Frontier","FR-C09","L3","28","relay","rescue","unaligned_or_local","sparse_or_seasonal","PENDING",""
"SYS-541","","Frontier","FR-C10","L3","28","salvage","recovery","unaligned_or_local","sparse_or_seasonal","PENDING",""
"SYS-542","","Frontier","FR-C11","L3","28","outpost","patrol","unaligned_or_local","sparse_or_seasonal","PENDING",""
"SYS-543","","Frontier","FR-C12","L3","28","settlement","subsistence","unaligned_or_local","sparse_or_seasonal","PENDING",""
"SYS-544","","Frontier","FR-C13","L3","28","relay","rescue","unaligned_or_local","sparse_or_seasonal","PENDING",""
"SYS-545","","Frontier","FR-C14","L3","28","salvage","recovery","unaligned_or_local","sparse_or_seasonal","PENDING",""
"SYS-546","","Frontier","FR-C15","L3","28","outpost","patrol","unaligned_or_local","sparse_or_seasonal","PENDING",""
"SYS-547","","Frontier","FR-C16","L3","28","settlement","subsistence","unaligned_or_local","sparse_or_seasonal","PENDING",""
"SYS-548","","Frontier","FR-C17","L3","28","relay","rescue","unaligned_or_local","sparse_or_seasonal","PENDING",""
"SYS-549","","Frontier","FR-C18","L3","28","salvage","recovery","unaligned_or_local","sparse_or_seasonal","PENDING",""
"SYS-550","","Frontier","FR-C19","L3","28","outpost","patrol","unaligned_or_local","sparse_or_seasonal","PENDING",""
"SYS-551","","Frontier","FR-C20","L3","28","settlement","subsistence","unaligned_or_local","sparse_or_seasonal","PENDING",""
"SYS-552","","Frontier","FR-C21","L3","28","relay","rescue","unaligned_or_local","sparse_or_seasonal","PENDING",""
"SYS-553","","Frontier","FR-C01","L3","28","salvage","recovery","unaligned_or_local","sparse_or_seasonal","PENDING",""
"SYS-554","","Frontier","FR-C02","L3","28","outpost","patrol","unaligned_or_local","sparse_or_seasonal","PENDING",""
"SYS-555","","Frontier","FR-C03","L3","28","settlement","subsistence","unaligned_or_local","sparse_or_seasonal","PENDING",""
"SYS-556","","Frontier","FR-C04","L3","28","relay","rescue","unaligned_or_local","sparse_or_seasonal","PENDING",""
"SYS-557","","Frontier","FR-C05","L3","28","salvage","recovery","unaligned_or_local","sparse_or_seasonal","PENDING",""
"SYS-558","","Frontier","FR-C06","L3","28","outpost","patrol","unaligned_or_local","sparse_or_seasonal","PENDING",""
"SYS-559","","Frontier","FR-C07","L3","28","settlement","subsistence","unaligned_or_local","sparse_or_seasonal","PENDING",""
"SYS-560","","Frontier","FR-C08","L3","28","relay","rescue","unaligned_or_local","sparse_or_seasonal","PENDING",""
"SYS-561","","Frontier","FR-C09","L3","28","salvage","recovery","unaligned_or_local","sparse_or_seasonal","PENDING",""
"SYS-562","","Frontier","FR-C10","L3","28","outpost","patrol","unaligned_or_local","sparse_or_seasonal","PENDING",""
"SYS-563","","Frontier","FR-C11","L3","28","settlement","subsistence","unaligned_or_local","sparse_or_seasonal","PENDING",""
"SYS-564","","Frontier","FR-C12","L3","28","relay","rescue","unaligned_or_local","sparse_or_seasonal","PENDING",""
"SYS-565","","Frontier","FR-C13","L3","28","salvage","recovery","unaligned_or_local","sparse_or_seasonal","PENDING",""
"SYS-566","","Frontier","FR-C14","L3","28","outpost","patrol","unaligned_or_local","sparse_or_seasonal","PENDING",""
"SYS-567","","Frontier","FR-C15","L3","28","settlement","subsistence","unaligned_or_local","sparse_or_seasonal","PENDING",""
"SYS-568","","Frontier","FR-C16","L3","28","relay","rescue","unaligned_or_local","sparse_or_seasonal","PENDING",""
"SYS-569","","Frontier","FR-C17","L3","28","salvage","recovery","unaligned_or_local","sparse_or_seasonal","PENDING",""
"SYS-570","","Frontier","FR-C18","L3","28","outpost","patrol","unaligned_or_local","sparse_or_seasonal","PENDING",""
"SYS-571","","Frontier","FR-C19","L3","28","settlement","subsistence","unaligned_or_local","sparse_or_seasonal","PENDING",""
"SYS-572","","Frontier","FR-C20","L3","28","relay","rescue","unaligned_or_local","sparse_or_seasonal","PENDING",""
"SYS-573","","Frontier","FR-C21","L3","28","salvage","recovery","unaligned_or_local","sparse_or_seasonal","PENDING",""
"SYS-574","","Frontier","FR-C01","L3","28","outpost","patrol","unaligned_or_local","sparse_or_seasonal","PENDING",""
"SYS-575","","Frontier","FR-C02","L3","28","settlement","subsistence","unaligned_or_local","sparse_or_seasonal","PENDING",""
"SYS-576","","Frontier","FR-C03","L3","28","relay","rescue","unaligned_or_local","sparse_or_seasonal","PENDING",""
"SYS-577","","Frontier","FR-C04","L3","28","salvage","recovery","unaligned_or_local","sparse_or_seasonal","PENDING",""
"SYS-578","","Frontier","FR-C05","L3","28","outpost","patrol","unaligned_or_local","sparse_or_seasonal","PENDING",""
"SYS-579","","Frontier","FR-C06","L3","28","settlement","subsistence","unaligned_or_local","sparse_or_seasonal","PENDING",""
"SYS-580","","Frontier","FR-C07","L3","28","relay","rescue","unaligned_or_local","sparse_or_seasonal","PENDING",""
"SYS-581","","Frontier","FR-C08","L3","28","salvage","recovery","unaligned_or_local","sparse_or_seasonal","PENDING",""
"SYS-582","","Frontier","FR-C09","L3","28","outpost","patrol","unaligned_or_local","sparse_or_seasonal","PENDING",""
"SYS-583","","Frontier","FR-C10","L3","28","settlement","subsistence","unaligned_or_local","sparse_or_seasonal","PENDING",""
"SYS-584","","Frontier","FR-C11","L3","28","relay","rescue","unaligned_or_local","sparse_or_seasonal","PENDING",""
"SYS-585","","Frontier","FR-C12","L3","28","salvage","recovery","unaligned_or_local","sparse_or_seasonal","PENDING",""
"SYS-586","","Frontier","FR-C13","L3","28","outpost","patrol","unaligned_or_local","sparse_or_seasonal","PENDING",""
"SYS-587","","Frontier","FR-C14","L3","28","settlement","subsistence","unaligned_or_local","sparse_or_seasonal","PENDING",""
"SYS-588","","Frontier","FR-C15","L3","28","relay","rescue","unaligned_or_local","sparse_or_seasonal","PENDING",""
"SYS-589","","Frontier","FR-C16","L3","28","salvage","recovery","unaligned_or_local","sparse_or_seasonal","PENDING",""
"SYS-590","","Frontier","FR-C17","L3","28","outpost","patrol","unaligned_or_local","sparse_or_seasonal","PENDING",""
"SYS-591","","Frontier","FR-C18","L3","28","settlement","subsistence","unaligned_or_local","sparse_or_seasonal","PENDING",""
"SYS-592","","Frontier","FR-C19","L3","28","relay","rescue","unaligned_or_local","sparse_or_seasonal","PENDING",""
"SYS-593","","Frontier","FR-C20","L3","28","salvage","recovery","unaligned_or_local","sparse_or_seasonal","PENDING",""
"SYS-594","","Frontier","FR-C21","L3","28","outpost","patrol","unaligned_or_local","sparse_or_seasonal","PENDING",""
"SYS-595","","Frontier","FR-C01","L3","28","settlement","subsistence","unaligned_or_local","sparse_or_seasonal","PENDING",""
"SYS-596","","Frontier","FR-C02","L3","28","relay","rescue","unaligned_or_local","sparse_or_seasonal","PENDING",""
"SYS-597","","Frontier","FR-C03","L3","28","salvage","recovery","unaligned_or_local","sparse_or_seasonal","PENDING",""
"SYS-598","","Frontier","FR-C04","L3","28","outpost","patrol","unaligned_or_local","sparse_or_seasonal","PENDING",""
"SYS-599","","Frontier","FR-C05","L3","28","settlement","subsistence","unaligned_or_local","sparse_or_seasonal","PENDING",""
"SYS-600","","Frontier","FR-C06","L3","28","relay","rescue","unaligned_or_local","sparse_or_seasonal","PENDING",""
"SYS-601","","Frontier","FR-C07","L3","28","salvage","recovery","unaligned_or_local","sparse_or_seasonal","PENDING",""
"SYS-602","","Frontier","FR-C08","L3","28","outpost","patrol","unaligned_or_local","sparse_or_seasonal","PENDING",""
"SYS-603","","Frontier","FR-C09","L3","28","settlement","subsistence","unaligned_or_local","sparse_or_seasonal","PENDING",""
"SYS-604","","Frontier","FR-C10","L3","28","relay","rescue","unaligned_or_local","sparse_or_seasonal","PENDING",""
"SYS-605","","Frontier","FR-C11","L3","28","salvage","recovery","unaligned_or_local","sparse_or_seasonal","PENDING",""
"SYS-606","","Frontier","FR-C12","L3","28","outpost","patrol","unaligned_or_local","sparse_or_seasonal","PENDING",""
"SYS-607","","Frontier","FR-C13","L3","28","settlement","subsistence","unaligned_or_local","sparse_or_seasonal","PENDING",""
"SYS-608","","Frontier","FR-C14","L3","28","relay","rescue","unaligned_or_local","sparse_or_seasonal","PENDING",""
"SYS-609","","Frontier","FR-C15","L3","28","salvage","recovery","unaligned_or_local","sparse_or_seasonal","PENDING",""
"SYS-610","","Frontier","FR-C16","L3","28","outpost","patrol","unaligned_or_local","sparse_or_seasonal","PENDING",""
"SYS-611","","Frontier","FR-C17","L3","28","settlement","subsistence","unaligned_or_local","sparse_or_seasonal","PENDING",""
"SYS-612","","Frontier","FR-C18","L3","28","relay","rescue","unaligned_or_local","sparse_or_seasonal","PENDING",""
