"slot_id","lineage_id","record_type","formal_code","working_name_en","working_name_ko","story_anchor","canon_basis_type","canon_basis_ref","first_reveal_window","reader_tier","role","silhouette_key","chassis_evidence","major_system_changes","scale_band","cradle_and_carrier","cooling_and_recovery","maintenance_band","primary_tool_or_weapon","tech_basis","discovery_clue","acquisition_gate","synergy_partner","completion_legacy","counter_collection_risk","loss_cost","evolution_relation","canon_status","name_clearance","canon_promotion"
"M-001","L01","VERIFIED_ENTITY","AUX-07","07","07호","OPENING_PROTAGONIST_FRAME","DIRECT_CANON_ENTITY","docs/03_systems/academy-and-07-opening-operational-state-v1.md:52","E1-E20","FRONT","mixed training service capture rescue","narrow inspection core|large service hands|asymmetric radiator gap","EXISTING_CANON_FRAME","EXISTING_CANON_SYSTEMS","CANON_DIMENSION_CONFLICT_HOLD","FIRST_SHIP_PRIMARY_CRADLE_07_ONLY","existing ship cooling|towed or cradle recovery","CANON_BASELINE_EXACT_ROLE_HOLD","one principal opening weapon|service tools","EXISTING_CANON_TOOLSET","red disposal band|mismatched service parts","academy assignment|pilot qualification|shared authority","crew and service tools|later open-standard adapters","public training and distributed service lineage","enemy studies open interfaces|authority capture","heat|parts|rights conflict|eventual combat retirement","BASE_ENTITY","CANON_ENTITY","LOCKED_NAME_DIMENSION_HOLD","NONE"
"M-002","L01","CHASSIS_SLOT","AD-OS-3.2","SOLVERN","솔베른","GA3_FIRST_MASS_DERIVATIVE_SLOT","EXPLICIT_FRAMEWORK_SLOT","docs/10_story_architecture/1000-episode-grand-act-map-v1.md:288","GA3","FRONT","open-standard mass derivative","open bridge chest|service void|balanced field legs","PROPOSED_NEW_LOAD_FRAME","LOAD_FRAME|CONTROL|HEAT","STANDARD_9_14M_PROPOSED","STANDARD_CRADLE_PROPOSED|NOT_FIRST_SHIP_CARRIED","field-coupled cooling|towed recovery","CANON_4_12_EXACT_ROLE_HOLD","modular restraint carbine|service blade","EXISTING_PHYSICAL_TOOLSET_PROPOSED","familiar 07 interface in a symmetric production body","production trust|workshop certification|public documentation","Ardis work frames|neutral rescue frames","regional forks remain repairable without one owner","enemy copies public adapters|quality records manipulated","enemy adaptation|quality variance|public liability","INHERIT_AUX_PRINCIPLE_NOT_BODY","PROPOSED_EXPLICIT_SLOT","PENDING_MULTI_MARKET_CLEARANCE","NONE"
"M-003","L01","CHASSIS_SLOT","AD-RS-4.1","TAVEN","타벤","GA10_REGIONAL_07_DERIVATIVE_SLOT","EXPLICIT_LINEAGE_GENERIC_MODEL","docs/10_story_architecture/detail/ga10-e1051-1060-episode-cards-v1.md:127","GA10","SUPPORT","regional rescue and education","protected sensor box|oversize rescue hands|low cradle back","PROPOSED_NEW_LOAD_FRAME","LOAD_FRAME|CONTROL|COCKPIT_INTERFACE","STANDARD_9_14M_PROPOSED","REGIONAL_SERVICE_CRADLE_PROPOSED|NOT_FIRST_SHIP_CARRIED","low-temperature service loop|tow-bar recovery","CANON_4_12_EXACT_ROLE_HOLD","tow cable|cutting and sealing tools","EXISTING_PHYSICAL_TOOLSET_PROPOSED","school markings reveal reused open-standard ports","regional license|school and rescue authority|local cradle","medical frame|route-repair frame|civilian crews","training records and rescue access outlive combat use","hostile fork spoofs public training interfaces","reduced combat certification|regional maintenance debt","INHERIT_SOLVERN_OPEN_STANDARD","PROPOSED_GENERIC_FRAMEWORK","PENDING_MULTI_MARKET_CLEARANCE","NONE"
"M-004","L01","CHASSIS_SLOT","AD-RM-5.0","MORIK","모릭","GA10_REGIONAL_07_DERIVATIVE_SLOT","EXPLICIT_LINEAGE_GENERIC_MODEL","docs/10_story_architecture/detail/ga10-e1051-1060-episode-cards-v1.md:127","GA10","SUPPORT","remote maintenance and route repair","long service forearms|open calf bays|offset tool rack","PROPOSED_NEW_LOAD_FRAME","LOAD_FRAME|HEAT|ARMOR_SUPPORT","WORK_FRAME_PROPOSED","REGIONAL_WORK_BAY_PROPOSED|NOT_FIRST_SHIP_CARRIED","external coolant hookups|tow-bar recovery","CANON_4_12_EXACT_ROLE_HOLD","anchor driver|remote repair manipulators","EXISTING_PHYSICAL_TOOLSET_PROPOSED","open calf bays expose a local fork of 07 service grammar","route compact|local spares|operator training","TAVEN rescue crews|Ardis relay frames","repair manuals become a regional public utility","enemy targets toolchain and route depots rather than frame","low combat survivability|tool-chain loss","INHERIT_SOLVERN_OPEN_STANDARD","PROPOSED_GENERIC_FRAMEWORK","PENDING_MULTI_MARKET_CLEARANCE","NONE"
"M-005","L02","CHASSIS_SLOT","IR-B24-01","VARDEN","바르덴","IMPERIAL_STANDARD_FORCE_FRAMEWORK","GENERIC_FORCE_FRAMEWORK","docs/07_military/grand-act-force-holdings-and-readiness-matrix-v1.md:30","GA1_E21_E100","FRONT","imperial fleet mass unit","nested chest arches|aligned knees|low roof sensor","PROPOSED_NEW_LOAD_FRAME","LOAD_FRAME|CONTROL|WEAPON_SUPPORT","STANDARD_9_14M_PROPOSED","IMPERIAL_STANDARD_CRADLE_PROPOSED|NOT_FIRST_SHIP_CARRIED","carrier quick-coupler|fleet recovery clamp","CANON_4_12_EXACT_ROLE_HOLD","formation carbine|capture shield","EXISTING_CONVENTIONAL_WEAPON_SET_PROPOSED","repeated arch silhouette appears before unit code","imperial certification|carrier cradle|supply hierarchy","NEVRIS recon|CALDRIX command","service records expose the cost of centralized standardization","command keys and supply manifests can be captured","command-link loss|nonstandard spares rejected","BASE_LINEAGE","PROPOSED_GENERIC_FRAMEWORK","PENDING_MULTI_MARKET_CLEARANCE","NONE"
"M-006","L02","CHASSIS_SLOT","IR-C27-01","CALDRIX","칼드릭스","IMPERIAL_COMMAND_DOCTRINE_FRAMEWORK","GENERIC_FORCE_FRAMEWORK","docs/07_military/military-doctrine-and-force-structure-bible-v1.md:85","GA2","FRONT","formation command and docking control","taller second arch|recessed command mast|broad stable pelvis","PROPOSED_NEW_LOAD_FRAME","LOAD_FRAME|CONTROL|HEAT","STANDARD_9_14M_PROPOSED","IMPERIAL_COMMAND_CRADLE_PROPOSED|NOT_FIRST_SHIP_CARRIED","dedicated signal cooling|fleet recovery clamp","CANON_4_12_EXACT_ROLE_HOLD","precision carbine|existing docking-control link","EXISTING_COMMUNICATION_AND_WEAPON_SET_PROPOSED","second chest arch and signal mast identify command burden","command authority|network key|dedicated signal crew","VARDEN formation|NEVRIS recon","captured command logs reveal fleet decision chains","enemy decoys corrupt shared picture|authority key theft","authority fracture|signal exposure|high crew burden","INHERIT_VARDEN_LINEAGE","PROPOSED_GENERIC_FRAMEWORK","PENDING_MULTI_MARKET_CLEARANCE","NONE"
"M-007","L02","CHASSIS_SLOT","IR-H31-01","TALVOR","탈보르","GA4_SUCCESSION_FORCE_FRAMEWORK","GENERIC_FORCE_FRAMEWORK","docs/07_military/grand-act-force-holdings-and-readiness-matrix-v1.md:218","GA4","FRONT","heavy breach inside a formation-opened capture window","deep double arch torso|short thick limbs|load shoulders","PROPOSED_NEW_LOAD_FRAME","LOAD_FRAME|HEAT|ARMOR_SUPPORT","HEAVY_14_20M_PROPOSED","HEAVY_CRADLE_PROPOSED|NOT_FIRST_SHIP_CARRIED","high-flow tender cooling|heavy tow recovery","ABOVE_CANON_BASELINE_HOLD","breach ram|short heavy gun","EXISTING_PHYSICAL_BREACH_SET_PROPOSED","double arch appears inside a succession force dock","heavy cradle|cooling tender|breach warrant","CALDRIX command|VARDEN screen","breach doctrine survives only with accountable warrants and tenders","enemy destroys tender or forges breach authority","short thermal window|poor precision handling","INHERIT_VARDEN_LINEAGE","PROPOSED_GENERIC_FRAMEWORK","PENDING_MULTI_MARKET_CLEARANCE","NONE"
"M-008","L02","CHASSIS_SLOT","IR-E18-01","NEVRIS","네브리스","GA3_IMPERIAL_DIRECT_CONTROL_SLOT","EXPLICIT_OPERATIONAL_FORCE_SLOT","docs/10_story_architecture/detail/ga3-e271-277-episode-cards-v1.md:289","GA3","SUPPORT","reconnaissance and electronic denial","thin nested collar|long sensor cuffs|narrow calves","PROPOSED_NEW_LOAD_FRAME","LOAD_FRAME|CONTROL|COCKPIT_INTERFACE","STANDARD_9_14M_PROPOSED","IMPERIAL_SENSOR_CRADLE_PROPOSED|NOT_FIRST_SHIP_CARRIED","sensor-loop cooling|light fleet recovery clamp","CANON_4_12_EXACT_ROLE_HOLD","sensor array|decoy dispensers|light carbine","EXISTING_SENSOR_EW_SET_PROPOSED","thin arch silhouette and unusual calibration traffic","classified software|calibration team|secure telemetry","CALDRIX command|VARDEN formation","data logs teach counters but reveal imperial surveillance scope","enemy injects false tracks|captures calibration library","weak close capture|data compromise","INHERIT_VARDEN_LINEAGE","PROPOSED_EXPLICIT_SLOT","PENDING_MULTI_MARKET_CLEARANCE","NONE"
"M-009","L02","CHASSIS_SLOT","IR-G22-01","ORDRIC","오드릭","GA4_PALACE_CONTINUITY_SECURITY_SLOT","GENERIC_FORCE_FRAMEWORK","docs/07_military/grand-act-force-holdings-and-readiness-matrix-v1.md:218","GA4","FRONT","royal and continuity guard interception","closed face roof|triple cuff arches|compact guard pack","PROPOSED_NEW_LOAD_FRAME","LOAD_FRAME|CONTROL|ARMOR_SUPPORT","STANDARD_9_14M_PROPOSED","PALACE_GUARD_CRADLE_PROPOSED|NOT_FIRST_SHIP_CARRIED","sealed-loop cooling|secure-yard recovery","CANON_4_12_EXACT_ROLE_HOLD","intercept blade|capture shield|mechanical restraint cable","EXISTING_PHYSICAL_CAPTURE_SET_PROPOSED","triple cuff arches identify a unit before its allegiance is clear","palace authority|elite maintenance|secure cradle","continuity seizure teams|VARDEN mass screen","custody history exposes institutional splits instead of heroic ownership","competing claimants seize codes and maintenance staff","institutional split|specialized parts|political liability","INHERIT_VARDEN_LINEAGE","PROPOSED_GENERIC_FRAMEWORK","PENDING_MULTI_MARKET_CLEARANCE","NONE"
"M-010","L03","CHASSIS_SLOT","HX/SC-12.C4","HEXAR","헥사르","HELIX_SECURITY_FORCE_FRAMEWORK","GENERIC_FORCE_FRAMEWORK","docs/07_military/grand-act-force-holdings-and-readiness-matrix-v1.md:38","GA1_E21_E100","FRONT","certified facility security","hex sensor cassette|three service cells|60-degree windows","PROPOSED_NEW_LOAD_FRAME","LOAD_FRAME|CONTROL|ARMOR_SUPPORT","STANDARD_9_14M_PROPOSED","HELIX_CERTIFIED_CRADLE_PROPOSED|NOT_FIRST_SHIP_CARRIED","licensed coolant cassette|facility recovery cart","CANON_4_12_EXACT_ROLE_HOLD","security carbine|seal clamps","EXISTING_CONVENTIONAL_SECURITY_SET_PROPOSED","hex inspection windows reveal service grade before faction name","active service contract|certified pilot|facility map","NACEL service|KELTIS quarantine","service history exposes lock-in and hidden contract tiers","certificate revocation|counterfeit service parts","vendor lock-in|noncertified part rejection","BASE_LINEAGE","PROPOSED_GENERIC_FRAMEWORK","PENDING_MULTI_MARKET_CLEARANCE","NONE"
"M-011","L03","CHASSIS_SLOT","HX/RC-18.C5","NACEL","나셀","HELIX_SERVICE_ECOLOGY_FRAMEWORK","GENERIC_FORCE_FRAMEWORK","docs/07_military/military-doctrine-and-force-structure-bible-v1.md:486","GA2","SUPPORT","recovery cooling and service relay","wide cell shoulders|open tool gap|low trapezoid pack","PROPOSED_NEW_LOAD_FRAME","LOAD_FRAME|HEAT|WEAPON_SUPPORT","WORK_FRAME_PROPOSED","HELIX_SERVICE_BAY_PROPOSED|NOT_FIRST_SHIP_CARRIED","coolant bridge|facility winch recovery","CANON_4_12_EXACT_ROLE_HOLD","coolant hose bridge|recovery winch|relay mast","EXISTING_SERVICE_TOOLSET_PROPOSED","open tool gap shows this frame can service units others cannot","licensed toolchain|service technicians|coolant stock","HEXAR security|TESSAR interdiction","maintenance records become bargaining power across contracts","enemy captures technicians or poisons coolant inventory","support crew exposure|consumable depletion","INHERIT_HEXAR_LINEAGE","PROPOSED_GENERIC_FRAMEWORK","PENDING_MULTI_MARKET_CLEARANCE","NONE"
"M-012","L03","CHASSIS_SLOT","HX/EW-09.C5","KELTIS","켈티스","GA3_TECHNICAL_SEIZURE_SCENES","EXPLICIT_OPERATIONAL_FORCE_SLOT","docs/10_story_architecture/detail/ga3-e278-285-episode-cards-v1.md:150","GA3","SUPPORT","sensor quarantine and evidence capture","narrow hex head|shuttered chest cells|long inspection calves","PROPOSED_NEW_LOAD_FRAME","LOAD_FRAME|CONTROL|COCKPIT_INTERFACE","STANDARD_9_14M_PROPOSED","HELIX_SENSOR_CRADLE_PROPOSED|NOT_FIRST_SHIP_CARRIED","sensor-loop cooling|facility recovery cart","CANON_4_12_EXACT_ROLE_HOLD","quarantine sensors|evidence pod|light carbine","EXISTING_SENSOR_AND_CUSTODY_SET_PROPOSED","shuttered cells and evidence traffic signal a seizure team","chain-of-custody authority|data warrant|sensor calibration","HEXAR security|NACEL service","verified evidence can constrain both Helix and its opponents","forged custody chain|sensor spoofing","evidence corruption|low armor|contract dispute","INHERIT_HEXAR_LINEAGE","PROPOSED_EXPLICIT_SLOT","PENDING_MULTI_MARKET_CLEARANCE","NONE"
"M-013","L03","CHASSIS_SLOT","HX/BR-21.C6","TESSAR","테사르","GA5_COALITION_LINEAGE_ENSEMBLE","GENERIC_FORCE_FRAMEWORK","docs/07_military/military-doctrine-and-force-structure-bible-v1.md:486","GA5","FRONT","high-license precision interdiction","compressed hex cells|forward tool shoulders|split lower legs","PROPOSED_NEW_LOAD_FRAME","LOAD_FRAME|CONTROL|HEAT","STANDARD_9_14M_PROPOSED","HELIX_ELITE_CRADLE_PROPOSED|NOT_FIRST_SHIP_CARRIED","high-grade coolant cassette|tender recovery","ABOVE_CANON_BASELINE_HOLD","precision capture blade|short carbine","EXISTING_PHYSICAL_CAPTURE_SET_PROPOSED","compressed cells reveal an expensive certification tier","top certification|dedicated tender|restricted parts","KELTIS target picture|NACEL cooling","captured license ledger reveals who was excluded from elite service","license theft|tender destruction|counterfeit calibration","extreme service cost|license revocation","INHERIT_HEXAR_LINEAGE","PROPOSED_GENERIC_FRAMEWORK","PENDING_MULTI_MARKET_CLEARANCE","NONE"
"M-014","L04","CHASSIS_SLOT","AD-WK-11.3","TORREL","토렐","GA3_ARDIS_WORK_FRAME_SCENES","EXPLICIT_INDIVIDUAL_FUNCTION","docs/10_story_architecture/detail/ga3-e236-240-episode-cards-v1.md:30","GA3","SUPPORT","exterior alignment and industrial work","low wedge head|horizontal shoulder beam|central maintenance bay","PROPOSED_NEW_LOAD_FRAME","LOAD_FRAME|CONTROL|COCKPIT_INTERFACE","WORK_FRAME_PROPOSED","ARDIS_WORK_RIG_PROPOSED|NOT_FIRST_SHIP_CARRIED","site umbilical cooling|work-rig recovery","CANON_4_12_EXACT_ROLE_HOLD","alignment arms|umbilical clamps","EXISTING_INDUSTRIAL_TOOLSET_PROPOSED","damaged umbilical and workshop marks identify a working history","workshop assignment|civil certification|site rig","CENVAR relay|SOLVERN open-standard parts","repair history preserves worker skill rather than a hero trophy","enemy seizes workshop and training records","umbilical damage|operator injury|work stoppage","BASE_LINEAGE","PROPOSED_EXPLICIT_SLOT","PENDING_MULTI_MARKET_CLEARANCE","NONE"
"M-015","L04","CHASSIS_SLOT","AD-DF-14.2","BRAVIK","브라빅","GA3_ARDIS_DEFENSE_FRAMEWORK","GENERIC_FORCE_FRAMEWORK","docs/09_collection/ga3-collection-registry-v1.md:533","GA3","FRONT","local defense and police restraint","bridge chest|wide hip anchors|exchange armor blanks","PROPOSED_NEW_LOAD_FRAME","LOAD_FRAME|CONTROL|ARMOR_SUPPORT","STANDARD_9_14M_PROPOSED","ARDIS_LOCAL_CRADLE_PROPOSED|NOT_FIRST_SHIP_CARRIED","workshop coolant loop|local tow recovery","CANON_4_12_EXACT_ROLE_HOLD","restraint carbine|barrier plate","EXISTING_CONVENTIONAL_SECURITY_SET_PROPOSED","lot-specific armor blanks expose which workshop built it","local council authority|militia training|lot-specific spares","TORREL work crews|DURAX anchor units","local standards remain contestable and repairable","rival workshops hide defects|militia captures lots","training variance|labor militarization|liability","INHERIT_TORREL_LINEAGE","PROPOSED_GENERIC_FRAMEWORK","PENDING_MULTI_MARKET_CLEARANCE","NONE"
"M-016","L04","CHASSIS_SLOT","AD-AN-16.1","DURAX","듀락스","GA3_COLONY_SIEGE_FUNCTIONS","GENERIC_FORCE_FRAMEWORK","docs/07_military/military-doctrine-and-force-structure-bible-v1.md:607","GA3","SUPPORT","anchor cable and controlled breach","open chest bridge|oversize anchor ankles|short load arms","PROPOSED_NEW_LOAD_FRAME","LOAD_FRAME|HEAT|WEAPON_SUPPORT","STANDARD_9_14M_PROPOSED","ARDIS_ENGINEERING_CRADLE_PROPOSED|NOT_FIRST_SHIP_CARRIED","site-coupled cooling|engineering tow recovery","CANON_4_12_EXACT_ROLE_HOLD","anchor launcher|cable cutter|breach tool","EXISTING_PHYSICAL_ENGINEERING_SET_PROPOSED","anchor footprints reveal a siege tool before the chassis appears","site engineering team|anchor stock|structural map","BRAVIK defense|TORREL work frame","engineering logs prove whether a breach was necessary and repairable","enemy falsifies structural map|captures anchor stock","joint fatigue|collateral damage liability","INHERIT_TORREL_LINEAGE","PROPOSED_GENERIC_FRAMEWORK","PENDING_MULTI_MARKET_CLEARANCE","NONE"
"M-017","L04","CHASSIS_SLOT","AD-RL-09.4","CENVAR","센바르","GA5_FLEET_CONSTRUCTION_FUNCTIONS","GENERIC_FORCE_FRAMEWORK","docs/07_military/military-doctrine-and-force-structure-bible-v1.md:607","GA5","SUPPORT","relay construction and damage control","open calf slots|service spine|folding scaffold arms","PROPOSED_NEW_LOAD_FRAME","LOAD_FRAME|HEAT|CONTROL","WORK_FRAME_PROPOSED","FLEET_WORK_BAY_PROPOSED|NOT_FIRST_SHIP_CARRIED","relay coolant spool|work-tug recovery","CANON_4_12_EXACT_ROLE_HOLD","relay spool|sealant rig|light defense tool","EXISTING_SERVICE_TOOLSET_PROPOSED","folding scaffold arms mark fleet-building work","fleet works charter|repair crew|relay inventory","TORREL work teams|NACEL service frames","public relay maps and repair logs outlive one fleet","enemy poisons relay inventory|targets repair crew","slow combat mobility|crew and tool loss","INHERIT_TORREL_LINEAGE","PROPOSED_GENERIC_FRAMEWORK","PENDING_MULTI_MARKET_CLEARANCE","NONE"
"M-018","L05","CHASSIS_SLOT","NA-RS-8-06","ARVET","아르벳","GA2_NEUTRAL_RESCUE_NETWORK","GENERIC_FORCE_FRAMEWORK","docs/07_military/military-doctrine-and-force-structure-bible-v1.md:566","GA2","FRONT","civilian search shielding and tow","head inside collar|C-shoulder voids|central rescue channel","PROPOSED_NEW_LOAD_FRAME","LOAD_FRAME|CONTROL|ARMOR_SUPPORT","STANDARD_9_14M_PROPOSED","NEUTRAL_RESCUE_CRADLE_PROPOSED|EXTERNAL_NETWORK_NOT_FIRST_SHIP_CARRIED","civil rescue cooling|tow-frame recovery","CANON_4_12_EXACT_ROLE_HOLD","tow winch|debris cutter|physical debris shield","EXISTING_PHYSICAL_RESCUE_SET_PROPOSED","C-shaped rescue void appears in distress footage","member consent|rescue charter|medical stores","MENDRA medical frame|ROUNEL escort","rescued-person and refusal records define completion","enemy fakes distress calls|captures medical stores","capacity exhaustion|civilian trust loss","BASE_LINEAGE","PROPOSED_GENERIC_FRAMEWORK","PENDING_MULTI_MARKET_CLEARANCE","NONE"
"M-019","L05","CHASSIS_SLOT","NA-MD-5-03","MENDRA","멘드라","GA6_EVACUATION_DOCTRINE","GENERIC_FORCE_FRAMEWORK","docs/07_military/military-doctrine-and-force-structure-bible-v1.md:566","GA6","SUPPORT","medical transfer and life-support bridge","sealed rescue torso|low center|dual patient cradle","PROPOSED_NEW_LOAD_FRAME","LOAD_FRAME|COCKPIT_INTERFACE|ARMOR_SUPPORT","WORK_FRAME_PROPOSED","MEDICAL_TRANSFER_CRADLE_PROPOSED|NOT_FIRST_SHIP_CARRIED","medical service loop|protected tow recovery","CANON_4_12_EXACT_ROLE_HOLD","life-support bridge|sterile manipulators","EXISTING_MEDICAL_SERVICE_SET_PROPOSED","dual patient cradle is visible before unit identity","medical authority|consumables|protected transfer corridor","ARVET tow|CENVAR damage control","patient outcomes and consent close the rescue record","enemy blocks transfer corridor|contaminates consumables","medical depletion|patient-risk accountability","INHERIT_ARVET_LINEAGE","PROPOSED_GENERIC_FRAMEWORK","PENDING_MULTI_MARKET_CLEARANCE","NONE"
"M-020","L05","CHASSIS_SLOT","NA-ES-11-02","ROUNEL","로우넬","GA5_NEUTRAL_CONVOY_FUNCTION","GENERIC_FORCE_FRAMEWORK","docs/07_military/military-doctrine-and-force-structure-bible-v1.md:566","GA5","SUPPORT","escort inspection and corridor safety","protective octagon chest|broad forearms|folded rescue arms","PROPOSED_NEW_LOAD_FRAME","LOAD_FRAME|CONTROL|WEAPON_SUPPORT","STANDARD_9_14M_PROPOSED","NEUTRAL_ESCORT_CRADLE_PROPOSED|NOT_FIRST_SHIP_CARRIED","convoy coolant standard|escort tow recovery","CANON_4_12_EXACT_ROLE_HOLD","inspection array|restraint shield|light carbine","EXISTING_INSPECTION_AND_SECURITY_SET_PROPOSED","folded rescue arms distinguish escort from assault unit","neutral compact|inspection warrant|escort crew","ARVET rescue|NEVRIS or KELTIS sensor contrast","inspection precedents remain usable after the convoy","belligerents forge warrants|members withdraw support","limited heavy firepower|member withdrawal","INHERIT_ARVET_LINEAGE","PROPOSED_GENERIC_FRAMEWORK","PENDING_MULTI_MARKET_CLEARANCE","NONE"
"M-021","L06","CHASSIS_SLOT","BRN-17/B3","DELVRIK","델브릭","ERN_RESPONSE_FRAME_FUNCTION","EXPLICIT_INDIVIDUAL_FUNCTION","docs/05_characters/enemy-ace-e001-bible-v1.md:113","GA1_E21_E100","FRONT","Ern response anchor and record recovery","donor-frame scars|narrow thermal coat|asymmetric anchor side","PROPOSED_NEW_LOAD_FRAME","LOAD_FRAME|CONTROL|HEAT","STANDARD_9_14M_PROPOSED","FRONTIER_ADAPTER_CRADLE_PROPOSED|NOT_FIRST_SHIP_CARRIED","field radiator patch|cable recovery","CANON_4_12_EXACT_ROLE_HOLD","anchor cable|record recovery tools|compact gun","EXISTING_FRONTIER_TOOLSET_PROPOSED","peeled heat coat and anchor scar reveal Ern's repeated repairs","Ern pilot relation|frontier workshop|donor compatibility","KORVAN extraction|BRASK towing","repair and custody record preserve rival continuity","copy adapters fail|workshop or records captured","fatigue|ammunition mismatch|workshop loss","BASE_INDIVIDUAL_LINE","PROPOSED_EXPLICIT_SLOT","PENDING_MULTI_MARKET_CLEARANCE","NONE"
"M-022","L06","CHASSIS_SLOT","BRN-21/B2","KORVAN","코르반","GA2_FRONTIER_CONVERSION_FRAMEWORK","GENERIC_FORCE_FRAMEWORK","docs/07_military/military-doctrine-and-force-structure-bible-v1.md:526","GA2","FRONT","ambush extraction and route denial","manual-link spine|offset armor blanks|long traction legs","PROPOSED_NEW_LOAD_FRAME","LOAD_FRAME|PROPULSION|CONTROL","STANDARD_9_14M_PROPOSED","FRONTIER_ADAPTER_CRADLE_PROPOSED|NOT_FIRST_SHIP_CARRIED","field coolant patch|manual tow recovery","CANON_4_12_EXACT_ROLE_HOLD","anchor cable|short rifle|extraction clamps","EXISTING_FRONTIER_COMBAT_SET_PROPOSED","manual backup link appears when network control fails","captured donor frame|local adapter|route knowledge","DELVRIK anchor|BRASK salvage","regional adapter knowledge remains distributed","enemy steals route map|adapter fatigue exploited","thermal fatigue|poor fleet compatibility","INHERIT_FRONTIER_METHOD","PROPOSED_GENERIC_FRAMEWORK","PENDING_MULTI_MARKET_CLEARANCE","NONE"
"M-023","L06","CHASSIS_SLOT","BRN-33/B5","BRASK","브라스크","GA5_GA7_SALVAGE_ROUTE_FUNCTIONS","GENERIC_FORCE_FRAMEWORK","docs/07_military/military-doctrine-and-force-structure-bible-v1.md:526","GA5_REUSE_GA7","SUPPORT","salvage breach and emergency towing","boxy donor torso|external braces|double anchor heels","PROPOSED_NEW_LOAD_FRAME","LOAD_FRAME|HEAT|ARMOR_SUPPORT","HEAVY_14_20M_PROPOSED","TUG_BAY_OR_EXTERNAL_CLAMP_PROPOSED|NOT_FIRST_SHIP_CARRIED","tug coolant line|external tow recovery","ABOVE_CANON_BASELINE_HOLD","breach saw|tow bar|salvage charges","EXISTING_SALVAGE_TOOLSET_PROPOSED","external braces reveal cumulative donor history","salvage claim|heavy tug cradle|mixed spares","KORVAN extraction|CENVAR repair","claim and donor ledger determine legitimate salvage","claim fraud|charge stock captured|donor fatigue hidden","slow acceleration|structural fatigue|claim dispute","INHERIT_FRONTIER_METHOD","PROPOSED_GENERIC_FRAMEWORK","PENDING_MULTI_MARKET_CLEARANCE","NONE"
"M-024","L07","CHASSIS_SLOT","CS-RD-19.2","DRASEL","드라셀","GA4_CONTINUITY_SECURITY_FRAMEWORK","GENERIC_FORCE_FRAMEWORK","docs/07_military/military-doctrine-and-force-structure-bible-v1.md:684","GA4","FRONT","continuity rapid response and seizure","layered provenance plates|recessed sensor shutters|guarded ports","PROPOSED_NEW_LOAD_FRAME","LOAD_FRAME|CONTROL|COCKPIT_INTERFACE","STANDARD_9_14M_PROPOSED","CONTINUITY_SECURE_CRADLE_PROPOSED|NOT_FIRST_SHIP_CARRIED","secure service loop|custody-yard recovery","CANON_4_12_EXACT_ROLE_HOLD","seizure clamps|precision carbine|audit recorder","EXISTING_CUSTODY_AND_SECURITY_SET_PROPOSED","provenance plates disagree with current authority marks","continuity warrant|verified software|custody team","QUORIN interface|ORDRIC guard contrast","custody history exposes institutional fracture","warrant forgery|record deletion|maintenance staff coercion","authority split|record exposure|public backlash","BASE_LINEAGE","PROPOSED_GENERIC_FRAMEWORK","PENDING_MULTI_MARKET_CLEARANCE","NONE"
"M-025","L07","CHASSIS_SLOT","PS-S3-V12-D2","NALETH","날레스","GA8_PALIMPSEST_LOCAL_DEFENSE_FRAMEWORK","EXPLICIT_LINEAGE_GENERIC_MODEL","docs/07_military/grand-act-force-holdings-and-readiness-matrix-v1.md:402","GA8","FRONT","local exploration and provenance mapping","offset data spine|weathered provenance plates|wide ground feet","PROPOSED_NEW_LOAD_FRAME","LOAD_FRAME|CONTROL|COCKPIT_INTERFACE","STANDARD_9_14M_PROPOSED","LOCAL_SERVICE_CRADLE_PROPOSED|NOT_FIRST_SHIP_CARRIED","local coolant standard|ground or tow recovery","CANON_4_12_EXACT_ROLE_HOLD","mapping probes|local defense blade|seal kit","EXISTING_EXPLORATION_TOOLSET_PROPOSED","weathered plate layers reveal multiple local revisions","local consent|cultural interpreter|provenance map","QUORIN archive interface|ARVET rescue ethics","local provenance and refusal rights close the exploration record","outsiders erase local revisions|false translation","misinterpretation|local service dependency","LOCAL_FORK_NOT_DRASEL_SUCCESSOR","PROPOSED_GENERIC_FRAMEWORK","PENDING_MULTI_MARKET_CLEARANCE","NONE"
"M-026","L07","CHASSIS_SLOT","CS-IV-23.1","QUORIN","쿼린","GA8_GA9_CONTINUITY_EXPLORATION_FRAMEWORK","GENERIC_FORCE_FRAMEWORK","docs/07_military/military-doctrine-and-force-structure-bible-v1.md:684","GA8_REUSE_GA9","SUPPORT","archive isolation and counter-interface","shuttered face|offset spine|segmented tool cuffs","PROPOSED_NEW_LOAD_FRAME","LOAD_FRAME|CONTROL|COCKPIT_INTERFACE","STANDARD_9_14M_PROPOSED","CONTINUITY_SECURE_CRADLE_PROPOSED|NOT_FIRST_SHIP_CARRIED","sealed sensor loop|custody-yard recovery","CANON_4_12_EXACT_ROLE_HOLD","hardline data couplers|contact sensor probes","EXISTING_PHYSICAL_DATA_TOOLSET_PROPOSED","segmented cuffs reveal a tool-led rather than weapon-led role","archive authority|specialist crew|sealed data chain","DRASEL custody|NALETH local provenance","verified disagreement remains in a plural archive","network lockout|specialist coercion|chain forgery","network lockout|institutional fracture","INHERIT_DRASEL_LINEAGE","PROPOSED_GENERIC_FRAMEWORK","PENDING_MULTI_MARKET_CLEARANCE","NONE"
"M-027","L08","RESERVE_SLOT","LFX-01","AXIOM","액시엄","USER_SELECTED_NONCANON_LEGACY_DIRECTION","USER_WORKING_DIRECTION_NO_CANON_EVENT","docs/06_hardware/lfx-01-axiom-visual-development-orchestra-audit-v1.md:26","HOLD","HOLD_FRONT","separate legacy-machine reserve","broken shear line|dual eyes|compact armored neck|asymmetric notch","HOLD_UNTIL_AUTHOR_STORY_DECISION","HOLD","HOLD","DEDICATED_LEGACY_CRADLE_HOLD|NOT_FIRST_SHIP_CARRIED","cooling and recovery HOLD","MAINTENANCE_ECOLOGY_HOLD","physical sword candidate|carbine candidate","HOLD_NEW_TECH_AND_WEAPON_APPROVAL","visual artifact and missing support ecology only","author-approved story slot|pilot authority|maintenance ecology|dedicated cradle","synergy partner HOLD","completion and legacy HOLD; cannot absorb 07 public-service ending","enemy capture and counterfeit rights HOLD","irreplaceable parts|pilot burden|permanent loss required","BASE_LEGACY_CANDIDATE","HOLD_AUTHOR_DECISION","PUBLIC_NAME_HOLD_SOVEREIGN_AXIOM_DISTANCE","NONE"
"M-028","L08","RESERVE_SLOT","HOLD","[UNNAMED]","[미정]","POSSIBLE_TRUE_SUCCESSOR_RESERVE_NO_CANON_EVENT","PURE_RESERVE_NO_CANON_BASIS","docs/06_hardware/mecha-lineage-mark-and-evolution-naming-system-v1.md:116","HOLD","HOLD_BACK","possible independent successor reserve","new silhouette required|max two inherited motifs after approval","HOLD_UNTIL_PREDECESSOR_AND_STORY_APPROVAL","HOLD","HOLD","DEDICATED_LEGACY_CRADLE_HOLD|NOT_FIRST_SHIP_CARRIED","cooling and recovery HOLD","MAINTENANCE_ECOLOGY_HOLD","weapon and mission unassigned","HOLD_NEW_TECH_AND_WEAPON_APPROVAL","no discovery clue until an approved event exists","new chassis|independent maintenance|independent loss path|author-approved event","synergy partner HOLD","cannot complete a lineage that has not entered canon","suffix-only upgrade falsely counted as successor","cannot exist as suffix-only upgrade|must survive originality gate","INHERITANCE_HOLD","HOLD_AUTHOR_DECISION","PUBLIC_NAME_HOLD","NONE"
"M-029","L01","CHASSIS_SLOT","AD-TR-6.2","KRAVEN","크라벤","GA2_ROLE_DEMAND_EXPANSION_D20260813_03","EXPLICIT_FRAMEWORK_SLOT","docs/10_story_architecture/detail/ga2-e108-114-episode-cards-v1.md:191","GA2","SUPPORT","conversion training and handover instruction","narrow inspection core|large service hands|visible gantry voids","PROPOSED_NEW_LOAD_FRAME","LOAD_FRAME|CONTROL|COCKPIT_INTERFACE","STANDARD_9_14M_PROPOSED","CLASS_CRADLE_PER_HULL_REGISTRY_PROPOSED|NOT_FIRST_SHIP_CARRIED","carrier umbilical cooling|tender recovery","CANON_4_12_EXACT_ROLE_HOLD","training clamps|dummy tool heads","EXISTING_CANON_TOOLSET","service marks and part sourcing reveal which lineage kept it running","operator assignment|certification|maintenance access","SOLVERN open-standard parts|TAVEN regional service","the service record of the lineage outlives the individual machine","opponent studies the lineage interface and supply path","heat|parts|operator injury|role gap until replacement","BASE_LINEAGE","PROPOSED_EXPLICIT_SLOT","PENDING_MULTI_MARKET_CLEARANCE","NONE"
"M-030","L01","CHASSIS_SLOT","AD-SL-7.1","PELDOR","펠도르","GA6_ROLE_DEMAND_EXPANSION_D20260813_03","EXPLICIT_FRAMEWORK_SLOT","docs/10_story_architecture/detail/ga6-e585-590-episode-cards-v1.md:37","GA6","SUPPORT","wreck recovery and debris stabilisation","narrow inspection core|large service hands|visible gantry voids","PROPOSED_NEW_LOAD_FRAME","LOAD_FRAME|CONTROL|COCKPIT_INTERFACE","WORK_FRAME_PROPOSED","CLASS_CRADLE_PER_HULL_REGISTRY_PROPOSED|NOT_FIRST_SHIP_CARRIED","carrier umbilical cooling|tender recovery","CANON_4_12_EXACT_ROLE_HOLD","tow anchors|cutting arms","EXISTING_INDUSTRIAL_TOOLSET_PROPOSED","service marks and part sourcing reveal which lineage kept it running","operator assignment|certification|maintenance access","BRASK salvage breach|MENDRA medical transfer","the service record of the lineage outlives the individual machine","opponent studies the lineage interface and supply path","heat|parts|operator injury|role gap until replacement","BASE_LINEAGE","PROPOSED_EXPLICIT_SLOT","PENDING_MULTI_MARKET_CLEARANCE","NONE"
"M-031","L02","CHASSIS_SLOT","IR-A15-01","GARNIS","가르니스","GA1_ROLE_DEMAND_EXPANSION_D20260813_03","EXPLICIT_FRAMEWORK_SLOT","docs/10_story_architecture/ga1-episodes-27-32-scene-cards-v1.md:52","GA1 E21-100","SUPPORT","perimeter patrol and route inspection","low roof sensor|inverted-U chest arches|aligned knees and shoulders","PROPOSED_NEW_LOAD_FRAME","LOAD_FRAME|CONTROL|COCKPIT_INTERFACE","STANDARD_9_14M_PROPOSED","CLASS_CRADLE_PER_HULL_REGISTRY_PROPOSED|NOT_FIRST_SHIP_CARRIED","carrier umbilical cooling|tender recovery","CANON_4_12_EXACT_ROLE_HOLD","standard rifle|inspection sensor","EXISTING_CONVENTIONAL_WEAPON_SET_PROPOSED","service marks and part sourcing reveal which lineage kept it running","operator assignment|certification|maintenance access","VARDEN fleet mass unit|CALDRIX formation command","the service record of the lineage outlives the individual machine","opponent studies the lineage interface and supply path","heat|parts|operator injury|role gap until replacement","BASE_LINEAGE","PROPOSED_EXPLICIT_SLOT","PENDING_MULTI_MARKET_CLEARANCE","NONE"
"M-032","L02","CHASSIS_SLOT","IR-M29-01","VULTREN","불트렌","GA5_ROLE_DEMAND_EXPANSION_D20260813_03","EXPLICIT_FRAMEWORK_SLOT","docs/10_story_architecture/detail/ga5-e451-457-episode-cards-v1.md:138","GA5","SUPPORT","fleet manoeuvre escort","low roof sensor|inverted-U chest arches|aligned knees and shoulders","PROPOSED_NEW_LOAD_FRAME","LOAD_FRAME|CONTROL|COCKPIT_INTERFACE","STANDARD_9_14M_PROPOSED","CLASS_CRADLE_PER_HULL_REGISTRY_PROPOSED|NOT_FIRST_SHIP_CARRIED","carrier umbilical cooling|tender recovery","CANON_4_12_EXACT_ROLE_HOLD","escort rifle|decoy cells","EXISTING_CONVENTIONAL_WEAPON_SET_PROPOSED","service marks and part sourcing reveal which lineage kept it running","operator assignment|certification|maintenance access","CALDRIX formation command|TALVOR heavy breach","the service record of the lineage outlives the individual machine","opponent studies the lineage interface and supply path","heat|parts|operator injury|role gap until replacement","BASE_LINEAGE","PROPOSED_EXPLICIT_SLOT","PENDING_MULTI_MARKET_CLEARANCE","NONE"
"M-033","L02","CHASSIS_SLOT","IR-S33-01","KOLTAN","콜탄","GA4_ROLE_DEMAND_EXPANSION_D20260813_03","EXPLICIT_FRAMEWORK_SLOT","docs/10_story_architecture/detail/ga4-e354-355-episode-cards-v1.md:68","GA4","SUPPORT","succession ceremony guard and urban restraint","low roof sensor|inverted-U chest arches|aligned knees and shoulders","PROPOSED_NEW_LOAD_FRAME","LOAD_FRAME|CONTROL|COCKPIT_INTERFACE","STANDARD_9_14M_PROPOSED","CLASS_CRADLE_PER_HULL_REGISTRY_PROPOSED|NOT_FIRST_SHIP_CARRIED","carrier umbilical cooling|tender recovery","CANON_4_12_EXACT_ROLE_HOLD","restraint booms|shield panels","EXISTING_CONVENTIONAL_SECURITY_SET_PROPOSED","service marks and part sourcing reveal which lineage kept it running","operator assignment|certification|maintenance access","ORDRIC guard interception|BRAVIK local restraint","the service record of the lineage outlives the individual machine","opponent studies the lineage interface and supply path","heat|parts|operator injury|role gap until replacement","BASE_LINEAGE","PROPOSED_EXPLICIT_SLOT","PENDING_MULTI_MARKET_CLEARANCE","NONE"
"M-034","L03","CHASSIS_SLOT","HX/CT-07.C4","PHRAXIS","프락시스","GA2_ROLE_DEMAND_EXPANSION_D20260813_03","EXPLICIT_FRAMEWORK_SLOT","docs/10_story_architecture/detail/ga2-e101-107-episode-cards-v1.md:482","GA2","SUPPORT","certification inspection escort and seal enforcement","truncated hex sensor cassette|three joined service cells|60-degree inspection windows","PROPOSED_NEW_LOAD_FRAME","LOAD_FRAME|CONTROL|COCKPIT_INTERFACE","STANDARD_9_14M_PROPOSED","CLASS_CRADLE_PER_HULL_REGISTRY_PROPOSED|NOT_FIRST_SHIP_CARRIED","carrier umbilical cooling|tender recovery","CANON_4_12_EXACT_ROLE_HOLD","seal applicators|inspection probes","EXISTING_CUSTODY_AND_SECURITY_SET_PROPOSED","service marks and part sourcing reveal which lineage kept it running","operator assignment|certification|maintenance access","KELTIS evidence capture|HEXAR facility security","the service record of the lineage outlives the individual machine","opponent studies the lineage interface and supply path","heat|parts|operator injury|role gap until replacement","BASE_LINEAGE","PROPOSED_EXPLICIT_SLOT","PENDING_MULTI_MARKET_CLEARANCE","NONE"
"M-035","L03","CHASSIS_SLOT","HX/LG-25.C6","HULDIC","훌딕","GA6_ROLE_DEMAND_EXPANSION_D20260813_03","EXPLICIT_FRAMEWORK_SLOT","docs/10_story_architecture/detail/ga6-e571-577-episode-cards-v1.md:41","GA6","SUPPORT","contract logistics escort","truncated hex sensor cassette|three joined service cells|60-degree inspection windows","PROPOSED_NEW_LOAD_FRAME","LOAD_FRAME|CONTROL|COCKPIT_INTERFACE","STANDARD_9_14M_PROPOSED","CLASS_CRADLE_PER_HULL_REGISTRY_PROPOSED|NOT_FIRST_SHIP_CARRIED","carrier umbilical cooling|tender recovery","CANON_4_12_EXACT_ROLE_HOLD","convoy rifle|cargo clamps","EXISTING_CONVENTIONAL_WEAPON_SET_PROPOSED","service marks and part sourcing reveal which lineage kept it running","operator assignment|certification|maintenance access","NACEL service relay|ROUNEL corridor safety","the service record of the lineage outlives the individual machine","opponent studies the lineage interface and supply path","heat|parts|operator injury|role gap until replacement","BASE_LINEAGE","PROPOSED_EXPLICIT_SLOT","PENDING_MULTI_MARKET_CLEARANCE","NONE"
"M-036","L04","CHASSIS_SLOT","AD-EV-13.1","EMBRIL","엠브릴","GA6_ROLE_DEMAND_EXPANSION_D20260813_03","EXPLICIT_FRAMEWORK_SLOT","docs/10_story_architecture/detail/ga6-e571-577-episode-cards-v1.md:4","GA6","SUPPORT","evacuation guidance and crowd control","low wedge head|horizontal shoulder beam|open central maintenance bay","PROPOSED_NEW_LOAD_FRAME","LOAD_FRAME|CONTROL|COCKPIT_INTERFACE","STANDARD_9_14M_PROPOSED","CLASS_CRADLE_PER_HULL_REGISTRY_PROPOSED|NOT_FIRST_SHIP_CARRIED","carrier umbilical cooling|tender recovery","CANON_4_12_EXACT_ROLE_HOLD","guidance beacons|soft barriers","EXISTING_COMMUNICATION_AND_WEAPON_SET_PROPOSED","service marks and part sourcing reveal which lineage kept it running","operator assignment|certification|maintenance access","ARVET civilian search|MENDRA medical transfer","the service record of the lineage outlives the individual machine","opponent studies the lineage interface and supply path","heat|parts|operator injury|role gap until replacement","BASE_LINEAGE","PROPOSED_EXPLICIT_SLOT","PENDING_MULTI_MARKET_CLEARANCE","NONE"
"M-037","L04","CHASSIS_SLOT","AD-MN-18.2","WISKAR","위스카르","GA5_ROLE_DEMAND_EXPANSION_D20260813_03","EXPLICIT_FRAMEWORK_SLOT","docs/10_story_architecture/detail/ga5-e458-464-episode-cards-v1.md:62","GA5","SUPPORT","mining and resource extraction","low wedge head|horizontal shoulder beam|open central maintenance bay","PROPOSED_NEW_LOAD_FRAME","LOAD_FRAME|CONTROL|COCKPIT_INTERFACE","WORK_FRAME_PROPOSED","CLASS_CRADLE_PER_HULL_REGISTRY_PROPOSED|NOT_FIRST_SHIP_CARRIED","carrier umbilical cooling|tender recovery","CANON_4_12_EXACT_ROLE_HOLD","drill heads|ore clamps","EXISTING_INDUSTRIAL_TOOLSET_PROPOSED","service marks and part sourcing reveal which lineage kept it running","operator assignment|certification|maintenance access","TORREL industrial work|CENVAR relay construction","the service record of the lineage outlives the individual machine","opponent studies the lineage interface and supply path","heat|parts|operator injury|role gap until replacement","BASE_LINEAGE","PROPOSED_EXPLICIT_SLOT","PENDING_MULTI_MARKET_CLEARANCE","NONE"
"M-038","L04","CHASSIS_SLOT","AD-CV-20.1","URDAL","우르달","GA10_ROLE_DEMAND_EXPANSION_D20260813_03","EXPLICIT_FRAMEWORK_SLOT","docs/10_story_architecture/detail/ga10-e1001-1010-episode-cards-v1.md:16","GA10","SUPPORT","urban disaster response and firefighting","low wedge head|horizontal shoulder beam|open central maintenance bay","PROPOSED_NEW_LOAD_FRAME","LOAD_FRAME|CONTROL|COCKPIT_INTERFACE","WORK_FRAME_PROPOSED","CLASS_CRADLE_PER_HULL_REGISTRY_PROPOSED|NOT_FIRST_SHIP_CARRIED","carrier umbilical cooling|tender recovery","CANON_4_12_EXACT_ROLE_HOLD","foam lances|breaching tools","EXISTING_INDUSTRIAL_TOOLSET_PROPOSED","service marks and part sourcing reveal which lineage kept it running","operator assignment|certification|maintenance access","BRAVIK local defense|TORREL industrial work","the service record of the lineage outlives the individual machine","opponent studies the lineage interface and supply path","heat|parts|operator injury|role gap until replacement","BASE_LINEAGE","PROPOSED_EXPLICIT_SLOT","PENDING_MULTI_MARKET_CLEARANCE","NONE"
"M-039","L05","CHASSIS_SLOT","NA-TR-9-04","LUNVAR","룬바르","GA7_ROLE_DEMAND_EXPANSION_D20260813_03","EXPLICIT_FRAMEWORK_SLOT","docs/10_story_architecture/detail/ga7-e691-697-episode-cards-v1.md:33","GA7","SUPPORT","long-range patient transfer","head protected inside collar|C-shaped shoulder voids|rescue channel through torso","PROPOSED_NEW_LOAD_FRAME","LOAD_FRAME|CONTROL|COCKPIT_INTERFACE","HEAVY_14_20M_PROPOSED","CLASS_CRADLE_PER_HULL_REGISTRY_PROPOSED|NOT_FIRST_SHIP_CARRIED","carrier umbilical cooling|tender recovery","CANON_4_12_EXACT_ROLE_HOLD","stretcher cradles|life-support umbilicals","EXISTING_CANON_TOOLSET","service marks and part sourcing reveal which lineage kept it running","operator assignment|certification|maintenance access","MENDRA medical transfer|ROUNEL corridor safety","the service record of the lineage outlives the individual machine","opponent studies the lineage interface and supply path","heat|parts|operator injury|role gap until replacement","BASE_LINEAGE","PROPOSED_EXPLICIT_SLOT","PENDING_MULTI_MARKET_CLEARANCE","NONE"
"M-040","L05","CHASSIS_SLOT","NA-QR-12-01","PORVENN","포르벤","GA8_ROLE_DEMAND_EXPANSION_D20260813_03","EXPLICIT_FRAMEWORK_SLOT","docs/10_story_architecture/detail/ga8-e801-810-episode-cards-v1.md:311","GA8","SUPPORT","quarantine and isolated transfer","head protected inside collar|C-shaped shoulder voids|rescue channel through torso","PROPOSED_NEW_LOAD_FRAME","LOAD_FRAME|CONTROL|COCKPIT_INTERFACE","STANDARD_9_14M_PROPOSED","CLASS_CRADLE_PER_HULL_REGISTRY_PROPOSED|NOT_FIRST_SHIP_CARRIED","carrier umbilical cooling|tender recovery","CANON_4_12_EXACT_ROLE_HOLD","sealed pods|decontamination arms","EXISTING_CUSTODY_AND_SECURITY_SET_PROPOSED","service marks and part sourcing reveal which lineage kept it running","operator assignment|certification|maintenance access","MENDRA medical transfer|QUORIN counter-interface","the service record of the lineage outlives the individual machine","opponent studies the lineage interface and supply path","heat|parts|operator injury|role gap until replacement","BASE_LINEAGE","PROPOSED_EXPLICIT_SLOT","PENDING_MULTI_MARKET_CLEARANCE","NONE"
"M-041","L06","CHASSIS_SLOT","BRN-09/B1","SKALT","스칼트","GA3_ROLE_DEMAND_EXPANSION_D20260813_03","EXPLICIT_FRAMEWORK_SLOT","docs/10_story_architecture/detail/ga3-e227-235-episode-cards-v1.md:176","GA3","SUPPORT","captured-hull conversion assault","donor-frame scars|asymmetrical thermal coat|manual backup links","PROPOSED_NEW_LOAD_FRAME","LOAD_FRAME|CONTROL|COCKPIT_INTERFACE","STANDARD_9_14M_PROPOSED","CLASS_CRADLE_PER_HULL_REGISTRY_PROPOSED|NOT_FIRST_SHIP_CARRIED","carrier umbilical cooling|tender recovery","CANON_4_12_EXACT_ROLE_HOLD","mismatched rifle|manual breach bar","EXISTING_CONVENTIONAL_WEAPON_SET_PROPOSED","service marks and part sourcing reveal which lineage kept it running","operator assignment|certification|maintenance access","KORVAN ambush extraction|DELVRIK record recovery","the service record of the lineage outlives the individual machine","opponent studies the lineage interface and supply path","heat|parts|operator injury|role gap until replacement","BASE_LINEAGE","PROPOSED_EXPLICIT_SLOT","PENDING_MULTI_MARKET_CLEARANCE","NONE"
"M-042","L06","CHASSIS_SLOT","BRN-27/B4","YARNIC","야르닉","GA5_ROLE_DEMAND_EXPANSION_D20260813_03","EXPLICIT_FRAMEWORK_SLOT","docs/10_story_architecture/detail/ga5-e458-464-episode-cards-v1.md:71","GA5","SUPPORT","wreck breaking and part recovery","donor-frame scars|asymmetrical thermal coat|manual backup links","PROPOSED_NEW_LOAD_FRAME","LOAD_FRAME|CONTROL|COCKPIT_INTERFACE","HEAVY_14_20M_PROPOSED","CLASS_CRADLE_PER_HULL_REGISTRY_PROPOSED|NOT_FIRST_SHIP_CARRIED","carrier umbilical cooling|tender recovery","CANON_4_12_EXACT_ROLE_HOLD","shear jaws|magnet racks","EXISTING_INDUSTRIAL_TOOLSET_PROPOSED","service marks and part sourcing reveal which lineage kept it running","operator assignment|certification|maintenance access","BRASK salvage breach|TORREL industrial work","the service record of the lineage outlives the individual machine","opponent studies the lineage interface and supply path","heat|parts|operator injury|role gap until replacement","BASE_LINEAGE","PROPOSED_EXPLICIT_SLOT","PENDING_MULTI_MARKET_CLEARANCE","NONE"
"M-043","L06","CHASSIS_SLOT","BRN-41/B6","HALDRE","할드레","GA7_ROLE_DEMAND_EXPANSION_D20260813_03","EXPLICIT_FRAMEWORK_SLOT","docs/10_story_architecture/detail/ga7-e691-697-episode-cards-v1.md:6","GA7","SUPPORT","long-endurance frontier patrol","donor-frame scars|asymmetrical thermal coat|manual backup links","PROPOSED_NEW_LOAD_FRAME","LOAD_FRAME|CONTROL|COCKPIT_INTERFACE","STANDARD_9_14M_PROPOSED","CLASS_CRADLE_PER_HULL_REGISTRY_PROPOSED|NOT_FIRST_SHIP_CARRIED","carrier umbilical cooling|tender recovery","CANON_4_12_EXACT_ROLE_HOLD","patrol rifle|extended tankage","EXISTING_CONVENTIONAL_WEAPON_SET_PROPOSED","service marks and part sourcing reveal which lineage kept it running","operator assignment|certification|maintenance access","KORVAN route denial|NALETH provenance mapping","the service record of the lineage outlives the individual machine","opponent studies the lineage interface and supply path","heat|parts|operator injury|role gap until replacement","BASE_LINEAGE","PROPOSED_EXPLICIT_SLOT","PENDING_MULTI_MARKET_CLEARANCE","NONE"
"M-044","L07","CHASSIS_SLOT","CS-AU-27.3","ISKOL","이스콜","GA8_ROLE_DEMAND_EXPANSION_D20260813_03","EXPLICIT_FRAMEWORK_SLOT","docs/10_story_architecture/detail/ga8-e801-810-episode-cards-v1.md:7","GA8","SUPPORT","audit escort and evidence verification","layered provenance plates|recessed sensor shutters|offset data spine","PROPOSED_NEW_LOAD_FRAME","LOAD_FRAME|CONTROL|COCKPIT_INTERFACE","STANDARD_9_14M_PROPOSED","CLASS_CRADLE_PER_HULL_REGISTRY_PROPOSED|NOT_FIRST_SHIP_CARRIED","carrier umbilical cooling|tender recovery","CANON_4_12_EXACT_ROLE_HOLD","provenance readers|sealed lockers","EXISTING_CUSTODY_AND_SECURITY_SET_PROPOSED","service marks and part sourcing reveal which lineage kept it running","operator assignment|certification|maintenance access","QUORIN archive isolation|DRASEL rapid response","the service record of the lineage outlives the individual machine","opponent studies the lineage interface and supply path","heat|parts|operator injury|role gap until replacement","BASE_LINEAGE","PROPOSED_EXPLICIT_SLOT","PENDING_MULTI_MARKET_CLEARANCE","NONE"
"M-045","L07","CHASSIS_SLOT","PS-D5-V18-C1","OCTALIS","옥탈리스","GA8_ROLE_DEMAND_EXPANSION_D20260813_03","EXPLICIT_FRAMEWORK_SLOT","docs/10_story_architecture/detail/ga8-e826-835-episode-cards-v1.md:93","GA8","SUPPORT","archive-region local defense","layered provenance plates|recessed sensor shutters|offset data spine","PROPOSED_NEW_LOAD_FRAME","LOAD_FRAME|CONTROL|COCKPIT_INTERFACE","STANDARD_9_14M_PROPOSED","CLASS_CRADLE_PER_HULL_REGISTRY_PROPOSED|NOT_FIRST_SHIP_CARRIED","carrier umbilical cooling|tender recovery","CANON_4_12_EXACT_ROLE_HOLD","defensive rifle|site anchors","EXISTING_EXPLORATION_TOOLSET_PROPOSED","service marks and part sourcing reveal which lineage kept it running","operator assignment|certification|maintenance access","NALETH provenance mapping|QUORIN archive isolation","the service record of the lineage outlives the individual machine","opponent studies the lineage interface and supply path","heat|parts|operator injury|role gap until replacement","BASE_LINEAGE","PROPOSED_EXPLICIT_SLOT","PENDING_MULTI_MARKET_CLEARANCE","NONE"
"M-046","L07","CHASSIS_SLOT","CS-XC-31.2","FENDRIC","펜드릭","GA10_ROLE_DEMAND_EXPANSION_D20260813_03","EXPLICIT_FRAMEWORK_SLOT","docs/10_story_architecture/detail/ga10-e1036-1043-episode-cards-v1.md:89","GA10","SUPPORT","record containment and counter-interface","layered provenance plates|recessed sensor shutters|offset data spine","PROPOSED_NEW_LOAD_FRAME","LOAD_FRAME|CONTROL|COCKPIT_INTERFACE","STANDARD_9_14M_PROPOSED","CLASS_CRADLE_PER_HULL_REGISTRY_PROPOSED|NOT_FIRST_SHIP_CARRIED","carrier umbilical cooling|tender recovery","CANON_4_12_EXACT_ROLE_HOLD","interface shutters|containment clamps","EXISTING_CUSTODY_AND_SECURITY_SET_PROPOSED","service marks and part sourcing reveal which lineage kept it running","operator assignment|certification|maintenance access","QUORIN counter-interface|DRASEL rapid response","the service record of the lineage outlives the individual machine","opponent studies the lineage interface and supply path","heat|parts|operator injury|role gap until replacement","BASE_LINEAGE","PROPOSED_EXPLICIT_SLOT","PENDING_MULTI_MARKET_CLEARANCE","NONE"
