"demand_slot","capacity_state","demand_anchor","role_tier","faction_ecology","ga_window","mission_domain","sample_slot_ref","canon_role_refs","operation_refs","reviewed_reuse_candidates","reuse_assessment","reuse_failure_type","manufacturing_scale","major_system_change_claim","story_status_policy","named_hull_policy","parent_formation_ecology","support_ecology","reuse_or_model_reason","count_decision","canon_status","temporal_compatibility","functional_compatibility","cradle_compatibility","cooling_recovery_compatibility","canon_role_quote_token","operation_quote_token"
"FD-001","BASE_MODEL_CANDIDATE","PROTAGONIST_07_MIXED_SERVICE_CAPTURE_RESCUE","PROTAGONIST","OPEN_SERVICE","GA1_TO_GA10","MIXED_SERVICE_CAPTURE_RESCUE","M-001","docs/03_systems/academy-and-07-opening-operational-state-v1.md:52","docs/03_systems/academy-and-07-opening-operational-state-v1.md:52","CANON_EXISTING","CANON_ENTITY_REFERENCE","PROPOSED_LOAD_FRAME_PLUS_TWO_MAJOR_SYSTEMS","SINGLE_HULL","EXISTING_CANON_SYSTEMS","HULL_INSTANCE_LEDGER_ONLY","FRONT_REQUIRED","JNT_K13_TO_JNT_HALL_TO_JNT_ARD","CRADLE|MAINTAINERS|COOLING|RECOVERY","EXISTING_CANON_ENTITY; NO NEW MODEL CLAIM","PROVISIONAL_MODEL_SLOT","PROPOSED_NONCANON_MAPPING","CANDIDATE_REVEAL_MATCHES_DEMAND","CANDIDATE_REQUIRES_CHASSIS_GATE","CANDIDATE_CRADLE_PROOF_IN_INDEX","CANDIDATE_COOLING_PROOF_IN_INDEX","- `AUX-07 다목적 상호운용 훈련 프레임`.","- `AUX-07 다목적 상호운용 훈련 프레임`."
"FD-002","BASE_MODEL_CANDIDATE","GA3_OPEN_STANDARD_MASS_DERIVATIVE","FACTION_SHARED","OPEN_SERVICE","GA3_TO_GA10","LINE_COMBAT_SERVICEABLE","M-002","docs/10_story_architecture/1000-episode-grand-act-map-v1.md:288","docs/10_story_architecture/1000-episode-grand-act-map-v1.md:288","PARENT_OR_EXISTING_LINEAGE_FROM_INDEX","PHASE1_SAMPLE_REQUIRES_CHASSIS_GATE","PROPOSED_LOAD_FRAME_PLUS_TWO_MAJOR_SYSTEMS","HIGH_VOLUME_SERIES","LOAD_FRAME|CONTROL|HEAT","HULL_INSTANCE_LEDGER_ONLY","FRONT_CANDIDATE","JNT_ARD_AND_REGIONAL_SOURCES","STANDARD_CRADLE|MAINTAINERS|RECOVERY","MASS_DERIVATIVE_REQUIRES_SERIES_LOAD_FRAME_AND_PUBLIC_SERVICE_CHAIN","PROVISIONAL_MODEL_SLOT","PROPOSED_NONCANON_MAPPING","CANDIDATE_REVEAL_MATCHES_DEMAND","CANDIDATE_REQUIRES_CHASSIS_GATE","CANDIDATE_CRADLE_PROOF_IN_INDEX","CANDIDATE_COOLING_PROOF_IN_INDEX","- first mass-produced derivative frame, not personal superframe.","- first mass-produced derivative frame, not personal superframe."
"FD-003","BASE_MODEL_CANDIDATE","GA10_REGIONAL_RESCUE_EDUCATION","IMPORTANT_EXTRA","OPEN_SERVICE","GA10","RESCUE_TRAINING","M-003","docs/10_story_architecture/detail/ga10-e1051-1060-episode-cards-v1.md:127","docs/10_story_architecture/detail/ga10-e1051-1060-episode-cards-v1.md:127","PARENT_OR_EXISTING_LINEAGE_FROM_INDEX","PHASE1_SAMPLE_REQUIRES_CHASSIS_GATE","PROPOSED_LOAD_FRAME_PLUS_TWO_MAJOR_SYSTEMS","LOW_VOLUME_SERIES","LOAD_FRAME|CONTROL|COCKPIT_INTERFACE","HULL_INSTANCE_LEDGER_ONLY","BACKGROUND_MODEL","REGIONAL_TRANSITION_INSTITUTIONS","SERVICE_CRADLE|MEDICAL|RECOVERY","TRAINING_AND_RESCUE_LOADS_REQUIRE_REGIONAL_LOW_COST_FRAME","PROVISIONAL_MODEL_SLOT","PROPOSED_NONCANON_MAPPING","CANDIDATE_REVEAL_MATCHES_DEMAND","CANDIDATE_REQUIRES_CHASSIS_GATE","CANDIDATE_CRADLE_PROOF_IN_INDEX","CANDIDATE_COOLING_PROOF_IN_INDEX","- 07-derived open interfaces keep mixed frames interoperable;","- 07-derived open interfaces keep mixed frames interoperable;"
"FD-004","BASE_MODEL_CANDIDATE","GA10_REMOTE_MAINTENANCE_ROUTE_REPAIR","RECURRING_SUPPORT","OPEN_SERVICE","GA10","MAINTENANCE_ROUTE_REPAIR","M-004","docs/10_story_architecture/detail/ga10-e1051-1060-episode-cards-v1.md:127","docs/10_story_architecture/detail/ga10-e1051-1060-episode-cards-v1.md:127","PARENT_OR_EXISTING_LINEAGE_FROM_INDEX","PHASE1_SAMPLE_REQUIRES_CHASSIS_GATE","PROPOSED_LOAD_FRAME_PLUS_TWO_MAJOR_SYSTEMS","LOW_VOLUME_SERIES","LOAD_FRAME|HEAT|ARMOR_SUPPORT","HULL_INSTANCE_LEDGER_ONLY","BACKGROUND_MODEL","REGIONAL_TRANSITION_INSTITUTIONS","SERVICE_CRADLE|SPARES|TOW","REMOTE_REPAIR_TOOL_LOAD_AND_LOW_INFRASTRUCTURE_RECOVERY_DIFFER_FROM_TRAINING_FRAME","PROVISIONAL_MODEL_SLOT","PROPOSED_NONCANON_MAPPING","CANDIDATE_REVEAL_MATCHES_DEMAND","CANDIDATE_REQUIRES_CHASSIS_GATE","CANDIDATE_CRADLE_PROOF_IN_INDEX","CANDIDATE_COOLING_PROOF_IN_INDEX","- 07-derived open interfaces keep mixed frames interoperable;","- 07-derived open interfaces keep mixed frames interoperable;"
"FD-005","BASE_MODEL_CANDIDATE","IMPERIAL_FLEET_STANDARD_LINE","FACTION_SHARED","IMPERIAL","GA1_TO_GA10","LINE_COMBAT_SCREEN","M-005","docs/07_military/grand-act-force-holdings-and-readiness-matrix-v1.md:30","docs/07_military/grand-act-force-holdings-and-readiness-matrix-v1.md:30","PARENT_OR_EXISTING_LINEAGE_FROM_INDEX","PHASE1_SAMPLE_REQUIRES_CHASSIS_GATE","PROPOSED_LOAD_FRAME_PLUS_TWO_MAJOR_SYSTEMS","HIGH_VOLUME_SERIES","LOAD_FRAME|CONTROL|WEAPON_SUPPORT","HULL_INSTANCE_LEDGER_ONLY","FRONT_CANDIDATE","IMPERIAL_SOURCE_FORMATIONS","FLEET_CRADLE|SUPPLY|RECOVERY","IMPERIAL_HIGH_VOLUME_CARRIER_STANDARD_REQUIRES_OWN_LOAD_FRAME_AND_SUPPLY_CHAIN","PROVISIONAL_MODEL_SLOT","PROPOSED_NONCANON_MAPPING","CANDIDATE_REVEAL_MATCHES_DEMAND","CANDIDATE_REQUIRES_CHASSIS_GATE","CANDIDATE_CRADLE_PROOF_IN_INDEX","CANDIDATE_COOLING_PROOF_IN_INDEX","- military/security frames: 45,000–80,000 across 612 systems;","- military/security frames: 45,000–80,000 across 612 systems;"
"FD-006","BASE_MODEL_CANDIDATE","IMPERIAL_FORMATION_COMMAND_DOCKING","RECURRING_SUPPORT","IMPERIAL","GA2_TO_GA10","COMMAND_DOCKING_CONTROL","M-006","docs/07_military/military-doctrine-and-force-structure-bible-v1.md:85","docs/07_military/military-doctrine-and-force-structure-bible-v1.md:85","PARENT_OR_EXISTING_LINEAGE_FROM_INDEX","PHASE1_SAMPLE_REQUIRES_CHASSIS_GATE","PROPOSED_LOAD_FRAME_PLUS_TWO_MAJOR_SYSTEMS","LIMITED_RUN","LOAD_FRAME|CONTROL|HEAT","HULL_INSTANCE_LEDGER_ONLY","FRONT_CANDIDATE","IMPERIAL_SOURCE_FORMATIONS","COMMAND_LINK|ESCORT|RECOVERY","COMMAND_SENSOR_AND_DOCKING_LOADS_EXCEED_STANDARD_LINE_CONFIGURATION","PROVISIONAL_MODEL_SLOT","PROPOSED_NONCANON_MAPPING","CANDIDATE_REVEAL_MATCHES_DEMAND","CANDIDATE_REQUIRES_CHASSIS_GATE","CANDIDATE_CRADLE_PROOF_IN_INDEX","CANDIDATE_COOLING_PROOF_IN_INDEX","- orders, identity, evidence, target classification and surrender terms;","- orders, identity, evidence, target classification and surrender terms;"
"FD-007","BASE_MODEL_CANDIDATE","GA4_SUCCESSION_HEAVY_BREACH","CORE_ANTAGONIST_RIVAL","IMPERIAL","GA4","HEAVY_BREACH_CAPTURE","M-007","docs/07_military/grand-act-force-holdings-and-readiness-matrix-v1.md:218","docs/07_military/grand-act-force-holdings-and-readiness-matrix-v1.md:218","PARENT_OR_EXISTING_LINEAGE_FROM_INDEX","PHASE1_SAMPLE_REQUIRES_CHASSIS_GATE","PROPOSED_LOAD_FRAME_PLUS_TWO_MAJOR_SYSTEMS","LIMITED_RUN","LOAD_FRAME|HEAT|ARMOR_SUPPORT","HULL_INSTANCE_LEDGER_ONLY","FRONT_CANDIDATE","IMPERIAL_SUCCESSION_FORMATIONS","HEAVY_CRADLE|COOLING_TENDER|TOW","HEAVY_BREACH_LOAD_AND_RECOVERY_REQUIRE_SEPARATE_LIMITED_FRAME","PROVISIONAL_MODEL_SLOT","PROPOSED_NONCANON_MAPPING","CANDIDATE_REVEAL_MATCHES_DEMAND","CANDIDATE_REQUIRES_CHASSIS_GATE","CANDIDATE_CRADLE_PROOF_IN_INDEX","CANDIDATE_COOLING_PROOF_IN_INDEX","- 100–300 frames and security units;","- 100–300 frames and security units;"
"FD-008","BASE_MODEL_CANDIDATE","IMPERIAL_RECON_ELECTRONIC_DENIAL","RECURRING_SUPPORT","IMPERIAL","GA3_TO_GA10","RECON_ELECTRONIC_WARFARE","M-008","docs/10_story_architecture/detail/ga3-e271-277-episode-cards-v1.md:289","docs/10_story_architecture/detail/ga3-e271-277-episode-cards-v1.md:289","PARENT_OR_EXISTING_LINEAGE_FROM_INDEX","PHASE1_SAMPLE_REQUIRES_CHASSIS_GATE","PROPOSED_LOAD_FRAME_PLUS_TWO_MAJOR_SYSTEMS","LIMITED_RUN","LOAD_FRAME|CONTROL|COCKPIT_INTERFACE","HULL_INSTANCE_LEDGER_ONLY","BACKGROUND_MODEL","IMPERIAL_SOURCE_FORMATIONS","SENSOR_NETWORK|ESCORT|RECOVERY","PASSIVE_SENSOR_AND_EW_GEOMETRY_REQUIRE_SEPARATE_LOW_SIGNATURE_FRAME","PROVISIONAL_MODEL_SLOT","PROPOSED_NONCANON_MAPPING","CANDIDATE_REVEAL_MATCHES_DEMAND","CANDIDATE_REQUIRES_CHASSIS_GATE","CANDIDATE_CRADLE_PROOF_IN_INDEX","CANDIDATE_COOLING_PROOF_IN_INDEX","- Doman Rek withdraws two cutters and four frames to an Imperial recognition chain;","- Doman Rek withdraws two cutters and four frames to an Imperial recognition chain;"
"FD-009","BASE_MODEL_CANDIDATE","GA4_PALACE_CONTINUITY_INTERCEPTION","CORE_ANTAGONIST_RIVAL","IMPERIAL","GA4_TO_GA9","INTERCEPT_CUSTODY","M-009","docs/07_military/grand-act-force-holdings-and-readiness-matrix-v1.md:218","docs/07_military/grand-act-force-holdings-and-readiness-matrix-v1.md:218","PARENT_OR_EXISTING_LINEAGE_FROM_INDEX","PHASE1_SAMPLE_REQUIRES_CHASSIS_GATE","PROPOSED_LOAD_FRAME_PLUS_TWO_MAJOR_SYSTEMS","LIMITED_RUN","LOAD_FRAME|CONTROL|ARMOR_SUPPORT","HULL_INSTANCE_LEDGER_ONLY","FRONT_CANDIDATE","IMP_CG_SOURCE_FORMATIONS","SECURE_CRADLE|AUTHORITY|RECOVERY","SECURE_CUSTODY_AND_HIGH_ACCELERATION_INTERCEPT_REQUIRE_DISTINCT_LIMITED_FRAME","PROVISIONAL_MODEL_SLOT","PROPOSED_NONCANON_MAPPING","CANDIDATE_REVEAL_MATCHES_DEMAND","CANDIDATE_REQUIRES_CHASSIS_GATE","CANDIDATE_CRADLE_PROOF_IN_INDEX","CANDIDATE_COOLING_PROOF_IN_INDEX","- 100–300 frames and security units;","- 100–300 frames and security units;"
"FD-010","BASE_MODEL_CANDIDATE","HELIX_CERTIFIED_SECURITY_LINE","FACTION_SHARED","HELIX","GA1_TO_GA10","FACILITY_SECURITY_LINE","M-010","docs/07_military/grand-act-force-holdings-and-readiness-matrix-v1.md:38","docs/07_military/grand-act-force-holdings-and-readiness-matrix-v1.md:38","PARENT_OR_EXISTING_LINEAGE_FROM_INDEX","PHASE1_SAMPLE_REQUIRES_CHASSIS_GATE","PROPOSED_LOAD_FRAME_PLUS_TWO_MAJOR_SYSTEMS","HIGH_VOLUME_SERIES","LOAD_FRAME|CONTROL|ARMOR_SUPPORT","HULL_INSTANCE_LEDGER_ONLY","FRONT_CANDIDATE","HELIX_SOURCE_FORMATIONS","CERTIFIED_CRADLE|PARTS|RECOVERY","CERTIFIED_LOCKED_SERVICE_ECOLOGY_REQUIRES_DISTINCT_SERIES_FRAME","PROVISIONAL_MODEL_SLOT","PROPOSED_NONCANON_MAPPING","CANDIDATE_REVEAL_MATCHES_DEMAND","CANDIDATE_REQUIRES_CHASSIS_GATE","CANDIDATE_CRADLE_PROOF_IN_INDEX","CANDIDATE_COOLING_PROOF_IN_INDEX","- security/technical frames: 6,000–12,000;","- security/technical frames: 6,000–12,000;"
"FD-011","BASE_MODEL_CANDIDATE","HELIX_RECOVERY_COOLING_SERVICE_RELAY","RECURRING_SUPPORT","HELIX","GA2_TO_GA10","RECOVERY_COOLING_RELAY","M-011","docs/07_military/military-doctrine-and-force-structure-bible-v1.md:486","docs/07_military/military-doctrine-and-force-structure-bible-v1.md:486","PARENT_OR_EXISTING_LINEAGE_FROM_INDEX","PHASE1_SAMPLE_REQUIRES_CHASSIS_GATE","PROPOSED_LOAD_FRAME_PLUS_TWO_MAJOR_SYSTEMS","LOW_VOLUME_SERIES","LOAD_FRAME|HEAT|WEAPON_SUPPORT","HULL_INSTANCE_LEDGER_ONLY","BACKGROUND_MODEL","HELIX_SERVICE_FORMATIONS","SERVICE_CRADLE|COOLANT|TOW","COOLANT_AND_RECOVERY_THROUGHPUT_REQUIRE_SERVICE_LOAD_FRAME","PROVISIONAL_MODEL_SLOT","PROPOSED_NONCANON_MAPPING","CANDIDATE_REVEAL_MATCHES_DEMAND","CANDIDATE_REQUIRES_CHASSIS_GATE","CANDIDATE_CRADLE_PROOF_IN_INDEX","CANDIDATE_COOLING_PROOF_IN_INDEX","- facility defense, recovery, boarding, technical seizure and high-survivability specialist operations.","- facility defense, recovery, boarding, technical seizure and high-survivability specialist operations."
"FD-012","BASE_MODEL_CANDIDATE","HELIX_SENSOR_QUARANTINE_EVIDENCE_CAPTURE","CORE_ANTAGONIST_RIVAL","HELIX","GA3_TO_GA8","QUARANTINE_EVIDENCE_CAPTURE","M-012","docs/10_story_architecture/detail/ga3-e278-285-episode-cards-v1.md:150","docs/10_story_architecture/detail/ga3-e278-285-episode-cards-v1.md:150","PARENT_OR_EXISTING_LINEAGE_FROM_INDEX","PHASE1_SAMPLE_REQUIRES_CHASSIS_GATE","PROPOSED_LOAD_FRAME_PLUS_TWO_MAJOR_SYSTEMS","LIMITED_RUN","LOAD_FRAME|CONTROL|COCKPIT_INTERFACE","HULL_INSTANCE_LEDGER_ONLY","FRONT_CANDIDATE","HELIX_CERT_SOURCE_FORMATIONS","CERTIFIED_CRADLE|DATA_CUSTODY|RECOVERY","SEALED_SENSOR_AND_EVIDENCE_CUSTODY_REQUIRE_DISTINCT_LIMITED_FRAME","PROVISIONAL_MODEL_SLOT","PROPOSED_NONCANON_MAPPING","CANDIDATE_REVEAL_MATCHES_DEMAND","CANDIDATE_REQUIRES_CHASSIS_GATE","CANDIDATE_CRADLE_PROOF_IN_INDEX","CANDIDATE_COOLING_PROOF_IN_INDEX","1. **Converging units** — 4 Helix security frames and one armed tug approach; local sector deploys 6 security frames, 3 utility frames and one cutter outside the inhabited lane.","1. **Converging units** — 4 Helix security frames and one armed tug approach; local sector deploys 6 security frames, 3 utility frames and one cutter outside the inhabited lane."
"FD-013","BASE_MODEL_CANDIDATE","HELIX_HIGH_LICENSE_PRECISION_INTERDICTION","CORE_ANTAGONIST_RIVAL","HELIX","GA5_TO_GA9","PRECISION_INTERDICTION","M-013","docs/07_military/military-doctrine-and-force-structure-bible-v1.md:486","docs/07_military/military-doctrine-and-force-structure-bible-v1.md:486","PARENT_OR_EXISTING_LINEAGE_FROM_INDEX","PHASE1_SAMPLE_REQUIRES_CHASSIS_GATE","PROPOSED_LOAD_FRAME_PLUS_TWO_MAJOR_SYSTEMS","LIMITED_RUN","LOAD_FRAME|CONTROL|HEAT","HULL_INSTANCE_LEDGER_ONLY","FRONT_CANDIDATE","HELIX_AND_CONTRACT_SOURCE_FORMATIONS","HIGH_LICENSE_SERVICE|COOLING|RECOVERY","PRECISION_INTERDICTION_AND_LICENSED_SUPPORT_REQUIRE_SEPARATE_LIMITED_FRAME","PROVISIONAL_MODEL_SLOT","PROPOSED_NONCANON_MAPPING","CANDIDATE_REVEAL_MATCHES_DEMAND","CANDIDATE_REQUIRES_CHASSIS_GATE","CANDIDATE_CRADLE_PROOF_IN_INDEX","CANDIDATE_COOLING_PROOF_IN_INDEX","- facility defense, recovery, boarding, technical seizure and high-survivability specialist operations.","- facility defense, recovery, boarding, technical seizure and high-survivability specialist operations."
"FD-014","BASE_MODEL_CANDIDATE","ARDIS_EXTERIOR_ALIGNMENT_INDUSTRIAL_WORK","RECURRING_SUPPORT","ARDIS_LOCAL","GA3_TO_GA10","INDUSTRIAL_ALIGNMENT_WORK","M-014","docs/10_story_architecture/detail/ga3-e236-240-episode-cards-v1.md:30","docs/10_story_architecture/detail/ga3-e236-240-episode-cards-v1.md:30","PARENT_OR_EXISTING_LINEAGE_FROM_INDEX","PHASE1_SAMPLE_REQUIRES_CHASSIS_GATE","PROPOSED_LOAD_FRAME_PLUS_TWO_MAJOR_SYSTEMS","LOW_VOLUME_SERIES","LOAD_FRAME|CONTROL|COCKPIT_INTERFACE","HULL_INSTANCE_LEDGER_ONLY","BACKGROUND_MODEL","JNT_ARD_LOCAL_POOLS","WORK_CRADLE|TOOLS|TOW","INDUSTRIAL_ALIGNMENT_LOAD_AND_TOOL_GEOMETRY_REQUIRE_WORK_FRAME","PROVISIONAL_MODEL_SLOT","PROPOSED_NONCANON_MAPPING","CANDIDATE_REVEAL_MATCHES_DEMAND","CANDIDATE_REQUIRES_CHASSIS_GATE","CANDIDATE_CRADLE_PROOF_IN_INDEX","CANDIDATE_COOLING_PROOF_IN_INDEX","- 루마 펠 / Luma Pell — local utility-frame lead and exterior inspection operator.","- 루마 펠 / Luma Pell — local utility-frame lead and exterior inspection operator."
"FD-015","BASE_MODEL_CANDIDATE","ARDIS_LOCAL_DEFENSE_RESTRAINT_LINE","FACTION_SHARED","ARDIS_LOCAL","GA3_TO_GA10","LOCAL_DEFENSE_RESTRAINT","M-015","docs/09_collection/ga3-collection-registry-v1.md:536","docs/09_collection/ga3-collection-registry-v1.md:536","PARENT_OR_EXISTING_LINEAGE_FROM_INDEX","PHASE1_SAMPLE_REQUIRES_CHASSIS_GATE","PROPOSED_LOAD_FRAME_PLUS_TWO_MAJOR_SYSTEMS","HIGH_VOLUME_SERIES","LOAD_FRAME|CONTROL|ARMOR_SUPPORT","HULL_INSTANCE_LEDGER_ONLY","FRONT_CANDIDATE","JNT_ARD_LOCAL_POOLS","LOCAL_CRADLE|AMMUNITION|RECOVERY","LOCAL_POLICING_RESTRAINT_AND_CIVIL_MAINTENANCE_REQUIRE_SERIES_FRAME","PROVISIONAL_MODEL_SLOT","PROPOSED_NONCANON_MAPPING","CANDIDATE_REVEAL_MATCHES_DEMAND","CANDIDATE_REQUIRES_CHASSIS_GATE","CANDIDATE_CRADLE_PROOF_IN_INDEX","CANDIDATE_COOLING_PROOF_IN_INDEX","- Foundry/Transit/Custodian/Defense teams.","- Foundry/Transit/Custodian/Defense teams."
"FD-016","BASE_MODEL_CANDIDATE","ARDIS_ANCHOR_CABLE_CONTROLLED_BREACH","RECURRING_SUPPORT","ARDIS_LOCAL","GA3_TO_GA5","ANCHOR_CABLE_BREACH","M-016","docs/07_military/military-doctrine-and-force-structure-bible-v1.md:607","docs/07_military/military-doctrine-and-force-structure-bible-v1.md:607","PARENT_OR_EXISTING_LINEAGE_FROM_INDEX","PHASE1_SAMPLE_REQUIRES_CHASSIS_GATE","PROPOSED_LOAD_FRAME_PLUS_TWO_MAJOR_SYSTEMS","LIMITED_RUN","LOAD_FRAME|HEAT|WEAPON_SUPPORT","HULL_INSTANCE_LEDGER_ONLY","BACKGROUND_MODEL","JNT_ARD_LOCAL_POOLS","ANCHOR_RIG|ENGINEERS|RECOVERY","ANCHOR_LOAD_PATH_AND_ENGINEER_INTERFACE_REQUIRE_SEPARATE_FRAME","PROVISIONAL_MODEL_SLOT","PROPOSED_NONCANON_MAPPING","CANDIDATE_REVEAL_MATCHES_DEMAND","CANDIDATE_REQUIRES_CHASSIS_GATE","CANDIDATE_CRADLE_PROOF_IN_INDEX","CANDIDATE_COOLING_PROOF_IN_INDEX","- service, node work, fixed defense and converted industrial mass supported by limited military specialists.","- service, node work, fixed defense and converted industrial mass supported by limited military specialists."
"FD-017","BASE_MODEL_CANDIDATE","FLEET_RELAY_CONSTRUCTION_DAMAGE_CONTROL","RECURRING_SUPPORT","ARDIS_LOCAL","GA5_TO_GA10","RELAY_CONSTRUCTION_DAMAGE_CONTROL","M-017","docs/07_military/military-doctrine-and-force-structure-bible-v1.md:607","docs/07_military/military-doctrine-and-force-structure-bible-v1.md:607","PARENT_OR_EXISTING_LINEAGE_FROM_INDEX","PHASE1_SAMPLE_REQUIRES_CHASSIS_GATE","PROPOSED_LOAD_FRAME_PLUS_TWO_MAJOR_SYSTEMS","LOW_VOLUME_SERIES","LOAD_FRAME|HEAT|CONTROL","HULL_INSTANCE_LEDGER_ONLY","BACKGROUND_MODEL","JNT_FLEET_DECLARED_SOURCES","SERVICE_CRADLE|RELAY_PARTS|TOW","CONSTRUCTION_AND_DAMAGE_CONTROL_TOOLING_REQUIRE_SERVICE_FRAME","PROVISIONAL_MODEL_SLOT","PROPOSED_NONCANON_MAPPING","CANDIDATE_REVEAL_MATCHES_DEMAND","CANDIDATE_REQUIRES_CHASSIS_GATE","CANDIDATE_CRADLE_PROOF_IN_INDEX","CANDIDATE_COOLING_PROOF_IN_INDEX","- service, node work, fixed defense and converted industrial mass supported by limited military specialists.","- service, node work, fixed defense and converted industrial mass supported by limited military specialists."
"FD-018","BASE_MODEL_CANDIDATE","NEUTRAL_CIVIL_SEARCH_SHIELD_TOW","RECURRING_SUPPORT","NEUTRAL_PUBLIC","GA2_TO_GA10","SEARCH_SHIELD_TOW","M-018","docs/07_military/military-doctrine-and-force-structure-bible-v1.md:566","docs/07_military/military-doctrine-and-force-structure-bible-v1.md:566","PARENT_OR_EXISTING_LINEAGE_FROM_INDEX","PHASE1_SAMPLE_REQUIRES_CHASSIS_GATE","PROPOSED_LOAD_FRAME_PLUS_TWO_MAJOR_SYSTEMS","HIGH_VOLUME_SERIES","LOAD_FRAME|CONTROL|ARMOR_SUPPORT","HULL_INSTANCE_LEDGER_ONLY","FRONT_CANDIDATE","NEUTRAL_RESCUE_SOURCE_FORMATIONS","RESCUE_CRADLE|MEDICAL|TOW","CIVIL_SEARCH_AND_TOW_SAFETY_REQUIRE_PUBLIC_SERIES_FRAME","PROVISIONAL_MODEL_SLOT","PROPOSED_NONCANON_MAPPING","CANDIDATE_REVEAL_MATCHES_DEMAND","CANDIDATE_REQUIRES_CHASSIS_GATE","CANDIDATE_CRADLE_PROOF_IN_INDEX","CANDIDATE_COOLING_PROOF_IN_INDEX","- rescue, inspection, docking security and boarding defense.","- rescue, inspection, docking security and boarding defense."
"FD-019","BASE_MODEL_CANDIDATE","GA6_MEDICAL_TRANSFER_LIFE_SUPPORT","RECURRING_SUPPORT","NEUTRAL_PUBLIC","GA6_TO_GA10","MEDICAL_TRANSFER","M-019","docs/07_military/military-doctrine-and-force-structure-bible-v1.md:566","docs/07_military/military-doctrine-and-force-structure-bible-v1.md:566","PARENT_OR_EXISTING_LINEAGE_FROM_INDEX","PHASE1_SAMPLE_REQUIRES_CHASSIS_GATE","PROPOSED_LOAD_FRAME_PLUS_TWO_MAJOR_SYSTEMS","LOW_VOLUME_SERIES","LOAD_FRAME|COCKPIT_INTERFACE|ARMOR_SUPPORT","HULL_INSTANCE_LEDGER_ONLY","FRONT_CANDIDATE","NEU_MED_AND_JNT_ORP_SOURCES","MEDICAL_CRADLE|LIFE_SUPPORT|RECOVERY","CLINICAL_TRANSFER_AND_LIFE_SUPPORT_REQUIRE_DEDICATED_SERVICE_FRAME","PROVISIONAL_MODEL_SLOT","PROPOSED_NONCANON_MAPPING","CANDIDATE_REVEAL_MATCHES_DEMAND","CANDIDATE_REQUIRES_CHASSIS_GATE","CANDIDATE_CRADLE_PROOF_IN_INDEX","CANDIDATE_COOLING_PROOF_IN_INDEX","- rescue, inspection, docking security and boarding defense.","- rescue, inspection, docking security and boarding defense."
"FD-020","BASE_MODEL_CANDIDATE","NEUTRAL_ESCORT_INSPECTION_CORRIDOR","FACTION_SHARED","NEUTRAL_PUBLIC","GA5_TO_GA10","ESCORT_INSPECTION_CORRIDOR","M-020","docs/07_military/military-doctrine-and-force-structure-bible-v1.md:566","docs/07_military/military-doctrine-and-force-structure-bible-v1.md:566","PARENT_OR_EXISTING_LINEAGE_FROM_INDEX","PHASE1_SAMPLE_REQUIRES_CHASSIS_GATE","PROPOSED_LOAD_FRAME_PLUS_TWO_MAJOR_SYSTEMS","HIGH_VOLUME_SERIES","LOAD_FRAME|CONTROL|WEAPON_SUPPORT","HULL_INSTANCE_LEDGER_ONLY","BACKGROUND_MODEL","NEUTRAL_AND_ROUTE_SOURCE_FORMATIONS","STANDARD_CRADLE|INSPECTION|RECOVERY","INSPECTION_AUTHORITY_AND_ESCORT_ENDURANCE_REQUIRE_SERIES_FRAME","PROVISIONAL_MODEL_SLOT","PROPOSED_NONCANON_MAPPING","CANDIDATE_REVEAL_MATCHES_DEMAND","CANDIDATE_REQUIRES_CHASSIS_GATE","CANDIDATE_CRADLE_PROOF_IN_INDEX","CANDIDATE_COOLING_PROOF_IN_INDEX","- rescue, inspection, docking security and boarding defense.","- rescue, inspection, docking security and boarding defense."
"FD-021","BASE_MODEL_CANDIDATE","ERN_RESPONSE_ANCHOR_RECORD_RECOVERY","CORE_ANTAGONIST_RIVAL","FRONTIER_ROUTE","GA1_TO_GA7","RIVAL_RESPONSE_RECOVERY","M-021","docs/05_characters/enemy-ace-e001-bible-v1.md:113","docs/05_characters/enemy-ace-e001-bible-v1.md:113","PARENT_OR_EXISTING_LINEAGE_FROM_INDEX","PHASE1_SAMPLE_REQUIRES_CHASSIS_GATE","PROPOSED_LOAD_FRAME_PLUS_TWO_MAJOR_SYSTEMS","LIMITED_RUN","LOAD_FRAME|CONTROL|HEAT","HULL_INSTANCE_LEDGER_ONLY","FRONT_REQUIRED","IND_VRK_SOURCE_FORMATION","MODIFIED_CRADLE|SPARES|TOW","RECURRING_RIVAL_MODIFIED_INDUSTRIAL_LOAD_AND_RECOVERY_REQUIRE_DISTINCT_FRAME","PROVISIONAL_MODEL_SLOT","PROPOSED_NONCANON_MAPPING","CANDIDATE_REVEAL_MATCHES_DEMAND","CANDIDATE_REQUIRES_CHASSIS_GATE","CANDIDATE_CRADLE_PROOF_IN_INDEX","CANDIDATE_COOLING_PROOF_IN_INDEX","- modified industrial-response frame with narrow profile, multiple anchor limbs/cables, white heat-resistant work coating partly stripped.","- modified industrial-response frame with narrow profile, multiple anchor limbs/cables, white heat-resistant work coating partly stripped."
"FD-022","BASE_MODEL_CANDIDATE","FRONTIER_AMBUSH_EXTRACTION_ROUTE_DENIAL","FACTION_SHARED","FRONTIER_ROUTE","GA2_TO_GA7","AMBUSH_EXTRACTION_DENIAL","M-022","docs/07_military/military-doctrine-and-force-structure-bible-v1.md:526","docs/07_military/military-doctrine-and-force-structure-bible-v1.md:526","PARENT_OR_EXISTING_LINEAGE_FROM_INDEX","PHASE1_SAMPLE_REQUIRES_CHASSIS_GATE","PROPOSED_LOAD_FRAME_PLUS_TWO_MAJOR_SYSTEMS","HIGH_VOLUME_SERIES","LOAD_FRAME|PROPULSION|CONTROL","HULL_INSTANCE_LEDGER_ONLY","FRONT_CANDIDATE","INDEPENDENCE_ROUTE_SOURCE_FORMATIONS","FRONTIER_CRADLE|AMMUNITION|TOW","LOW_INFRASTRUCTURE_AMBUSH_AND_EXTRACTION_REQUIRE_FRONTIER_SERIES_FRAME","PROVISIONAL_MODEL_SLOT","PROPOSED_NONCANON_MAPPING","CANDIDATE_REVEAL_MATCHES_DEMAND","CANDIDATE_REQUIRES_CHASSIS_GATE","CANDIDATE_CRADLE_PROOF_IN_INDEX","CANDIDATE_COOLING_PROOF_IN_INDEX","- industrial conversion, close infrastructure combat, extraction and local defense.","- industrial conversion, close infrastructure combat, extraction and local defense."
"FD-023","BASE_MODEL_CANDIDATE","FRONTIER_SALVAGE_BREACH_EMERGENCY_TOW","RECURRING_SUPPORT","FRONTIER_ROUTE","GA5_TO_GA7","SALVAGE_BREACH_TOW","M-023","docs/07_military/military-doctrine-and-force-structure-bible-v1.md:526","docs/07_military/military-doctrine-and-force-structure-bible-v1.md:526","PARENT_OR_EXISTING_LINEAGE_FROM_INDEX","PHASE1_SAMPLE_REQUIRES_CHASSIS_GATE","PROPOSED_LOAD_FRAME_PLUS_TWO_MAJOR_SYSTEMS","LOW_VOLUME_SERIES","LOAD_FRAME|HEAT|ARMOR_SUPPORT","HULL_INSTANCE_LEDGER_ONLY","BACKGROUND_MODEL","INDEPENDENCE_ROUTE_SOURCE_FORMATIONS","HEAVY_TOW|SPARES|RECOVERY","SALVAGE_CUTTING_AND_HEAVY_TOW_REQUIRE_SERVICE_LOAD_FRAME","PROVISIONAL_MODEL_SLOT","PROPOSED_NONCANON_MAPPING","CANDIDATE_REVEAL_MATCHES_DEMAND","CANDIDATE_REQUIRES_CHASSIS_GATE","CANDIDATE_CRADLE_PROOF_IN_INDEX","CANDIDATE_COOLING_PROOF_IN_INDEX","- industrial conversion, close infrastructure combat, extraction and local defense.","- industrial conversion, close infrastructure combat, extraction and local defense."
"FD-024","BASE_MODEL_CANDIDATE","CONTINUITY_RAPID_RESPONSE_SEIZURE","CORE_ANTAGONIST_RIVAL","CONTINUITY_RECORD","GA4_TO_GA9","RAPID_RESPONSE_SEIZURE","M-024","docs/07_military/military-doctrine-and-force-structure-bible-v1.md:684","docs/07_military/military-doctrine-and-force-structure-bible-v1.md:684","PARENT_OR_EXISTING_LINEAGE_FROM_INDEX","PHASE1_SAMPLE_REQUIRES_CHASSIS_GATE","PROPOSED_LOAD_FRAME_PLUS_TWO_MAJOR_SYSTEMS","LIMITED_RUN","LOAD_FRAME|CONTROL|COCKPIT_INTERFACE","HULL_INSTANCE_LEDGER_ONLY","FRONT_CANDIDATE","CONTINUITY_SOURCE_FORMATIONS","SECURE_CRADLE|AUTHORITY|RECOVERY","AUTHENTICATED_SEIZURE_AND_CUSTODY_REQUIRE_DISTINCT_LIMITED_FRAME","PROVISIONAL_MODEL_SLOT","PROPOSED_NONCANON_MAPPING","CANDIDATE_REVEAL_MATCHES_DEMAND","CANDIDATE_REQUIRES_CHASSIS_GATE","CANDIDATE_CRADLE_PROOF_IN_INDEX","CANDIDATE_COOLING_PROOF_IN_INDEX","- networked point defense, rapid response, infrastructure seizure and controlled technical operations.","- networked point defense, rapid response, infrastructure seizure and controlled technical operations."
"FD-025","BASE_MODEL_CANDIDATE","PALIMPSEST_LOCAL_EXPLORATION_PROVENANCE","IMPORTANT_EXTRA","CONTINUITY_RECORD","GA8_TO_GA10","EXPLORATION_PROVENANCE","M-025","docs/07_military/grand-act-force-holdings-and-readiness-matrix-v1.md:402","docs/07_military/grand-act-force-holdings-and-readiness-matrix-v1.md:402","PARENT_OR_EXISTING_LINEAGE_FROM_INDEX","PHASE1_SAMPLE_REQUIRES_CHASSIS_GATE","PROPOSED_LOAD_FRAME_PLUS_TWO_MAJOR_SYSTEMS","HIGH_VOLUME_SERIES","LOAD_FRAME|CONTROL|COCKPIT_INTERFACE","HULL_INSTANCE_LEDGER_ONLY","BACKGROUND_MODEL","JNT_REC_LOCAL_AND_SOURCE_POOLS","LOCAL_CRADLE|PROVENANCE_TEAM|RECOVERY","LOCAL_PROVENANCE_AND_FIELD_SERVICE_REQUIRE_REGIONAL_SERIES_FRAME","PROVISIONAL_MODEL_SLOT","PROPOSED_NONCANON_MAPPING","CANDIDATE_REVEAL_MATCHES_DEMAND","CANDIDATE_REQUIRES_CHASSIS_GATE","CANDIDATE_CRADLE_PROOF_IN_INDEX","CANDIDATE_COOLING_PROOF_IN_INDEX","- 180–350 frames;","- 180–350 frames;"
"FD-026","BASE_MODEL_CANDIDATE","ARCHIVE_ISOLATION_COUNTER_INTERFACE","CORE_ANTAGONIST_RIVAL","CONTINUITY_RECORD","GA8_TO_GA9","ARCHIVE_ISOLATION_INTERFACE","M-026","docs/07_military/military-doctrine-and-force-structure-bible-v1.md:684","docs/07_military/military-doctrine-and-force-structure-bible-v1.md:684","PARENT_OR_EXISTING_LINEAGE_FROM_INDEX","PHASE1_SAMPLE_REQUIRES_CHASSIS_GATE","PROPOSED_LOAD_FRAME_PLUS_TWO_MAJOR_SYSTEMS","LIMITED_RUN","LOAD_FRAME|CONTROL|COCKPIT_INTERFACE","HULL_INSTANCE_LEDGER_ONLY","FRONT_CANDIDATE","JNT_REC_DECLARED_SOURCES","SECURE_CRADLE|DATA_CUSTODY|RECOVERY","SEALED_COUNTER_INTERFACE_AND_CUSTODY_REQUIRE_DISTINCT_LIMITED_FRAME","PROVISIONAL_MODEL_SLOT","PROPOSED_NONCANON_MAPPING","CANDIDATE_REVEAL_MATCHES_DEMAND","CANDIDATE_REQUIRES_CHASSIS_GATE","CANDIDATE_CRADLE_PROOF_IN_INDEX","CANDIDATE_COOLING_PROOF_IN_INDEX","- networked point defense, rapid response, infrastructure seizure and controlled technical operations.","- networked point defense, rapid response, infrastructure seizure and controlled technical operations."
"FD-027","BASE_REUSE_PROFILE","GA1_07_LOW_POWER_TRAINING","FACTION_SHARED","ACADEMY_CHARTER","GA1_TO_GA3","SENSOR_TAG_TRAINING","NONE_NEW_GAP","docs/05_characters/instructor-i001-field-bible-v1.md:15","docs/03_systems/academy-and-07-opening-operational-state-v1.md:306","M-001","REUSE_AS_07_LOW_POWER_SENSOR_TAG_TRAINING_PROFILE","NONE_REUSE_SUFFICIENT","INHERIT_FROM_HOST","NONE_NO_NEW_MODEL_CLAIM","HOST_HULL_LEDGER_ONLY","NO_NEW_MODEL_NAME","ACADEMY_TRAINING_SOURCE","FIRST_SHIP_PRIMARY_CRADLE_07_ONLY|MAINTAINERS|RECOVERY","REUSE_SUFFICIENT_NO_INDEPENDENT_MODEL","REUSE_PROFILE_NOT_NEW_MODEL","PROPOSED_NONCANON_MAPPING","PASS_HOST_AVAILABLE_BY_DEMAND_START","PASS_ROLE_OPERATION_HOST_MAPPING_REVIEWED","PASS_INHERIT_HOST_CRADLE_AND_CERTIFICATION","PASS_INHERIT_HOST_COOLING_AND_RECOVERY","Role: field-training instructor and student-cell deployment officer","- sensor/tag/low-power training engagement."
"FD-028","BASE_REUSE_PROFILE","GA2_HALL_RESCUE_ROUTE_EVIDENCE_SUPPORT","RECURRING_SUPPORT","FIRST_SHIP","GA2","RESCUE_ROUTE_EVIDENCE","NONE_NEW_GAP","docs/05_characters/ga2-first-ship-crew-bible-v1.md:31","docs/07_military/front-stage-formation-registry-and-loss-accounting-v1.md:95","M-001","REUSE_AS_HALL_RESCUE_ROUTE_EVIDENCE_SUPPORT_PROFILE","NONE_REUSE_SUFFICIENT","INHERIT_FROM_HOST","NONE_NO_NEW_MODEL_CLAIM","HOST_HULL_LEDGER_ONLY","NO_NEW_MODEL_NAME","JNT_HALL_02","FIRST_SHIP_PRIMARY_CRADLE_07_ONLY|MAINTAINERS|RECOVERY","REUSE_SUFFICIENT_NO_INDEPENDENT_MODEL","REUSE_PROFILE_NOT_NEW_MODEL","PROPOSED_NONCANON_MAPPING","PASS_HOST_AVAILABLE_BY_DEMAND_START","PASS_ROLE_OPERATION_HOST_MAPPING_REVIEWED","PASS_INHERIT_HOST_CRADLE_AND_CERTIFICATION","PASS_INHERIT_HOST_COOLING_AND_RECOVERY","| Security/flight/frame operations | 8 | 15 | 7–10 |","| JNT-HALL-02 | 파루스 Mission Trust | mobile | 1 | 0–3 attached | 07 + 0–8 | R1–R3 | rescue, route and evidence missions | ship becomes school/rescue institution after GA6 |"
"FD-029","BASE_REUSE_PROFILE","GA3_ARDIS_UTILITY_INFRASTRUCTURE_SCREEN","RECURRING_SUPPORT","ARDIS_LOCAL","GA3","UTILITY_INFRASTRUCTURE_SUPPORT","NONE_NEW_GAP","docs/05_characters/ga3-ardis-front-stage-local-cast-e236-260-v1.md:28","docs/10_story_architecture/detail/ga3-e271-277-episode-cards-v1.md:83","M-014","REUSE_AS_ARDIS_UTILITY_INFRASTRUCTURE_SUPPORT_PROFILE","NONE_REUSE_SUFFICIENT","INHERIT_FROM_HOST","NONE_NO_NEW_MODEL_CLAIM","HOST_HULL_LEDGER_ONLY","NO_NEW_MODEL_NAME","JNT_ARD_LOCAL_POOLS","WORK_CRADLE|TOOLS|TOW","REUSE_SUFFICIENT_NO_INDEPENDENT_MODEL","REUSE_PROFILE_NOT_NEW_MODEL","PROPOSED_NONCANON_MAPPING","PASS_HOST_AVAILABLE_BY_DEMAND_START","PASS_ROLE_OPERATION_HOST_MAPPING_REVIEWED","PASS_INHERIT_HOST_CRADLE_AND_CERTIFICATION","PASS_INHERIT_HOST_COOLING_AND_RECOVERY","- Anchor Crown senior shift coordinator / traffic-and-service operations lead.","2. **Frame truth** — 28 ready military/security frames include incompatible weapons, police limits and contract restrictions; 64 utility frames can rescue, tow, screen and hold infrastructure but are not free combat mass."
"FD-030","BASE_REUSE_PROFILE","GA3_LOCAL_UTILITY_EXTERIOR_INSPECTION","RECURRING_SUPPORT","ARDIS_LOCAL","GA3","UTILITY_INSPECTION","NONE_NEW_GAP","docs/05_characters/ga3-ardis-front-stage-local-cast-e236-260-v1.md:255","docs/10_story_architecture/detail/ga3-e315-323-episode-cards-v1.md:216","M-014","REUSE_AS_LOCAL_UTILITY_EXTERIOR_INSPECTION_PROFILE","NONE_REUSE_SUFFICIENT","INHERIT_FROM_HOST","NONE_NO_NEW_MODEL_CLAIM","HOST_HULL_LEDGER_ONLY","NO_NEW_MODEL_NAME","ARDIS_JOINT_DEFENSE_SOURCE_FORMATIONS","WORK_CRADLE|TOOLS|TOW","REUSE_SUFFICIENT_NO_INDEPENDENT_MODEL","REUSE_PROFILE_NOT_NEW_MODEL","PROPOSED_NONCANON_MAPPING","PASS_HOST_AVAILABLE_BY_DEMAND_START","PASS_ROLE_OPERATION_HOST_MAPPING_REVIEWED","PASS_INHERIT_HOST_CRADLE_AND_CERTIFICATION","PASS_INHERIT_HOST_COOLING_AND_RECOVERY","- local utility-frame lead and exterior inspection operator.","1. **Defense screen** — Imperial task group, 7 local/mixed cutters, local frigate/corvettes, Helix security, armed tugs and utility/rescue units receive separate lanes and withdrawal/mission conditions."
"FD-031","BASE_REUSE_PROFILE","GA4_CLAIMANT_HOUSE_ESCORT_SERIES","FACTION_SHARED","IMPERIAL","GA4","CLAIMANT_ESCORT_LINE","NONE_NEW_GAP","docs/05_characters/ga4-frontstage-claimants-bible-v1.md:28","docs/07_military/front-stage-formation-registry-and-loss-accounting-v1.md:44","M-005|M-009","REUSE_AS_CLAIMANT_MARKING_AND_AUTHORITY_PROFILE","NONE_REUSE_SUFFICIENT","INHERIT_FROM_HOST","NONE_NO_NEW_MODEL_CLAIM","HOST_HULL_LEDGER_ONLY","NO_NEW_MODEL_NAME","IMPERIAL_CLAIMANT_SOURCE_POOLS","FLEET_CRADLE|SUPPLY|RECOVERY","REUSE_SUFFICIENT_NO_INDEPENDENT_MODEL","REUSE_PROFILE_NOT_NEW_MODEL","PROPOSED_NONCANON_MAPPING","PASS_HOST_AVAILABLE_BY_DEMAND_START","PASS_ROLE_OPERATION_HOST_MAPPING_REVIEWED","PASS_INHERIT_HOST_CRADLE_AND_CERTIFICATION","PASS_INHERIT_HOST_COOLING_AND_RECOVERY","Public role before crisis: royal representative, diplomatic/education/patronage office or provincial liaison—not idle court ornament","| IMP-CG-01 | Continuity Guard | Crown Meridian | 42 | 28 | 210 | R4 | L0 protection, succession continuity | GA4 | splits under contradictory authentic orders |"
"FD-032","BASE_REUSE_PROFILE","GA4_HOSPITAL_FIRST_RESCUE_SCREEN","RECURRING_SUPPORT","NEUTRAL_PUBLIC","GA4_TO_GA6","HOSPITAL_CORRIDOR_RESCUE","NONE_NEW_GAP","docs/05_characters/ga4-final-compact-and-crown-reference-cast-e431-450-v1.md:65","docs/10_story_architecture/detail/ga4-e361-368-episode-cards-v1.md:183","M-018","REUSE_AS_HOSPITAL_CORRIDOR_RESCUE_PROFILE","NONE_REUSE_SUFFICIENT","INHERIT_FROM_HOST","NONE_NO_NEW_MODEL_CLAIM","HOST_HULL_LEDGER_ONLY","NO_NEW_MODEL_NAME","CIVIL_HOSPITAL_RESCUE_SOURCES","RESCUE_CRADLE|MEDICAL|TOW","REUSE_SUFFICIENT_NO_INDEPENDENT_MODEL","REUSE_PROFILE_NOT_NEW_MODEL","PROPOSED_NONCANON_MAPPING","PASS_HOST_AVAILABLE_BY_DEMAND_START","PASS_ROLE_OPERATION_HOST_MAPPING_REVIEWED","PASS_INHERIT_HOST_CRADLE_AND_CERTIFICATION","PASS_INHERIT_HOST_COOLING_AND_RECOVERY","- keep payroll, hospitals, courts and civil liability executable and make one accountable executive available when explicitly chosen.","4. **Revised screen** — Dor accepts one higher-risk but bounded hospital-first lane with additional rescue/physical watchers and keeps the remaining force freeze intact."
"FD-033","BASE_REUSE_PROFILE","GA4_SUCCESSION_COMPACT_DISTRIBUTED_COMMAND","RECURRING_SUPPORT","JOINT_COMMON","GA4_TO_GA5","DISTRIBUTED_COMMAND_RELAY","NONE_NEW_GAP","docs/05_characters/ga4-final-compact-and-crown-reference-cast-e431-450-v1.md:73","docs/07_military/front-stage-formation-registry-and-loss-accounting-v1.md:44","M-006","REUSE_AS_DISTRIBUTED_COMMAND_SOFTWARE_PROFILE","NONE_REUSE_SUFFICIENT","INHERIT_FROM_HOST","NONE_NO_NEW_MODEL_CLAIM","HOST_HULL_LEDGER_ONLY","NO_NEW_MODEL_NAME","DECLARED_COMPACT_SOURCE_FORMATIONS","COMMAND_LINK|ESCORT|RECOVERY","REUSE_SUFFICIENT_NO_INDEPENDENT_MODEL","REUSE_PROFILE_NOT_NEW_MODEL","PROPOSED_NONCANON_MAPPING","PASS_HOST_AVAILABLE_BY_DEMAND_START","PASS_ROLE_OPERATION_HOST_MAPPING_REVIEWED","PASS_INHERIT_HOST_CRADLE_AND_CERTIFICATION","PASS_INHERIT_HOST_COOLING_AND_RECOVERY","- retains current military ceasefire, force recognition and defense authority while armed conflict risk exists;","| IMP-CG-01 | Continuity Guard | Crown Meridian | 42 | 28 | 210 | R4 | L0 protection, succession continuity | GA4 | splits under contradictory authentic orders |"
"FD-034","EVIDENCE_HOLD","GA4_COLLAR_B_PHYSICAL_INSPECTION","RECURRING_SUPPORT","GA4_COLLAR_B","GA4","PHYSICAL_INSPECTION","NONE_NEW_GAP","docs/05_characters/ga4-pilot-parallel-governance-cast-e381-405-v1.md:16","docs/10_story_architecture/detail/ga4-e381-388-episode-cards-v1.md:118","HOLD_NO_DEPLOYED_HOST","HOLD_ROLE_OPERATION_SUPPORTED_HOST_UNPROVEN","HOLD_HOST_DEPLOYMENT_UNPROVEN","UNASSIGNED","HOLD_MECHANICAL_PROOF","HOLD_NO_HULL_STATUS","HOLD","HOLD","HOLD","ROLE_AND_OPERATION_EXIST_BUT_NO_FRAME_DEPLOYMENT_OR_COMPATIBLE_HOST_IS_PROVEN","EVIDENCE_HOLD_NOT_COUNTED","PROPOSED_NONCANON_HOLD","PASS_OPERATION_WITHIN_GA4","HOLD_HOST_FUNCTION","HOLD_CRADLE","HOLD_COOLING_RECOVERY","- GL-4 Collar B physical operations lead;","2. **Verification** — second direct sensor and manual inspection find a growing collar-brace shear crack; current safe loaded operation is rejected."
"FD-035","BASE_REUSE_PROFILE","GA5_OWNERLESS_FLEET_FORMATION_SCREEN","FACTION_SHARED","IMPERIAL_SOURCE","GA5_TO_GA10","FORMATION_SCREEN_CONTROLLED_RETREAT","NONE_NEW_GAP","docs/05_characters/ga5-fleet-commanders-and-crew-representatives-v1.md:52","docs/07_military/front-stage-formation-registry-and-loss-accounting-v1.md:98","M-005","REUSE_AS_OWNERLESS_FLEET_FORMATION_SCREEN_PROFILE","NONE_REUSE_SUFFICIENT","INHERIT_FROM_HOST","NONE_NO_NEW_MODEL_CLAIM","HOST_HULL_LEDGER_ONLY","NO_NEW_MODEL_NAME","JNT_FLT_DECLARED_IMPERIAL_SOURCES","FLEET_CRADLE|SUPPLY|RECOVERY","REUSE_SUFFICIENT_NO_INDEPENDENT_MODEL","REUSE_PROFILE_NOT_NEW_MODEL","PROPOSED_NONCANON_MAPPING","PASS_HOST_AVAILABLE_BY_DEMAND_START","PASS_ROLE_OPERATION_HOST_MAPPING_REVIEWED","PASS_INHERIT_HOST_CRADLE_AND_CERTIFICATION","PASS_INHERIT_HOST_COOLING_AND_RECOVERY","- fleet maneuver, readiness, officer trust, controlled aggression and disciplined retreat.","| JNT-FLT-05 | Common Fleet Mission Trust | dispersed | 90–240 | 120–330 | 700–1,800 | R1–R4 | GA5 ownerless fleet missions | command expires and assets return/split |"
"FD-036","BASE_REUSE_PROFILE","GA5_CARRIER_DECK_HANDLING_SERVICE","RECURRING_SUPPORT","JOINT_COMMON","GA5_TO_GA10","DECK_HANDLING_RECOVERY","NONE_NEW_GAP","docs/05_characters/ga5-tender-maintenance-rescue-cast-e476-500-v1.md:15","docs/07_military/front-stage-formation-registry-and-loss-accounting-v1.md:98","M-011|M-017|M-023","REUSE_AS_DECK_SERVICE_CONFIGURATION","NONE_REUSE_SUFFICIENT","INHERIT_FROM_HOST","NONE_NO_NEW_MODEL_CLAIM","HOST_HULL_LEDGER_ONLY","NO_NEW_MODEL_NAME","JNT_FLT_DECLARED_SOURCES","SERVICE_CRADLE|TOOLS|TOW","REUSE_SUFFICIENT_NO_INDEPENDENT_MODEL","REUSE_PROFILE_NOT_NEW_MODEL","PROPOSED_NONCANON_MAPPING","PASS_HOST_AVAILABLE_BY_DEMAND_START","PASS_ROLE_OPERATION_HOST_MAPPING_REVIEWED","PASS_INHERIT_HOST_CRADLE_AND_CERTIFICATION","PASS_INHERIT_HOST_COOLING_AND_RECOVERY","- hull technician aboard mobile tender `기워진 별` and elected shift/safety representative for one repair line.","| JNT-FLT-05 | Common Fleet Mission Trust | dispersed | 90–240 | 120–330 | 700–1,800 | R1–R4 | GA5 ownerless fleet missions | command expires and assets return/split |"
"FD-037","BASE_REUSE_PROFILE","GA5_MULTI_SOURCE_COMMAND_RELAY","RECURRING_SUPPORT","JOINT_COMMON","GA5_TO_GA10","MULTI_SOURCE_COMMAND_RELAY","NONE_NEW_GAP","docs/05_characters/ga5-fleet-commanders-and-crew-representatives-v1.md:78","docs/07_military/front-stage-formation-registry-and-loss-accounting-v1.md:98","M-006|M-017","REUSE_AS_EXPIRING_COMMAND_KEY_PROFILE","NONE_REUSE_SUFFICIENT","INHERIT_FROM_HOST","NONE_NO_NEW_MODEL_CLAIM","HOST_HULL_LEDGER_ONLY","NO_NEW_MODEL_NAME","JNT_FLT_DECLARED_SOURCES","COMMAND_LINK|ESCORT|RECOVERY","REUSE_SUFFICIENT_NO_INDEPENDENT_MODEL","REUSE_PROFILE_NOT_NEW_MODEL","PROPOSED_NONCANON_MAPPING","PASS_HOST_AVAILABLE_BY_DEMAND_START","PASS_ROLE_OPERATION_HOST_MAPPING_REVIEWED","PASS_INHERIT_HOST_CRADLE_AND_CERTIFICATION","PASS_INHERIT_HOST_COOLING_AND_RECOVERY","Role: elected/negotiated commander of several provincial squadrons","| JNT-FLT-05 | Common Fleet Mission Trust | dispersed | 90–240 | 120–330 | 700–1,800 | R1–R4 | GA5 ownerless fleet missions | command expires and assets return/split |"
"FD-038","BASE_REUSE_PROFILE","GA5_OUTER_FRONT_EIGHTH_SCREEN_DEFENSE","FACTION_SHARED","OUTER_FRONT","GA5_TO_GA6","LOCAL_DEFENSE_SCREEN","NONE_NEW_GAP","docs/05_characters/ga5-title-recall-crown-outerfront-cast-e501-525-v1.md:15","docs/07_military/operations/ga5-e501-525-title-recall-crown-outerfront-operation-state-v1.md:179","M-005","REUSE_AS_OUTER_FRONT_LOCAL_DEFENSE_SCREEN_PROFILE","NONE_REUSE_SUFFICIENT","INHERIT_FROM_HOST","NONE_NO_NEW_MODEL_CLAIM","HOST_HULL_LEDGER_ONLY","NO_NEW_MODEL_NAME","OUTER_FRONT_IMPERIAL_SOURCE","FLEET_CRADLE|SUPPLY|RECOVERY","REUSE_SUFFICIENT_NO_INDEPENDENT_MODEL","REUSE_PROFILE_NOT_NEW_MODEL","PROPOSED_NONCANON_MAPPING","PASS_HOST_AVAILABLE_BY_DEMAND_START","PASS_ROLE_OPERATION_HOST_MAPPING_REVIEWED","PASS_INHERIT_HOST_CRADLE_AND_CERTIFICATION","PASS_INHERIT_HOST_COOLING_AND_RECOVERY","- commander of Outer Front Eighth Screen and current locally recognized emergency defense administration.","- approximately 310 frames/craft."
"FD-039","BASE_REUSE_PROFILE","GA5_MOBILE_TENDER_REPAIR_RECOVERY","RECURRING_SUPPORT","MOBILE_TENDER","GA5_TO_GA7","TENDER_REPAIR_SERVICE","NONE_NEW_GAP","docs/05_characters/ga5-tender-maintenance-rescue-cast-e476-500-v1.md:47","docs/07_military/operations/ga5-e476-500-charter-tender-maintenance-pay-operation-state-v1.md:117","M-017","REUSE_AS_MOBILE_TENDER_REPAIR_RECOVERY_PROFILE","NONE_REUSE_SUFFICIENT","INHERIT_FROM_HOST","NONE_NO_NEW_MODEL_CLAIM","HOST_HULL_LEDGER_ONLY","NO_NEW_MODEL_NAME","MOBILE_TENDER_SOURCE","SERVICE_CRADLE|RELAY_PARTS|TOW","REUSE_SUFFICIENT_NO_INDEPENDENT_MODEL","REUSE_PROFILE_NOT_NEW_MODEL","PROPOSED_NONCANON_MAPPING","PASS_HOST_AVAILABLE_BY_DEMAND_START","PASS_ROLE_OPERATION_HOST_MAPPING_REVIEWED","PASS_INHERIT_HOST_CRADLE_AND_CERTIFICATION","PASS_INHERIT_HOST_COOLING_AND_RECOVERY","- civilian-military operations master of `기워진 별`.","- 3 support/rescue hulls regain service through linked work."
"FD-040","BASE_REUSE_PROFILE","GA6_EVACUATION_CORRIDOR_SHIELD_LINE","FACTION_SHARED","NEUTRAL_PUBLIC","GA6","EVACUATION_CORRIDOR_SHIELD","NONE_NEW_GAP","docs/05_characters/ga6-orpheus-decision-actors-v1.md:30","docs/07_military/front-stage-formation-registry-and-loss-accounting-v1.md:99","M-018|M-020","REUSE_AS_CORRIDOR_SHIELD_MISSION_PACKAGE","NONE_REUSE_SUFFICIENT","INHERIT_FROM_HOST","NONE_NO_NEW_MODEL_CLAIM","HOST_HULL_LEDGER_ONLY","NO_NEW_MODEL_NAME","JNT_ORP_DECLARED_SOURCES","RESCUE_CRADLE|MEDICAL|RECOVERY","REUSE_SUFFICIENT_NO_INDEPENDENT_MODEL","REUSE_PROFILE_NOT_NEW_MODEL","PROPOSED_NONCANON_MAPPING","PASS_HOST_AVAILABLE_BY_DEMAND_START","PASS_ROLE_OPERATION_HOST_MAPPING_REVIEWED","PASS_INHERIT_HOST_CRADLE_AND_CERTIFICATION","PASS_INHERIT_HOST_COOLING_AND_RECOVERY","- commander/coordinator of S-STATE military and institutional escort.","| JNT-ORP-06 | Orpheus Mixed Evacuation Command | Orpheus theater | 70–160 | 180–420 | 600–1,600 | R2–R4 | mixed evacuation and route allocation | dissolved after inquiry and survivor transfer |"
"FD-041","BASE_REUSE_PROFILE","GA6_STATE_CONTINUITY_EVACUATION_ESCORT","FACTION_SHARED","IMPERIAL","GA6","EVACUATION_ESCORT","NONE_NEW_GAP","docs/05_characters/ga6-orpheus-decision-actors-v1.md:30","docs/07_military/front-stage-formation-registry-and-loss-accounting-v1.md:51","M-005","REUSE_AS_STATE_CONTINUITY_EVACUATION_ESCORT_PROFILE","NONE_REUSE_SUFFICIENT","INHERIT_FROM_HOST","NONE_NO_NEW_MODEL_CLAIM","HOST_HULL_LEDGER_ONLY","NO_NEW_MODEL_NAME","IMP_OP_SOURCE","FLEET_CRADLE|SUPPLY|RECOVERY","REUSE_SUFFICIENT_NO_INDEPENDENT_MODEL","REUSE_PROFILE_NOT_NEW_MODEL","PROPOSED_NONCANON_MAPPING","PASS_HOST_AVAILABLE_BY_DEMAND_START","PASS_ROLE_OPERATION_HOST_MAPPING_REVIEWED","PASS_INHERIT_HOST_CRADLE_AND_CERTIFICATION","PASS_INHERIT_HOST_COOLING_AND_RECOVERY","- commander/coordinator of S-STATE military and institutional escort.","| IMP-OP-08 | Orpheus State Priority Group | Orpheus theater | 93 | 72 | 510 | R4 | state continuity evacuation | GA6 | survives materially but loses sole moral authority |"
"FD-042","BASE_REUSE_PROFILE","GA6_CIVILIAN_CONVOY_ESCORT_SERIES","FACTION_SHARED","NEUTRAL_PUBLIC","GA6_TO_GA10","CIVILIAN_CONVOY_ESCORT","NONE_NEW_GAP","docs/05_characters/ga6-orpheus-opening-decision-and-ordinary-cast-e571-595-v1.md:26","docs/07_military/front-stage-formation-registry-and-loss-accounting-v1.md:99","M-020","REUSE_AS_CONVOY_ESCORT_CONFIGURATION","NONE_REUSE_SUFFICIENT","INHERIT_FROM_HOST","NONE_NO_NEW_MODEL_CLAIM","HOST_HULL_LEDGER_ONLY","NO_NEW_MODEL_NAME","CIVILIAN_CONVOY_SOURCE_POOLS","STANDARD_CRADLE|INSPECTION|RECOVERY","REUSE_SUFFICIENT_NO_INDEPENDENT_MODEL","REUSE_PROFILE_NOT_NEW_MODEL","PROPOSED_NONCANON_MAPPING","PASS_HOST_AVAILABLE_BY_DEMAND_START","PASS_ROLE_OPERATION_HOST_MAPPING_REVIEWED","PASS_INHERIT_HOST_CRADLE_AND_CERTIFICATION","PASS_INHERIT_HOST_COOLING_AND_RECOVERY","- retains command of his accepted military/escort elements, not Orpheus as a whole.","| JNT-ORP-06 | Orpheus Mixed Evacuation Command | Orpheus theater | 70–160 | 180–420 | 600–1,600 | R2–R4 | mixed evacuation and route allocation | dissolved after inquiry and survivor transfer |"
"FD-043","BASE_REUSE_PROFILE","GA6_CLINICAL_CONTINUITY_TRANSFER","RECURRING_SUPPORT","CLINICAL_CONTINUITY","GA6_TO_GA10","PATIENT_TRANSFER_LIFE_SUPPORT","NONE_NEW_GAP","docs/05_characters/ga6-orpheus-decision-actors-v1.md:116","docs/07_military/front-stage-formation-registry-and-loss-accounting-v1.md:65","M-019","REUSE_AS_CLINICAL_PATIENT_TRANSFER_LIFE_SUPPORT_PROFILE","NONE_REUSE_SUFFICIENT","INHERIT_FROM_HOST","NONE_NO_NEW_MODEL_CLAIM","HOST_HULL_LEDGER_ONLY","NO_NEW_MODEL_NAME","HEL_MED_05","MEDICAL_CRADLE|LIFE_SUPPORT|RECOVERY","REUSE_SUFFICIENT_NO_INDEPENDENT_MODEL","REUSE_PROFILE_NOT_NEW_MODEL","PROPOSED_NONCANON_MAPPING","PASS_HOST_AVAILABLE_BY_DEMAND_START","PASS_ROLE_OPERATION_HOST_MAPPING_REVIEWED","PASS_INHERIT_HOST_CRADLE_AND_CERTIFICATION","PASS_INHERIT_HOST_COOLING_AND_RECOVERY","- senior civil/medical/Registry/Continuity official responsible for distributing state functions across smaller ships/nodes.","| HEL-MED-05 | Clinical Continuity Convoy | Glasswater/Lentz | 12 | 52 | 80 | R5 | medicine, patient transfer, clinical data | real benefit and coercive dependency in GA6/9 |"
"FD-044","BASE_REUSE_PROFILE","GA7_ROUTE_FEDERATION_CONVOY_MUTUAL_AID","FACTION_SHARED","ROUTE_FEDERATION","GA7_TO_GA10","CONVOY_ROUTE_SAFETY","NONE_NEW_GAP","docs/05_characters/ga7-route-war-leaders-v1.md:28","docs/07_military/front-stage-formation-registry-and-loss-accounting-v1.md:97","M-020","REUSE_AS_ROUTE_FEDERATION_CONVOY_SAFETY_PROFILE","NONE_REUSE_SUFFICIENT","INHERIT_FROM_HOST","NONE_NO_NEW_MODEL_CLAIM","HOST_HULL_LEDGER_ONLY","NO_NEW_MODEL_NAME","JNT_RTE_04","STANDARD_CRADLE|INSPECTION|RECOVERY","REUSE_SUFFICIENT_NO_INDEPENDENT_MODEL","REUSE_PROFILE_NOT_NEW_MODEL","PROPOSED_NONCANON_MAPPING","PASS_HOST_AVAILABLE_BY_DEMAND_START","PASS_ROLE_OPERATION_HOST_MAPPING_REVIEWED","PASS_INHERIT_HOST_CRADLE_AND_CERTIFICATION","PASS_INHERIT_HOST_COOLING_AND_RECOVERY","- elected/rotating federation convener responsible for member mandates, obligations and disputes.","| JNT-RTE-04 | Mutual Route Federation Wing | Doan Roads/Open Passage | 24–65 | 40–110 | 150–390 | R2–R4 | convoy and route mutual aid | Haren coordinates without permanent sole command |"
"FD-045","BASE_REUSE_PROFILE","GA7_RADICAL_ROUTE_DENIAL_COALITION","CORE_ANTAGONIST_RIVAL","FRONTIER_ROUTE","GA7","ROUTE_DENIAL","NONE_NEW_GAP","docs/05_characters/ga7-route-war-leaders-v1.md:132","docs/07_military/front-stage-formation-registry-and-loss-accounting-v1.md:52","M-022","REUSE_AS_RADICAL_ROUTE_DENIAL_PROFILE","NONE_REUSE_SUFFICIENT","INHERIT_FROM_HOST","NONE_NO_NEW_MODEL_CLAIM","HOST_HULL_LEDGER_ONLY","NO_NEW_MODEL_NAME","IMP_RD_09","FRONTIER_CRADLE|AMMUNITION|TOW","REUSE_SUFFICIENT_NO_INDEPENDENT_MODEL","REUSE_PROFILE_NOT_NEW_MODEL","PROPOSED_NONCANON_MAPPING","PASS_HOST_AVAILABLE_BY_DEMAND_START","PASS_ROLE_OPERATION_HOST_MAPPING_REVIEWED","PASS_INHERIT_HOST_CRADLE_AND_CERTIFICATION","PASS_INHERIT_HOST_COOLING_AND_RECOVERY","- commander/organizer of a radical denial coalition, possibly derived from E-001’s network, FC-005 front or a distinct survivor leader.","| IMP-RD-09 | Red Denial Fleet | Red Wake | 61 | 38 | 330 | R3 | route denial and insurgency suppression | GA7 | linked to Haren responsibility case |"
"FD-046","BASE_REUSE_PROFILE","GA7_ROUTE_RELAY_TRAFFIC_SUPPORT","RECURRING_SUPPORT","ROUTE_SERVICE","GA7_TO_GA10","RELAY_TRAFFIC_SERVICE","NONE_NEW_GAP","docs/05_characters/ga7-route-emergency-table-and-denial-cast-e691-715-v1.md:154","docs/07_military/front-stage-formation-registry-and-loss-accounting-v1.md:97","M-017","REUSE_AS_ROUTE_RELAY_TRAFFIC_SERVICE_PROFILE","NONE_REUSE_SUFFICIENT","INHERIT_FROM_HOST","NONE_NO_NEW_MODEL_CLAIM","HOST_HULL_LEDGER_ONLY","NO_NEW_MODEL_NAME","JNT_RTE_04","SERVICE_CRADLE|RELAY_PARTS|TOW","REUSE_SUFFICIENT_NO_INDEPENDENT_MODEL","REUSE_PROFILE_NOT_NEW_MODEL","PROPOSED_NONCANON_MAPPING","PASS_HOST_AVAILABLE_BY_DEMAND_START","PASS_ROLE_OPERATION_HOST_MAPPING_REVIEWED","PASS_INHERIT_HOST_CRADLE_AND_CERTIFICATION","PASS_INHERIT_HOST_COOLING_AND_RECOVERY","- damaged relay, thermal, traffic, receiving and habitat operators across participating and nonparticipating regions.","| JNT-RTE-04 | Mutual Route Federation Wing | Doan Roads/Open Passage | 24–65 | 40–110 | 150–390 | R2–R4 | convoy and route mutual aid | Haren coordinates without permanent sole command |"
"FD-047","BASE_REUSE_PROFILE","GA7_REPAIR_TRAFFIC_ESCORT_DECONFLICTION","RECURRING_SUPPORT","ROUTE_FEDERATION","GA7_TO_GA10","REPAIR_TRAFFIC_CORRIDOR_SAFETY","NONE_NEW_GAP","docs/05_characters/ga7-final-federation-live-test-cast-e791-800-v1.md:20","docs/07_military/front-stage-formation-registry-and-loss-accounting-v1.md:97","M-020","REUSE_AS_REPAIR_TRAFFIC_CORRIDOR_SAFETY_PROFILE","NONE_REUSE_SUFFICIENT","INHERIT_FROM_HOST","NONE_NO_NEW_MODEL_CLAIM","HOST_HULL_LEDGER_ONLY","NO_NEW_MODEL_NAME","JNT_RTE_04","STANDARD_CRADLE|INSPECTION|RECOVERY","REUSE_SUFFICIENT_NO_INDEPENDENT_MODEL","REUSE_PROFILE_NOT_NEW_MODEL","PROPOSED_NONCANON_MAPPING","PASS_HOST_AVAILABLE_BY_DEMAND_START","PASS_ROLE_OPERATION_HOST_MAPPING_REVIEWED","PASS_INHERIT_HOST_CRADLE_AND_CERTIFICATION","PASS_INHERIT_HOST_COOLING_AND_RECOVERY","- coordinates named participating escorts, repair traffic and approach volumes;","| JNT-RTE-04 | Mutual Route Federation Wing | Doan Roads/Open Passage | 24–65 | 40–110 | 150–390 | R2–R4 | convoy and route mutual aid | Haren coordinates without permanent sole command |"
"FD-048","BASE_REUSE_PROFILE","GA8_WITNESS_PROTECTION_ESCORT_LINE","FACTION_SHARED","CONTINUITY_RECORD","GA8_TO_GA10","WITNESS_PROTECTION_ESCORT","NONE_NEW_GAP","docs/05_characters/ga8-four-founding-histories-and-serrat-current-parties-e826-850-v1.md:21","docs/07_military/front-stage-formation-registry-and-loss-accounting-v1.md:78","M-020|M-024","REUSE_AS_WITNESS_CUSTODY_PROFILE","NONE_REUSE_SUFFICIENT","INHERIT_FROM_HOST","NONE_NO_NEW_MODEL_CLAIM","HOST_HULL_LEDGER_ONLY","NO_NEW_MODEL_NAME","JNT_REC_DECLARED_SOURCES","SECURE_CRADLE|DATA_CUSTODY|RECOVERY","REUSE_SUFFICIENT_NO_INDEPENDENT_MODEL","REUSE_PROFILE_NOT_NEW_MODEL","PROPOSED_NONCANON_MAPPING","PASS_HOST_AVAILABLE_BY_DEMAND_START","PASS_ROLE_OPERATION_HOST_MAPPING_REVIEWED","PASS_INHERIT_HOST_CRADLE_AND_CERTIFICATION","PASS_INHERIT_HOST_COOLING_AND_RECOVERY","- protection of persons and evidence.","| IND-FAR-07 | Far Witness Escort | Far Witness | 17 | 26 | 85 | R3 | testimony/evidence convoys | central to GA8 plural records |"
"FD-049","BASE_REUSE_PROFILE","GA8_ARCHIVE_SITE_TECHNICAL_CUSTODY","RECURRING_SUPPORT","CONTINUITY_RECORD","GA8_TO_GA10","ARCHIVE_INTERFACE_AND_CUSTODY","NONE_NEW_GAP","docs/05_characters/ga8-four-founding-histories-and-serrat-current-parties-e826-850-v1.md:83","docs/07_military/front-stage-formation-registry-and-loss-accounting-v1.md:53","M-026","REUSE_AS_ARCHIVE_SITE_TECHNICAL_CUSTODY_PROFILE","NONE_REUSE_SUFFICIENT","INHERIT_FROM_HOST","NONE_NO_NEW_MODEL_CLAIM","HOST_HULL_LEDGER_ONLY","NO_NEW_MODEL_NAME","IMP_PA_10","SECURE_CRADLE|DATA_CUSTODY|RECOVERY","REUSE_SUFFICIENT_NO_INDEPENDENT_MODEL","REUSE_PROFILE_NOT_NEW_MODEL","PROPOSED_NONCANON_MAPPING","PASS_HOST_AVAILABLE_BY_DEMAND_START","PASS_ROLE_OPERATION_HOST_MAPPING_REVIEWED","PASS_INHERIT_HOST_CRADLE_AND_CERTIFICATION","PASS_INHERIT_HOST_COOLING_AND_RECOVERY","- represents successor technical trusts, insurers and maintenance crews rather than one intact corporation.","| IMP-PA-10 | Palimpsest Recovery Command | Palimpsest | 48 | 55 | 220 | R3 | archive-site control and evidence custody | GA8 | dissolves into record/region-specific commands |"
"FD-050","BASE_REUSE_PROFILE","GA9_CONTINUITY_PROTECTION_RESPONSE","CORE_ANTAGONIST_RIVAL","CONTINUITY_REGIME","GA9","TECHNICAL_SECURITY_NODE_RESPONSE","NONE_NEW_GAP","docs/05_characters/ga9-preservation-regime-actors-v1.md:160","docs/07_military/grand-act-force-holdings-and-readiness-matrix-v1.md:430","M-024","REUSE_AS_CONTINUITY_TECHNICAL_SECURITY_RESPONSE_PROFILE","NONE_REUSE_SUFFICIENT","INHERIT_FROM_HOST","NONE_NO_NEW_MODEL_CLAIM","HOST_HULL_LEDGER_ONLY","NO_NEW_MODEL_NAME","CONTINUITY_PROTECTION_SOURCES","SECURE_CRADLE|AUTHORITY|RECOVERY","REUSE_SUFFICIENT_NO_INDEPENDENT_MODEL","REUSE_PROFILE_NOT_NEW_MODEL","PROPOSED_NONCANON_MAPPING","PASS_HOST_AVAILABLE_BY_DEMAND_START","PASS_ROLE_OPERATION_HOST_MAPPING_REVIEWED","PASS_INHERIT_HOST_CRADLE_AND_CERTIFICATION","PASS_INHERIT_HOST_COOLING_AND_RECOVERY","- commander of Continuity protection forces / former fleet/protector officer responsible for nodes, mirrors, corridors and forced stabilization.","- technical/security frames, boarding and node teams;"
"FD-051","BASE_REUSE_PROFILE","GA9_OPT_OUT_CORRIDOR_DEFENSE_LINE","FACTION_SHARED","FRONTIER_ROUTE","GA9_TO_GA10","OPT_OUT_CORRIDOR_DEFENSE","NONE_NEW_GAP","docs/05_characters/ga9-current-standing-diversity-affected-and-command-cast-e926-950-v1.md:26","docs/07_military/grand-act-force-holdings-and-readiness-matrix-v1.md:446","M-015|M-022","REUSE_AS_OPT_OUT_AUTHORITY_PROFILE","NONE_REUSE_SUFFICIENT","INHERIT_FROM_HOST","NONE_NO_NEW_MODEL_CLAIM","HOST_HULL_LEDGER_ONLY","NO_NEW_MODEL_NAME","OPT_OUT_CORRIDOR_SOURCE_FORMATIONS","FRONTIER_CRADLE|AMMUNITION|TOW","REUSE_SUFFICIENT_NO_INDEPENDENT_MODEL","REUSE_PROFILE_NOT_NEW_MODEL","PROPOSED_NONCANON_MAPPING","PASS_HOST_AVAILABLE_BY_DEMAND_START","PASS_ROLE_OPERATION_HOST_MAPPING_REVIEWED","PASS_INHERIT_HOST_CRADLE_AND_CERTIFICATION","PASS_INHERIT_HOST_COOLING_AND_RECOVERY","- commands accepted defense assets during four-corridor attack;","- 20–40 combat ships and strong local denial."
"FD-052","BASE_REUSE_PROFILE","GA10_DEMOBILIZED_PILOT_CIVILIAN_SERVICE_CONVERSION","IMPORTANT_EXTRA","OPEN_SERVICE","GA10","CIVILIAN_SERVICE_TRAINING_CONVERSION","NONE_NEW_GAP","docs/05_characters/later-act-ordinary-focal-roster-v1.md:694","docs/10_story_architecture/ga10-episodes-1001-1100-act-map-v1.md:665","M-002|M-003|M-004","REUSE_AS_CIVILIAN_CERTIFICATION_AND_SERVICE_TRAINING_CONFIGURATION","NONE_REUSE_SUFFICIENT","INHERIT_FROM_HOST","NONE_NO_NEW_MODEL_CLAIM","HOST_HULL_LEDGER_ONLY","NO_NEW_MODEL_NAME","REGIONAL_TRANSITION_INSTITUTIONS","SERVICE_CRADLE|TOOLS|RECOVERY","REUSE_SUFFICIENT_NO_INDEPENDENT_MODEL","REUSE_PROFILE_NOT_NEW_MODEL","PROPOSED_NONCANON_MAPPING","PASS_HOST_AVAILABLE_BY_DEMAND_START","PASS_ROLE_OPERATION_HOST_MAPPING_REVIEWED","PASS_INHERIT_HOST_CRADLE_AND_CERTIFICATION","PASS_INHERIT_HOST_COOLING_AND_RECOVERY","- demobilized frame pilot seeking civilian certification and treatment.","- E1076–1082: aftermath rescue/demobilization rather than final boss repetition."
"FD-053","CONDITIONAL_HOLD","AXIOM_SEPARATE_LEGACY_MACHINE","PROTAGONIST","LEGACY_HOLD","HOLD","HOLD","M-027","HOLD_AUTHOR_DECISION","HOLD","M-001_TO_M-026_REUSE_FIRST","CONDITIONAL_UNPROVEN","HOLD_REUSE_FAILURE_NOT_PROVEN","UNASSIGNED","HOLD_MECHANICAL_PROOF","HOLD_NO_HULL_STATUS","HOLD","HOLD","HOLD","REQUIRES_AUTHOR_APPROVED_PILOT_STORY_WINDOW_SUPPORT_ECOLOGY_AND_CHASSIS_GATE","CONDITIONAL_NOT_COUNTED","PROPOSED_NONCANON_HOLD","HOLD_CHRONOLOGY","HOLD_FUNCTION","HOLD_CRADLE","HOLD_COOLING_RECOVERY","HOLD","HOLD"
"FD-054","CONDITIONAL_HOLD","UNNAMED_TRUE_SUCCESSOR_RESERVE","PROTAGONIST","LEGACY_HOLD","HOLD","HOLD","M-028","HOLD_AUTHOR_DECISION","HOLD","M-027_PREDECESSOR_APPROVAL_REQUIRED","CONDITIONAL_UNPROVEN","HOLD_REUSE_FAILURE_NOT_PROVEN","UNASSIGNED","HOLD_MECHANICAL_PROOF","HOLD_NO_HULL_STATUS","HOLD","HOLD","HOLD","REQUIRES_APPROVED_PREDECESSOR_RELATION_NEW_CHASSIS_AND_INDEPENDENT_LOSS_PATH","CONDITIONAL_NOT_COUNTED","PROPOSED_NONCANON_HOLD","HOLD_CHRONOLOGY","HOLD_FUNCTION","HOLD_CRADLE","HOLD_COOLING_RECOVERY","HOLD","HOLD"
"FD-055","CONDITIONAL_HOLD","LATE_ANTAGONIST_ACE_ROLE_GAP","CORE_ANTAGONIST_RIVAL","HOLD","HOLD_GA8_TO_GA10","HOLD","NONE","HOLD_AUTHOR_DECISION","HOLD","OPENS_ONLY_IF_LATE_ANTAGONIST_CANNOT_REUSE_FD024_FD026_FD038_FD041_FD045_OR_FD050","CONDITIONAL_UNPROVEN","HOLD_REUSE_FAILURE_NOT_PROVEN","UNASSIGNED","HOLD_MECHANICAL_PROOF","HOLD_NO_HULL_STATUS","HOLD","HOLD","HOLD","OPENS_ONLY_IF_LATE_ANTAGONIST_CANNOT_REUSE_FD024_FD026_FD038_FD041_FD045_OR_FD050","CONDITIONAL_NOT_COUNTED","PROPOSED_NONCANON_HOLD","HOLD_CHRONOLOGY","HOLD_FUNCTION","HOLD_CRADLE","HOLD_COOLING_RECOVERY","HOLD","HOLD"
"FD-056","CONDITIONAL_HOLD","LATE_ALLIED_SUCCESSOR_ROLE_GAP","CORE_ALLY","HOLD","HOLD_GA8_TO_GA10","HOLD","NONE","HOLD_AUTHOR_DECISION","HOLD","OPENS_ONLY_IF_APPROVED_ALLIED_ROLE_CANNOT_USE_EXISTING_SERIES_OR_SERVICE_FRAME","CONDITIONAL_UNPROVEN","HOLD_REUSE_FAILURE_NOT_PROVEN","UNASSIGNED","HOLD_MECHANICAL_PROOF","HOLD_NO_HULL_STATUS","HOLD","HOLD","HOLD","OPENS_ONLY_IF_APPROVED_ALLIED_ROLE_CANNOT_USE_EXISTING_SERIES_OR_SERVICE_FRAME","CONDITIONAL_NOT_COUNTED","PROPOSED_NONCANON_HOLD","HOLD_CHRONOLOGY","HOLD_FUNCTION","HOLD_CRADLE","HOLD_COOLING_RECOVERY","HOLD","HOLD"
"FD-057","CONDITIONAL_HOLD","UNREPRESENTED_REGIONAL_ENVIRONMENT_GAP","IMPORTANT_EXTRA","HOLD","HOLD","HOLD","NONE","HOLD_AUTHOR_DECISION","HOLD","OPENS_ONLY_IF_ADAPTATION_PROFILE_CANNOT_SOLVE_PROVEN_LOAD_FRAME_ENVIRONMENT_CONFLICT","CONDITIONAL_UNPROVEN","HOLD_REUSE_FAILURE_NOT_PROVEN","UNASSIGNED","HOLD_MECHANICAL_PROOF","HOLD_NO_HULL_STATUS","HOLD","HOLD","HOLD","OPENS_ONLY_IF_ADAPTATION_PROFILE_CANNOT_SOLVE_PROVEN_LOAD_FRAME_ENVIRONMENT_CONFLICT","CONDITIONAL_NOT_COUNTED","PROPOSED_NONCANON_HOLD","HOLD_CHRONOLOGY","HOLD_FUNCTION","HOLD_CRADLE","HOLD_COOLING_RECOVERY","HOLD","HOLD"
"FD-058","CONDITIONAL_HOLD","UNREPRESENTED_SERVICE_INDUSTRIAL_GAP","RECURRING_SUPPORT","HOLD","HOLD","HOLD","NONE","HOLD_AUTHOR_DECISION","HOLD","OPENS_ONLY_IF_RECURRING_SERVICE_ROLE_CANNOT_REUSE_ANY_FD003_FD004_FD011_FD014_FD017_FD018_FD019_FD023_FD032_FD036_FD039_FD043_FD047_FD049_OR_FD052","CONDITIONAL_UNPROVEN","HOLD_REUSE_FAILURE_NOT_PROVEN","UNASSIGNED","HOLD_MECHANICAL_PROOF","HOLD_NO_HULL_STATUS","HOLD","HOLD","HOLD","OPENS_ONLY_IF_RECURRING_SERVICE_ROLE_CANNOT_REUSE_ANY_FD003_FD004_FD011_FD014_FD017_FD018_FD019_FD023_FD032_FD036_FD039_FD043_FD047_FD049_OR_FD052","CONDITIONAL_NOT_COUNTED","PROPOSED_NONCANON_HOLD","HOLD_CHRONOLOGY","HOLD_FUNCTION","HOLD_CRADLE","HOLD_COOLING_RECOVERY","HOLD","HOLD"
